Using pre-set license
Built from '6000.0/staging' branch; Version is '6000.0.56f1 (9c7b5e468860) revision 10255198'; Using compiler version '193933523'; Build Type 'Release'
OS: 'Windows 10  (10.0.19045) 64bit Professional' Language: 'ko' Physical Memory: 16251 MB
BatchMode: 1, IsHumanControllingUs: 0, StartBugReporterOnCrash: 0, Is64bit: 1
Date: 2025-10-02T00:16:47Z

COMMAND LINE ARGUMENTS:
C:\Program Files\Unity\Hub\Editor\6000.0.56f1\Editor\Unity.exe
-adb2
-batchMode
-noUpm
-name
AssetImportWorker0
-projectPath
D:/UNITY/BlackCatplatFormer
-logFile
Logs/AssetImportWorker0.log
-srvPort
50563
-job-worker-count
7
-background-job-worker-count
8
-gc-helper-count
1
-name
AssetImport
Successfully changed project path to: D:/UNITY/BlackCatplatFormer
D:/UNITY/BlackCatplatFormer
[UnityMemory] Configuration Parameters - Can be set up in boot.config
    "memorysetup-bucket-allocator-granularity=16"
    "memorysetup-bucket-allocator-bucket-count=8"
    "memorysetup-bucket-allocator-block-size=33554432"
    "memorysetup-bucket-allocator-block-count=8"
    "memorysetup-main-allocator-block-size=16777216"
    "memorysetup-thread-allocator-block-size=16777216"
    "memorysetup-gfx-main-allocator-block-size=16777216"
    "memorysetup-gfx-thread-allocator-block-size=16777216"
    "memorysetup-cache-allocator-block-size=4194304"
    "memorysetup-typetree-allocator-block-size=2097152"
    "memorysetup-profiler-bucket-allocator-granularity=16"
    "memorysetup-profiler-bucket-allocator-bucket-count=8"
    "memorysetup-profiler-bucket-allocator-block-size=33554432"
    "memorysetup-profiler-bucket-allocator-block-count=8"
    "memorysetup-profiler-allocator-block-size=16777216"
    "memorysetup-profiler-editor-allocator-block-size=1048576"
    "memorysetup-temp-allocator-size-main=16777216"
    "memorysetup-job-temp-allocator-block-size=2097152"
    "memorysetup-job-temp-allocator-block-size-background=1048576"
    "memorysetup-job-temp-allocator-reduction-small-platforms=262144"
    "memorysetup-allocator-temp-initial-block-size-main=262144"
    "memorysetup-allocator-temp-initial-block-size-worker=262144"
    "memorysetup-temp-allocator-size-background-worker=32768"
    "memorysetup-temp-allocator-size-job-worker=262144"
    "memorysetup-temp-allocator-size-preload-manager=33554432"
    "memorysetup-temp-allocator-size-nav-mesh-worker=65536"
    "memorysetup-temp-allocator-size-audio-worker=65536"
    "memorysetup-temp-allocator-size-cloud-worker=32768"
    "memorysetup-temp-allocator-size-gi-baking-worker=262144"
    "memorysetup-temp-allocator-size-gi-baking-worker=262144"
    "memorysetup-temp-allocator-size-gi-baking-worker=262144"
    "memorysetup-temp-allocator-size-gi-baking-worker=262144"
    "memorysetup-temp-allocator-size-gi-baking-worker=262144"
    "memorysetup-temp-allocator-size-gfx=262144"
Player connection [8800]  Target information:

Player connection [8800]  * "[IP] 192.168.0.103 [Port] 0 [Flags] 2 [Guid] 1701333728 [EditorId] 1701333728 [Version] 1048832 [Id] WindowsEditor(7,DESKTOP-F1OUTT2) [Debug] 1 [PackageName] WindowsEditor [ProjectName] Editor" 

Player connection [8800] Host joined multi-casting on [225.0.0.222:54997]...
Player connection [8800] Host joined alternative multi-casting on [225.0.0.222:34997]...
JobSystem: Creating JobQueue using job-worker-count value 7
Input System module state changed to: Initialized.
[Physics::Module] Initialized fallback backend.
[Physics::Module] Id: 0xdecafbad
Library Redirect Path: Library/
[Physics::Module] Selected backend.
[Physics::Module] Name: PhysX
[Physics::Module] Id: 0xf2b8ea05
[Physics::Module] SDK Version: 4.1.2
[Physics::Module] Integration Version: 1.0.0
[Physics::Module] Threading Mode: Multi-Threaded
Refreshing native plugins compatible for Editor in 1.29 ms, found 4 plugins.
Preloading 0 native plugins for Editor in 0.00 ms.
Initialize engine version: 6000.0.56f1 (9c7b5e468860)
[Subsystems] Discovering subsystems at path C:/Program Files/Unity/Hub/Editor/6000.0.56f1/Editor/Data/Resources/UnitySubsystems
[Subsystems] Discovering subsystems at path D:/UNITY/BlackCatplatFormer/Assets
GfxDevice: creating device client; kGfxThreadingModeNonThreaded
Direct3D:
    Version:  Direct3D 11.0 [level 11.1]
    Renderer: NVIDIA GeForce GTX 1660 SUPER (ID=0x21c4)
    Vendor:   NVIDIA
    VRAM:     5966 MB
    Driver:   32.0.15.6094
Initialize mono
Mono path[0] = 'C:/Program Files/Unity/Hub/Editor/6000.0.56f1/Editor/Data/Managed'
Mono path[1] = 'C:/Program Files/Unity/Hub/Editor/6000.0.56f1/Editor/Data/MonoBleedingEdge/lib/mono/unityjit-win32'
Mono config path = 'C:/Program Files/Unity/Hub/Editor/6000.0.56f1/Editor/Data/MonoBleedingEdge/etc'
Using monoOptions --debugger-agent=transport=dt_socket,embedding=1,server=y,suspend=n,address=127.0.0.1:56120
Begin MonoManager ReloadAssembly
Registering precompiled unity dll's ...
Register platform support module: C:/Program Files/Unity/Hub/Editor/6000.0.56f1/Editor/Data/PlaybackEngines/WindowsStandaloneSupport/UnityEditor.WindowsStandalone.Extensions.dll
Registered in 0.001957 seconds.
- Loaded All Assemblies, in  0.311 seconds
Native extension for WindowsStandalone target not found
Mono: successfully reloaded assembly
- Finished resetting the current domain, in  0.259 seconds
Domain Reload Profiling: 569ms
	BeginReloadAssembly (107ms)
		ExecutionOrderSort (0ms)
		DisableScriptedObjects (0ms)
		BackupInstance (0ms)
		ReleaseScriptingObjects (0ms)
		CreateAndSetChildDomain (1ms)
	RebuildCommonClasses (29ms)
	RebuildNativeTypeToScriptingClass (10ms)
	initialDomainReloadingComplete (38ms)
	LoadAllAssembliesAndSetupDomain (125ms)
		LoadAssemblies (105ms)
		RebuildTransferFunctionScriptingTraits (0ms)
		AnalyzeDomain (123ms)
			TypeCache.Refresh (122ms)
				TypeCache.ScanAssembly (111ms)
			BuildScriptInfoCaches (0ms)
			ResolveRequiredComponents (0ms)
	FinalizeReload (260ms)
		ReleaseScriptCaches (0ms)
		RebuildScriptCaches (0ms)
		SetupLoadedEditorAssemblies (231ms)
			LogAssemblyErrors (0ms)
			InitializePlatformSupportModulesInManaged (22ms)
			SetLoadedEditorAssemblies (4ms)
			BeforeProcessingInitializeOnLoad (48ms)
			ProcessInitializeOnLoadAttributes (114ms)
			ProcessInitializeOnLoadMethodAttributes (44ms)
			AfterProcessingInitializeOnLoad (0ms)
			EditorAssembliesLoaded (0ms)
		ExecutionOrderSort2 (0ms)
		AwakeInstancesAfterBackupRestoration (0ms)
========================================================================
Worker process is ready to serve import requests
Import Worker Mode flag is 0x00
Begin MonoManager ReloadAssembly
- Loaded All Assemblies, in  0.651 seconds
Refreshing native plugins compatible for Editor in 0.84 ms, found 4 plugins.
Native extension for WindowsStandalone target not found
Package Manager log level set to [2]
[Package Manager] Failed to launch server process. Reason: Unity was launched with the -noUpm command-line argument
[Package Manager] Unable to send message (not connected to server process).
[Package Manager] Cannot connect to Unity Package Manager local server
Mono: successfully reloaded assembly
- Finished resetting the current domain, in  0.631 seconds
Domain Reload Profiling: 1279ms
	BeginReloadAssembly (150ms)
		ExecutionOrderSort (0ms)
		DisableScriptedObjects (5ms)
		BackupInstance (0ms)
		ReleaseScriptingObjects (0ms)
		CreateAndSetChildDomain (27ms)
	RebuildCommonClasses (30ms)
	RebuildNativeTypeToScriptingClass (9ms)
	initialDomainReloadingComplete (32ms)
	LoadAllAssembliesAndSetupDomain (427ms)
		LoadAssemblies (290ms)
		RebuildTransferFunctionScriptingTraits (0ms)
		AnalyzeDomain (219ms)
			TypeCache.Refresh (161ms)
				TypeCache.ScanAssembly (147ms)
			BuildScriptInfoCaches (47ms)
			ResolveRequiredComponents (8ms)
	FinalizeReload (631ms)
		ReleaseScriptCaches (0ms)
		RebuildScriptCaches (0ms)
		SetupLoadedEditorAssemblies (505ms)
			LogAssemblyErrors (0ms)
			InitializePlatformSupportModulesInManaged (3ms)
			SetLoadedEditorAssemblies (4ms)
			BeforeProcessingInitializeOnLoad (98ms)
			ProcessInitializeOnLoadAttributes (301ms)
			ProcessInitializeOnLoadMethodAttributes (96ms)
			AfterProcessingInitializeOnLoad (3ms)
			EditorAssembliesLoaded (0ms)
		ExecutionOrderSort2 (0ms)
		AwakeInstancesAfterBackupRestoration (5ms)
Launched and connected shader compiler UnityShaderCompiler.exe after 0.01 seconds
Refreshing native plugins compatible for Editor in 0.89 ms, found 4 plugins.
Preloading 0 native plugins for Editor in 0.00 ms.
Unloading 34 Unused Serialized files (Serialized files now loaded: 0)
Unloading 6814 unused Assets / (6.5 MB). Loaded Objects now: 7496.
Memory consumption went from 156.4 MB to 150.0 MB.
Total: 11.240900 ms (FindLiveObjects: 0.826100 ms CreateObjectMapping: 0.744800 ms MarkObjects: 4.085600 ms  DeleteObjects: 5.582600 ms)

========================================================================
Received Import Request.
  Time since last request: 335923.201975 seconds.
  path: Assets/UnitystoreAssets/Cave Platformer Tileset/Individual PNG files/Tileset/bg_cave_blueish_32x16
  artifactKey: Guid(e4e1ee22b3434a34f80fe487e2f34d26) Importer(815301076,1909f56bfc062723c751e8b465ee728b)
Start importing Assets/UnitystoreAssets/Cave Platformer Tileset/Individual PNG files/Tileset/bg_cave_blueish_32x16 using Guid(e4e1ee22b3434a34f80fe487e2f34d26) Importer(815301076,1909f56bfc062723c751e8b465ee728b) (PreviewImporter) -> (artifact id: 'cb8e5170ee969bd16cd748cc2825df20') in 0.0046146 seconds
Number of updated asset objects reloaded before import = 0Number of asset objects unloaded after import = 0

========================================================================
Received Import Request.
  Time since last request: 0.000015 seconds.
  path: Assets/UnitystoreAssets/Cainos/Pixel Art Platformer - Village Props/Tileset Palette/TP Ground/TX Tileset Ground_101.asset
  artifactKey: Guid(3bad9877dc168834790ebde5db019c0f) Importer(815301076,1909f56bfc062723c751e8b465ee728b)
Start importing Assets/UnitystoreAssets/Cainos/Pixel Art Platformer - Village Props/Tileset Palette/TP Ground/TX Tileset Ground_101.asset using Guid(3bad9877dc168834790ebde5db019c0f) Importer(815301076,1909f56bfc062723c751e8b465ee728b) (PreviewImporter) -> (artifact id: '3fb827100d5ab164bd7984c871b26074') in 0.0715573 seconds
Number of updated asset objects reloaded before import = 0Number of asset objects unloaded after import = 3

========================================================================
Received Import Request.
  Time since last request: 0.000022 seconds.
  path: Assets/UnitystoreAssets/Cave Platformer Tileset/Monster sprite sheets
  artifactKey: Guid(6ef767095095f8848a3bd23030d1c070) Importer(815301076,1909f56bfc062723c751e8b465ee728b)
Start importing Assets/UnitystoreAssets/Cave Platformer Tileset/Monster sprite sheets using Guid(6ef767095095f8848a3bd23030d1c070) Importer(815301076,1909f56bfc062723c751e8b465ee728b) (PreviewImporter) -> (artifact id: '1473f65d8c029392c8d9cb006e6ff613') in 0.0005539 seconds
Number of updated asset objects reloaded before import = 0Number of asset objects unloaded after import = 0

========================================================================
Received Import Request.
  Time since last request: 0.000015 seconds.
  path: Assets/Sprites/mainlev_build_330.asset
  artifactKey: Guid(7d1399ff72541de4caca5788cb6c4ea6) Importer(815301076,1909f56bfc062723c751e8b465ee728b)
Start importing Assets/Sprites/mainlev_build_330.asset using Guid(7d1399ff72541de4caca5788cb6c4ea6) Importer(815301076,1909f56bfc062723c751e8b465ee728b) (PreviewImporter) -> (artifact id: '239dc609e9d2a83c13373df3ad79701a') in 0.0133461 seconds
Number of updated asset objects reloaded before import = 0Number of asset objects unloaded after import = 3

========================================================================
Received Import Request.
  Time since last request: 0.000015 seconds.
  path: Assets/UnitystoreAssets/Cainos/Pixel Art Platformer - Village Props/Animation/Chest Silver/AM Chest Silver - Close.anim
  artifactKey: Guid(abf606119d148d8418d0735c44d03e8a) Importer(815301076,1909f56bfc062723c751e8b465ee728b)
Start importing Assets/UnitystoreAssets/Cainos/Pixel Art Platformer - Village Props/Animation/Chest Silver/AM Chest Silver - Close.anim using Guid(abf606119d148d8418d0735c44d03e8a) Importer(815301076,1909f56bfc062723c751e8b465ee728b) (PreviewImporter) -> (artifact id: '8e0fe7b8c801c65f125309ff95a5ed44') in 0.0015055 seconds
Number of updated asset objects reloaded before import = 0Number of asset objects unloaded after import = 1

========================================================================
Received Import Request.
  Time since last request: 0.000015 seconds.
  path: Assets/UnitystoreAssets/Cave Platformer Tileset/Individual PNG files/Tileset/trees-trunk-dark/trees-trunk-dark-15.png
  artifactKey: Guid(88d52995643e1ea41844332807364fdd) Importer(815301076,1909f56bfc062723c751e8b465ee728b)
Start importing Assets/UnitystoreAssets/Cave Platformer Tileset/Individual PNG files/Tileset/trees-trunk-dark/trees-trunk-dark-15.png using Guid(88d52995643e1ea41844332807364fdd) Importer(815301076,1909f56bfc062723c751e8b465ee728b) (PreviewImporter) -> (artifact id: '0930bf5ab4d0bdc39bc1b984675abd20') in 0.0260424 seconds
Number of updated asset objects reloaded before import = 0Number of asset objects unloaded after import = 3

========================================================================
Received Import Request.
  Time since last request: 0.000018 seconds.
  path: Assets/UnitystoreAssets/Cave Platformer Tileset/Individual PNG files/Tileset/trees-trunk-grey/trees-trunk-grey-26.png
  artifactKey: Guid(8faafe98fd356a74a9bf20d2a9e3594f) Importer(815301076,1909f56bfc062723c751e8b465ee728b)
Start importing Assets/UnitystoreAssets/Cave Platformer Tileset/Individual PNG files/Tileset/trees-trunk-grey/trees-trunk-grey-26.png using Guid(8faafe98fd356a74a9bf20d2a9e3594f) Importer(815301076,1909f56bfc062723c751e8b465ee728b) (PreviewImporter) -> (artifact id: '99ee1174be5ca47410d1eb7fe98d8b73') in 0.0134929 seconds
Number of updated asset objects reloaded before import = 0Number of asset objects unloaded after import = 3

========================================================================
Received Import Request.
  Time since last request: 0.000022 seconds.
  path: Assets/UnitystoreAssets/Cave Platformer Tileset/Individual PNG files/Tileset/objects_bigchest_animated/objects_bigchest_animated_7.png
  artifactKey: Guid(3cb9a87624896d24c8156ee3df07dbef) Importer(815301076,1909f56bfc062723c751e8b465ee728b)
Start importing Assets/UnitystoreAssets/Cave Platformer Tileset/Individual PNG files/Tileset/objects_bigchest_animated/objects_bigchest_animated_7.png using Guid(3cb9a87624896d24c8156ee3df07dbef) Importer(815301076,1909f56bfc062723c751e8b465ee728b) (PreviewImporter) -> (artifact id: 'ca78893fa6ec1e5340f10c75f59d74b2') in 0.013518 seconds
Number of updated asset objects reloaded before import = 0Number of asset objects unloaded after import = 3

========================================================================
Received Import Request.
  Time since last request: 0.000014 seconds.
  path: Assets/Sprites/props1_1156.asset
  artifactKey: Guid(0f09033de78c6c14eabb2c0ae047913f) Importer(815301076,1909f56bfc062723c751e8b465ee728b)
Start importing Assets/Sprites/props1_1156.asset using Guid(0f09033de78c6c14eabb2c0ae047913f) Importer(815301076,1909f56bfc062723c751e8b465ee728b) (PreviewImporter) -> (artifact id: '83488d199c5f966c3361a7f762e9d70b') in 0.0811316 seconds
Number of updated asset objects reloaded before import = 0Number of asset objects unloaded after import = 3

========================================================================
Received Import Request.
  Time since last request: 0.000015 seconds.
  path: Assets/Sprites/mainlev_build_284.asset
  artifactKey: Guid(c06db19e7ca4bbd4eaae40250af7fb7a) Importer(815301076,1909f56bfc062723c751e8b465ee728b)
Start importing Assets/Sprites/mainlev_build_284.asset using Guid(c06db19e7ca4bbd4eaae40250af7fb7a) Importer(815301076,1909f56bfc062723c751e8b465ee728b) (PreviewImporter) -> (artifact id: '483b019227955a595a093626adf0568a') in 0.0115639 seconds
Number of updated asset objects reloaded before import = 0Number of asset objects unloaded after import = 3

========================================================================
Received Import Request.
  Time since last request: 0.000017 seconds.
  path: Assets/Sprites/props1_1562.asset
  artifactKey: Guid(4fc2841814dec6e4a85e8afb4ab20a66) Importer(815301076,1909f56bfc062723c751e8b465ee728b)
Start importing Assets/Sprites/props1_1562.asset using Guid(4fc2841814dec6e4a85e8afb4ab20a66) Importer(815301076,1909f56bfc062723c751e8b465ee728b) (PreviewImporter) -> (artifact id: '98d9b3cda1b066c36a1eea08eb449204') in 0.0145502 seconds
Number of updated asset objects reloaded before import = 0Number of asset objects unloaded after import = 3

========================================================================
Received Import Request.
  Time since last request: 0.000016 seconds.
  path: Assets/Sprites/mainlev_build_696.asset
  artifactKey: Guid(586698b9f89776241a74fbebded32573) Importer(815301076,1909f56bfc062723c751e8b465ee728b)
Start importing Assets/Sprites/mainlev_build_696.asset using Guid(586698b9f89776241a74fbebded32573) Importer(815301076,1909f56bfc062723c751e8b465ee728b) (PreviewImporter) -> (artifact id: 'e8aa98dd43ccda92c755272916e0cd75') in 0.013023 seconds
Number of updated asset objects reloaded before import = 0Number of asset objects unloaded after import = 3

========================================================================
Received Import Request.
  Time since last request: 0.000024 seconds.
  path: Assets/Sprites/props1_1107.asset
  artifactKey: Guid(db6f5fd4b36afea4a913ae8564bd0ef3) Importer(815301076,1909f56bfc062723c751e8b465ee728b)
Start importing Assets/Sprites/props1_1107.asset using Guid(db6f5fd4b36afea4a913ae8564bd0ef3) Importer(815301076,1909f56bfc062723c751e8b465ee728b) (PreviewImporter) -> (artifact id: '6b76b8c51290d3f8a54e46cd3b000cc7') in 0.0133083 seconds
Number of updated asset objects reloaded before import = 0Number of asset objects unloaded after import = 3

========================================================================
Received Import Request.
  Time since last request: 0.025953 seconds.
  path: Assets/Sprites/props1_496.asset
  artifactKey: Guid(ef1e8c23e656fd244b4589c1965c70f9) Importer(815301076,1909f56bfc062723c751e8b465ee728b)
Start importing Assets/Sprites/props1_496.asset using Guid(ef1e8c23e656fd244b4589c1965c70f9) Importer(815301076,1909f56bfc062723c751e8b465ee728b) (PreviewImporter) -> (artifact id: '062e73e93e85e81433440b83645a3dc9') in 0.0142408 seconds
Number of updated asset objects reloaded before import = 0Number of asset objects unloaded after import = 3

========================================================================
Received Import Request.
  Time since last request: 0.000014 seconds.
  path: Assets/Sprites/props1_460.asset
  artifactKey: Guid(24b5d325b681453458c9c806b00b9c9a) Importer(815301076,1909f56bfc062723c751e8b465ee728b)
Start importing Assets/Sprites/props1_460.asset using Guid(24b5d325b681453458c9c806b00b9c9a) Importer(815301076,1909f56bfc062723c751e8b465ee728b) (PreviewImporter) -> (artifact id: '29686859a8d7036c002e74c18bbe663f') in 0.0130533 seconds
Number of updated asset objects reloaded before import = 0Number of asset objects unloaded after import = 3

========================================================================
Received Import Request.
  Time since last request: 0.000014 seconds.
  path: Assets/UnitystoreAssets/Cave Platformer Tileset/Individual PNG files/Tileset/trees-trunk-darkbrown/trees-trunk-darkbrown-4.png
  artifactKey: Guid(2fdfb4421abf5a9419ad64b9b3964f7b) Importer(815301076,1909f56bfc062723c751e8b465ee728b)
Start importing Assets/UnitystoreAssets/Cave Platformer Tileset/Individual PNG files/Tileset/trees-trunk-darkbrown/trees-trunk-darkbrown-4.png using Guid(2fdfb4421abf5a9419ad64b9b3964f7b) Importer(815301076,1909f56bfc062723c751e8b465ee728b) (PreviewImporter) -> (artifact id: '2b9db23d7271063036788d3e36c0f119') in 0.0128058 seconds
Number of updated asset objects reloaded before import = 0Number of asset objects unloaded after import = 3

========================================================================
Received Import Request.
  Time since last request: 0.000015 seconds.
  path: Assets/Sprites/props1_628.asset
  artifactKey: Guid(1d6bdc8654b270d46aef1f4ad9cdff47) Importer(815301076,1909f56bfc062723c751e8b465ee728b)
Start importing Assets/Sprites/props1_628.asset using Guid(1d6bdc8654b270d46aef1f4ad9cdff47) Importer(815301076,1909f56bfc062723c751e8b465ee728b) (PreviewImporter) -> (artifact id: 'e2a8993a8e9483d0b27e871b91d0b656') in 0.0136461 seconds
Number of updated asset objects reloaded before import = 0Number of asset objects unloaded after import = 3

========================================================================
Received Import Request.
  Time since last request: 0.000014 seconds.
  path: Assets/Sprites/props1_2266.asset
  artifactKey: Guid(9dcc7597fd71404428b7719e02228932) Importer(815301076,1909f56bfc062723c751e8b465ee728b)
Start importing Assets/Sprites/props1_2266.asset using Guid(9dcc7597fd71404428b7719e02228932) Importer(815301076,1909f56bfc062723c751e8b465ee728b) (PreviewImporter) -> (artifact id: 'ca9dc20eb526be7409b59446fae4318f') in 0.0164022 seconds
Number of updated asset objects reloaded before import = 0Number of asset objects unloaded after import = 3

========================================================================
Received Import Request.
  Time since last request: 0.000017 seconds.
  path: Assets/UnitystoreAssets/Cave Platformer Tileset/Individual PNG files/Tileset/cave_tileset/main_tiles_16x16_45.png
  artifactKey: Guid(8678256e1f59d004897946d8f4566b94) Importer(815301076,1909f56bfc062723c751e8b465ee728b)
Start importing Assets/UnitystoreAssets/Cave Platformer Tileset/Individual PNG files/Tileset/cave_tileset/main_tiles_16x16_45.png using Guid(8678256e1f59d004897946d8f4566b94) Importer(815301076,1909f56bfc062723c751e8b465ee728b) (PreviewImporter) -> (artifact id: '8d52bb0d67c38f8b00e19f09f34ca220') in 0.0131859 seconds
Number of updated asset objects reloaded before import = 0Number of asset objects unloaded after import = 3

========================================================================
Received Import Request.
  Time since last request: 0.000022 seconds.
  path: Assets/UnitystoreAssets/Cainos/Pixel Art Platformer - Village Props/Tileset Palette/TP Ground/TX Tileset Ground_28.asset
  artifactKey: Guid(c1e8e06d567a8be40ae505b506e7254b) Importer(815301076,1909f56bfc062723c751e8b465ee728b)
Start importing Assets/UnitystoreAssets/Cainos/Pixel Art Platformer - Village Props/Tileset Palette/TP Ground/TX Tileset Ground_28.asset using Guid(c1e8e06d567a8be40ae505b506e7254b) Importer(815301076,1909f56bfc062723c751e8b465ee728b) (PreviewImporter) -> (artifact id: 'db4261d2515a0b08928cab8e3cf64d17') in 0.0111727 seconds
Number of updated asset objects reloaded before import = 0Number of asset objects unloaded after import = 3

========================================================================
Received Import Request.
  Time since last request: 0.000014 seconds.
  path: Assets/UnitystoreAssets/Cave Platformer Tileset/Individual PNG files/Tileset/trees-trunk-darkbrown/trees-trunk-darkbrown-41.png
  artifactKey: Guid(ca81cdf343d9f4f4783963598b04d51e) Importer(815301076,1909f56bfc062723c751e8b465ee728b)
Start importing Assets/UnitystoreAssets/Cave Platformer Tileset/Individual PNG files/Tileset/trees-trunk-darkbrown/trees-trunk-darkbrown-41.png using Guid(ca81cdf343d9f4f4783963598b04d51e) Importer(815301076,1909f56bfc062723c751e8b465ee728b) (PreviewImporter) -> (artifact id: '068111a787d274701b0aff7aad7cf833') in 0.0124152 seconds
Number of updated asset objects reloaded before import = 0Number of asset objects unloaded after import = 3

========================================================================
Received Import Request.
  Time since last request: 0.000014 seconds.
  path: Assets/Sprites/mainlev_build_155.asset
  artifactKey: Guid(5739a385dc136194dab4118fe02b338b) Importer(815301076,1909f56bfc062723c751e8b465ee728b)
Start importing Assets/Sprites/mainlev_build_155.asset using Guid(5739a385dc136194dab4118fe02b338b) Importer(815301076,1909f56bfc062723c751e8b465ee728b) (PreviewImporter) -> (artifact id: '3d4446f0d2a568f59c5960e6d35f9425') in 0.0121375 seconds
Number of updated asset objects reloaded before import = 0Number of asset objects unloaded after import = 3

========================================================================
Received Import Request.
  Time since last request: 0.000014 seconds.
  path: Assets/Sprites/props1_2134.asset
  artifactKey: Guid(2da1f3a57c9ce5849869d199b9f0d6fc) Importer(815301076,1909f56bfc062723c751e8b465ee728b)
Start importing Assets/Sprites/props1_2134.asset using Guid(2da1f3a57c9ce5849869d199b9f0d6fc) Importer(815301076,1909f56bfc062723c751e8b465ee728b) (PreviewImporter) -> (artifact id: '0bc3c8436e95c5c7ec17ba8a94cc5f19') in 0.0135868 seconds
Number of updated asset objects reloaded before import = 0Number of asset objects unloaded after import = 3

========================================================================
Received Import Request.
  Time since last request: 0.000014 seconds.
  path: Assets/Sprites/props1_2234.asset
  artifactKey: Guid(4f9e239cfd8d64045a839485924fb642) Importer(815301076,1909f56bfc062723c751e8b465ee728b)
Start importing Assets/Sprites/props1_2234.asset using Guid(4f9e239cfd8d64045a839485924fb642) Importer(815301076,1909f56bfc062723c751e8b465ee728b) (PreviewImporter) -> (artifact id: '28a9244212af579216c3264a1d5830b5') in 0.0155063 seconds
Number of updated asset objects reloaded before import = 0Number of asset objects unloaded after import = 3

========================================================================
Received Import Request.
  Time since last request: 0.000015 seconds.
  path: Assets/UnitystoreAssets/Cave Platformer Tileset/Individual PNG files/Tileset/trees-trunk-white/trees-trunk-white-3.png
  artifactKey: Guid(c891598bd8a015242bec3ca88f0f2b56) Importer(815301076,1909f56bfc062723c751e8b465ee728b)
Start importing Assets/UnitystoreAssets/Cave Platformer Tileset/Individual PNG files/Tileset/trees-trunk-white/trees-trunk-white-3.png using Guid(c891598bd8a015242bec3ca88f0f2b56) Importer(815301076,1909f56bfc062723c751e8b465ee728b) (PreviewImporter) -> (artifact id: '875a472a5c6a392407c9905d74884b9e') in 0.0126253 seconds
Number of updated asset objects reloaded before import = 0Number of asset objects unloaded after import = 3

========================================================================
Received Import Request.
  Time since last request: 0.000015 seconds.
  path: Assets/Sprites/props1_2126.asset
  artifactKey: Guid(3130cffa93b2d124fabd5441a3476770) Importer(815301076,1909f56bfc062723c751e8b465ee728b)
Start importing Assets/Sprites/props1_2126.asset using Guid(3130cffa93b2d124fabd5441a3476770) Importer(815301076,1909f56bfc062723c751e8b465ee728b) (PreviewImporter) -> (artifact id: '91bb1ca7867f20dfe8ce8f1f4ae79447') in 0.0132134 seconds
Number of updated asset objects reloaded before import = 0Number of asset objects unloaded after import = 3

========================================================================
Received Import Request.
  Time since last request: 0.000024 seconds.
  path: Assets/UnitystoreAssets/Cave Platformer Tileset/Individual PNG files/Tileset/trees-trunk-grey/trees-trunk-grey-70.png
  artifactKey: Guid(450c9226a9038d4499ab1135bfc0f346) Importer(815301076,1909f56bfc062723c751e8b465ee728b)
Start importing Assets/UnitystoreAssets/Cave Platformer Tileset/Individual PNG files/Tileset/trees-trunk-grey/trees-trunk-grey-70.png using Guid(450c9226a9038d4499ab1135bfc0f346) Importer(815301076,1909f56bfc062723c751e8b465ee728b) (PreviewImporter) -> (artifact id: '984244d763fcd4dc85bfa3f9db1965d8') in 0.0120158 seconds
Number of updated asset objects reloaded before import = 0Number of asset objects unloaded after import = 3

========================================================================
Received Import Request.
  Time since last request: 0.000014 seconds.
  path: Assets/Sprites/props1_1526.asset
  artifactKey: Guid(7df23c12e64d5d64997a472b308d5ecf) Importer(815301076,1909f56bfc062723c751e8b465ee728b)
Start importing Assets/Sprites/props1_1526.asset using Guid(7df23c12e64d5d64997a472b308d5ecf) Importer(815301076,1909f56bfc062723c751e8b465ee728b) (PreviewImporter) -> (artifact id: '54cb4a394fd828abd6e77115afda4151') in 0.014754 seconds
Number of updated asset objects reloaded before import = 0Number of asset objects unloaded after import = 3

========================================================================
Received Import Request.
  Time since last request: 0.000016 seconds.
  path: Assets/UnitystoreAssets/Cave Platformer Tileset/Individual PNG files/Tileset/trees-trunk-grey/trees-trunk-grey-43.png
  artifactKey: Guid(ba4b0a5af9157a44d9d3f2ab1b77cd6c) Importer(815301076,1909f56bfc062723c751e8b465ee728b)
Start importing Assets/UnitystoreAssets/Cave Platformer Tileset/Individual PNG files/Tileset/trees-trunk-grey/trees-trunk-grey-43.png using Guid(ba4b0a5af9157a44d9d3f2ab1b77cd6c) Importer(815301076,1909f56bfc062723c751e8b465ee728b) (PreviewImporter) -> (artifact id: '2f129c00d376ca3245ce7fe31fbc14d9') in 0.0124544 seconds
Number of updated asset objects reloaded before import = 0Number of asset objects unloaded after import = 3

========================================================================
Received Import Request.
  Time since last request: 0.000015 seconds.
  path: Assets/Sprites/props1_1908.asset
  artifactKey: Guid(bb26a7c9a118fb64e998b66516c51e85) Importer(815301076,1909f56bfc062723c751e8b465ee728b)
Start importing Assets/Sprites/props1_1908.asset using Guid(bb26a7c9a118fb64e998b66516c51e85) Importer(815301076,1909f56bfc062723c751e8b465ee728b) (PreviewImporter) -> (artifact id: '967b099283015b7e2c5ee3b809ee195f') in 0.0146586 seconds
Number of updated asset objects reloaded before import = 0Number of asset objects unloaded after import = 3

========================================================================
Received Import Request.
  Time since last request: 0.000015 seconds.
  path: Assets/Sprites/props1_162.asset
  artifactKey: Guid(296efdafc9da9bb418f9c8526b951c3a) Importer(815301076,1909f56bfc062723c751e8b465ee728b)
Start importing Assets/Sprites/props1_162.asset using Guid(296efdafc9da9bb418f9c8526b951c3a) Importer(815301076,1909f56bfc062723c751e8b465ee728b) (PreviewImporter) -> (artifact id: '32b4d2f4f1eb68e76cec8030771d566a') in 0.0135643 seconds
Number of updated asset objects reloaded before import = 0Number of asset objects unloaded after import = 3

========================================================================
Received Import Request.
  Time since last request: 0.000014 seconds.
  path: Assets/Sprites/mainlev_build_515.asset
  artifactKey: Guid(7660cd322f330b949818597eaf368b9f) Importer(815301076,1909f56bfc062723c751e8b465ee728b)
Start importing Assets/Sprites/mainlev_build_515.asset using Guid(7660cd322f330b949818597eaf368b9f) Importer(815301076,1909f56bfc062723c751e8b465ee728b) (PreviewImporter) -> (artifact id: 'b065447cf954c05ad39083446a776ec2') in 0.0122205 seconds
Number of updated asset objects reloaded before import = 0Number of asset objects unloaded after import = 3

========================================================================
Received Import Request.
  Time since last request: 0.000015 seconds.
  path: Assets/UnitystoreAssets/Cave Platformer Tileset/Individual PNG files/Tileset/bg_cave_greenish_16x32/bg_cave_greenish_16x32_tile_26.png
  artifactKey: Guid(e4d36bce59c3c3b4888b5f58b4ea7025) Importer(815301076,1909f56bfc062723c751e8b465ee728b)
Start importing Assets/UnitystoreAssets/Cave Platformer Tileset/Individual PNG files/Tileset/bg_cave_greenish_16x32/bg_cave_greenish_16x32_tile_26.png using Guid(e4d36bce59c3c3b4888b5f58b4ea7025) Importer(815301076,1909f56bfc062723c751e8b465ee728b) (PreviewImporter) -> (artifact id: 'daffc589d643d146fab0f908e4c2f49e') in 0.0143984 seconds
Number of updated asset objects reloaded before import = 0Number of asset objects unloaded after import = 3

========================================================================
Received Import Request.
  Time since last request: 0.000016 seconds.
  path: Assets/Sprites/props1_1200.asset
  artifactKey: Guid(91ea1571f8fb29c44a81658dbe452ca1) Importer(815301076,1909f56bfc062723c751e8b465ee728b)
Start importing Assets/Sprites/props1_1200.asset using Guid(91ea1571f8fb29c44a81658dbe452ca1) Importer(815301076,1909f56bfc062723c751e8b465ee728b) (PreviewImporter) -> (artifact id: 'a49e62fd302155a80d06b47b3a7a1b7a') in 0.0136163 seconds
Number of updated asset objects reloaded before import = 0Number of asset objects unloaded after import = 3

========================================================================
Received Import Request.
  Time since last request: 0.000023 seconds.
  path: Assets/Sprites/props1_1744.asset
  artifactKey: Guid(972c16962e4abb5499c0e515cd565f5f) Importer(815301076,1909f56bfc062723c751e8b465ee728b)
Start importing Assets/Sprites/props1_1744.asset using Guid(972c16962e4abb5499c0e515cd565f5f) Importer(815301076,1909f56bfc062723c751e8b465ee728b) (PreviewImporter) -> (artifact id: '8a2acf67cfc4a4780e32aa99ffc64dfc') in 0.0152691 seconds
Number of updated asset objects reloaded before import = 0Number of asset objects unloaded after import = 3

========================================================================
Received Import Request.
  Time since last request: 0.000014 seconds.
  path: Assets/Sprites/props1_1666.asset
  artifactKey: Guid(c6ff8f83987ea6c46a114443754483be) Importer(815301076,1909f56bfc062723c751e8b465ee728b)
Start importing Assets/Sprites/props1_1666.asset using Guid(c6ff8f83987ea6c46a114443754483be) Importer(815301076,1909f56bfc062723c751e8b465ee728b) (PreviewImporter) -> (artifact id: '6d84adb78fd94afa5a3bf3d07792b1cf') in 0.0152909 seconds
Number of updated asset objects reloaded before import = 0Number of asset objects unloaded after import = 3

========================================================================
Received Import Request.
  Time since last request: 0.000014 seconds.
  path: Assets/Sprites/mainlev_build_771.asset
  artifactKey: Guid(1bc043b8427196947bbc3816840f4132) Importer(815301076,1909f56bfc062723c751e8b465ee728b)
Start importing Assets/Sprites/mainlev_build_771.asset using Guid(1bc043b8427196947bbc3816840f4132) Importer(815301076,1909f56bfc062723c751e8b465ee728b) (PreviewImporter) -> (artifact id: 'cd802819446b7eb45446ce3e961b04a3') in 0.0133181 seconds
Number of updated asset objects reloaded before import = 0Number of asset objects unloaded after import = 3

========================================================================
Received Import Request.
  Time since last request: 0.000014 seconds.
  path: Assets/UnitystoreAssets/Cave Platformer Tileset/Individual PNG files/Tileset/trees-trunk-darkbrown/trees-trunk-darkbrown-60.png
  artifactKey: Guid(fed7d03f441c1d24f8353351d8d7ed85) Importer(815301076,1909f56bfc062723c751e8b465ee728b)
Start importing Assets/UnitystoreAssets/Cave Platformer Tileset/Individual PNG files/Tileset/trees-trunk-darkbrown/trees-trunk-darkbrown-60.png using Guid(fed7d03f441c1d24f8353351d8d7ed85) Importer(815301076,1909f56bfc062723c751e8b465ee728b) (PreviewImporter) -> (artifact id: '181cce1887130925ba8d7178a7459563') in 0.0122653 seconds
Number of updated asset objects reloaded before import = 0Number of asset objects unloaded after import = 3

========================================================================
Received Import Request.
  Time since last request: 0.000015 seconds.
  path: Assets/UnitystoreAssets/Cave Platformer Tileset/Individual PNG files/Tileset/bg_cave_greenish_16x16/bg_cave_greenish_16x16_tile_09.png
  artifactKey: Guid(b799d4d591ff68c47a7cd278d222f18e) Importer(815301076,1909f56bfc062723c751e8b465ee728b)
Start importing Assets/UnitystoreAssets/Cave Platformer Tileset/Individual PNG files/Tileset/bg_cave_greenish_16x16/bg_cave_greenish_16x16_tile_09.png using Guid(b799d4d591ff68c47a7cd278d222f18e) Importer(815301076,1909f56bfc062723c751e8b465ee728b) (PreviewImporter) -> (artifact id: '91109320a27d8164f3a3c6fa4f7d302d') in 0.0129927 seconds
Number of updated asset objects reloaded before import = 0Number of asset objects unloaded after import = 3

========================================================================
Received Import Request.
  Time since last request: 0.000014 seconds.
  path: Assets/Sprites/props1_371.asset
  artifactKey: Guid(8bb1173def5ff3f4ca21590e72a30301) Importer(815301076,1909f56bfc062723c751e8b465ee728b)
Start importing Assets/Sprites/props1_371.asset using Guid(8bb1173def5ff3f4ca21590e72a30301) Importer(815301076,1909f56bfc062723c751e8b465ee728b) (PreviewImporter) -> (artifact id: 'f6fe585f86a2262c871c1a57f58b8706') in 0.0133125 seconds
Number of updated asset objects reloaded before import = 0Number of asset objects unloaded after import = 3

========================================================================
Received Import Request.
  Time since last request: 0.000016 seconds.
  path: Assets/Sprites/mainlev_build_384.asset
  artifactKey: Guid(af31c3338a7923f4093e01390819809e) Importer(815301076,1909f56bfc062723c751e8b465ee728b)
Start importing Assets/Sprites/mainlev_build_384.asset using Guid(af31c3338a7923f4093e01390819809e) Importer(815301076,1909f56bfc062723c751e8b465ee728b) (PreviewImporter) -> (artifact id: '12c394f36931eae6b7205ef3e73eeec7') in 0.0124365 seconds
Number of updated asset objects reloaded before import = 0Number of asset objects unloaded after import = 3

========================================================================
Received Import Request.
  Time since last request: 0.000023 seconds.
  path: Assets/Sprites/props1_1730.asset
  artifactKey: Guid(2112984474dd39f4bb49a0e38510f0c9) Importer(815301076,1909f56bfc062723c751e8b465ee728b)
Start importing Assets/Sprites/props1_1730.asset using Guid(2112984474dd39f4bb49a0e38510f0c9) Importer(815301076,1909f56bfc062723c751e8b465ee728b) (PreviewImporter) -> (artifact id: '87fe69ffca850c056d525481a5429d8f') in 0.0148376 seconds
Number of updated asset objects reloaded before import = 0Number of asset objects unloaded after import = 3

========================================================================
Received Import Request.
  Time since last request: 0.000015 seconds.
  path: Assets/Sprites/props1_745.asset
  artifactKey: Guid(dbeb3872292c0f34bab0976b2c503a50) Importer(815301076,1909f56bfc062723c751e8b465ee728b)
Start importing Assets/Sprites/props1_745.asset using Guid(dbeb3872292c0f34bab0976b2c503a50) Importer(815301076,1909f56bfc062723c751e8b465ee728b) (PreviewImporter) -> (artifact id: 'bb5fb9acabf885c69249ce9fcc0d9fab') in 0.0132969 seconds
Number of updated asset objects reloaded before import = 0Number of asset objects unloaded after import = 3

========================================================================
Received Import Request.
  Time since last request: 0.000022 seconds.
  path: Assets/Sprites/props1_1993.asset
  artifactKey: Guid(5a131763cb95e6347a92d9c27a2fee3e) Importer(815301076,1909f56bfc062723c751e8b465ee728b)
Start importing Assets/Sprites/props1_1993.asset using Guid(5a131763cb95e6347a92d9c27a2fee3e) Importer(815301076,1909f56bfc062723c751e8b465ee728b) (PreviewImporter) -> (artifact id: 'fe3a6f483ebc1bf14180b97ad2bdd813') in 0.0140083 seconds
Number of updated asset objects reloaded before import = 0Number of asset objects unloaded after import = 3

========================================================================
Received Import Request.
  Time since last request: 0.000017 seconds.
  path: Assets/Sprites/mainlev_build_679.asset
  artifactKey: Guid(6a4f9a41b388088418ba5eb5ab41db22) Importer(815301076,1909f56bfc062723c751e8b465ee728b)
Start importing Assets/Sprites/mainlev_build_679.asset using Guid(6a4f9a41b388088418ba5eb5ab41db22) Importer(815301076,1909f56bfc062723c751e8b465ee728b) (PreviewImporter) -> (artifact id: '49ce1f7d59a3e61d7a7bdfa42c6427d2') in 0.0293374 seconds
Number of updated asset objects reloaded before import = 0Number of asset objects unloaded after import = 3

========================================================================
Received Import Request.
  Time since last request: 0.000014 seconds.
  path: Assets/UnitystoreAssets/2D Pixel Art Platformer Biome - Plains/Tilemap/TileGround6.asset
  artifactKey: Guid(6fde348cee4aeab408c7fae4b2599e0a) Importer(815301076,1909f56bfc062723c751e8b465ee728b)
Start importing Assets/UnitystoreAssets/2D Pixel Art Platformer Biome - Plains/Tilemap/TileGround6.asset using Guid(6fde348cee4aeab408c7fae4b2599e0a) Importer(815301076,1909f56bfc062723c751e8b465ee728b) (PreviewImporter) -> (artifact id: '3fd3549d083ea421a02ac3eec374b9bb') in 0.0116 seconds
Number of updated asset objects reloaded before import = 0Number of asset objects unloaded after import = 3

========================================================================
Received Import Request.
  Time since last request: 0.000014 seconds.
  path: Assets/Sprites/mainlev_build_229.asset
  artifactKey: Guid(ec10553bb5100fa46a4fd71034aee14a) Importer(815301076,1909f56bfc062723c751e8b465ee728b)
Start importing Assets/Sprites/mainlev_build_229.asset using Guid(ec10553bb5100fa46a4fd71034aee14a) Importer(815301076,1909f56bfc062723c751e8b465ee728b) (PreviewImporter) -> (artifact id: 'dcf99475ca344f8d8eaf611a98b2ea66') in 0.0126622 seconds
Number of updated asset objects reloaded before import = 0Number of asset objects unloaded after import = 3

========================================================================
Received Import Request.
  Time since last request: 0.000016 seconds.
  path: Assets/Sprites/props1_1163.asset
  artifactKey: Guid(88fa63ecb75071d4d839ffa94c010805) Importer(815301076,1909f56bfc062723c751e8b465ee728b)
Start importing Assets/Sprites/props1_1163.asset using Guid(88fa63ecb75071d4d839ffa94c010805) Importer(815301076,1909f56bfc062723c751e8b465ee728b) (PreviewImporter) -> (artifact id: 'ddc95b761f8bf1dc50e63ef17b005651') in 0.0155956 seconds
Number of updated asset objects reloaded before import = 0Number of asset objects unloaded after import = 3

========================================================================
Received Import Request.
  Time since last request: 0.000020 seconds.
  path: Assets/Sprites/props1_761.asset
  artifactKey: Guid(1bb1ada0bd1056848a3ab3d393b15adb) Importer(815301076,1909f56bfc062723c751e8b465ee728b)
Start importing Assets/Sprites/props1_761.asset using Guid(1bb1ada0bd1056848a3ab3d393b15adb) Importer(815301076,1909f56bfc062723c751e8b465ee728b) (PreviewImporter) -> (artifact id: 'd6c103b85d190aa1e3873d6e35fb279a') in 0.014032 seconds
Number of updated asset objects reloaded before import = 0Number of asset objects unloaded after import = 3

========================================================================
Received Import Request.
  Time since last request: 0.000015 seconds.
  path: Assets/Sprites/props1_125.asset
  artifactKey: Guid(a0249184809787240908cb405b411bd6) Importer(815301076,1909f56bfc062723c751e8b465ee728b)
Start importing Assets/Sprites/props1_125.asset using Guid(a0249184809787240908cb405b411bd6) Importer(815301076,1909f56bfc062723c751e8b465ee728b) (PreviewImporter) -> (artifact id: '4ef2116f4ae807c1ec0933118fee0a1e') in 0.0144786 seconds
Number of updated asset objects reloaded before import = 0Number of asset objects unloaded after import = 3

========================================================================
Received Import Request.
  Time since last request: 0.000015 seconds.
  path: Assets/Sprites/props1_1803.asset
  artifactKey: Guid(ae310dc9c417bbe46b829e54ffeab5c6) Importer(815301076,1909f56bfc062723c751e8b465ee728b)
Start importing Assets/Sprites/props1_1803.asset using Guid(ae310dc9c417bbe46b829e54ffeab5c6) Importer(815301076,1909f56bfc062723c751e8b465ee728b) (PreviewImporter) -> (artifact id: '568f98e8634060dc53b2586f07e52625') in 0.0138228 seconds
Number of updated asset objects reloaded before import = 0Number of asset objects unloaded after import = 3

========================================================================
Received Import Request.
  Time since last request: 0.000015 seconds.
  path: Assets/UnitystoreAssets/Cave Platformer Tileset/Enviroment sprite sheets/bg_cave_greenish_16x32.png
  artifactKey: Guid(45d1fa6ee4f9d934883e0e17e7ece524) Importer(815301076,1909f56bfc062723c751e8b465ee728b)
Start importing Assets/UnitystoreAssets/Cave Platformer Tileset/Enviroment sprite sheets/bg_cave_greenish_16x32.png using Guid(45d1fa6ee4f9d934883e0e17e7ece524) Importer(815301076,1909f56bfc062723c751e8b465ee728b) (PreviewImporter) -> (artifact id: '062fd2ebe6b070eaf6b38e7ac7a39923') in 0.0424735 seconds
Number of updated asset objects reloaded before import = 0Number of asset objects unloaded after import = 32

========================================================================
Received Import Request.
  Time since last request: 0.000014 seconds.
  path: Assets/Sprites/props1_805.asset
  artifactKey: Guid(4af02e5149dce554e9a284fe18512e1d) Importer(815301076,1909f56bfc062723c751e8b465ee728b)
Start importing Assets/Sprites/props1_805.asset using Guid(4af02e5149dce554e9a284fe18512e1d) Importer(815301076,1909f56bfc062723c751e8b465ee728b) (PreviewImporter) -> (artifact id: 'a7c3941a7d32dfe7ffc5fdcc68305e11') in 0.0135636 seconds
Number of updated asset objects reloaded before import = 0Number of asset objects unloaded after import = 3

========================================================================
Received Import Request.
  Time since last request: 0.000016 seconds.
  path: Assets/Sprites/props1_1545.asset
  artifactKey: Guid(85f1115e0f6c14d4d8abfb9790bcd9de) Importer(815301076,1909f56bfc062723c751e8b465ee728b)
Start importing Assets/Sprites/props1_1545.asset using Guid(85f1115e0f6c14d4d8abfb9790bcd9de) Importer(815301076,1909f56bfc062723c751e8b465ee728b) (PreviewImporter) -> (artifact id: '26c2f7b1e325fb6b395a90a35efff2fa') in 0.015511 seconds
Number of updated asset objects reloaded before import = 0Number of asset objects unloaded after import = 3

========================================================================
Received Import Request.
  Time since last request: 0.000023 seconds.
  path: Assets/UnitystoreAssets/Cave Platformer Tileset/Enviroment sprite sheets/trees-trunk-grey.png
  artifactKey: Guid(729fe4629769c0040b3695e91e73f791) Importer(815301076,1909f56bfc062723c751e8b465ee728b)
Start importing Assets/UnitystoreAssets/Cave Platformer Tileset/Enviroment sprite sheets/trees-trunk-grey.png using Guid(729fe4629769c0040b3695e91e73f791) Importer(815301076,1909f56bfc062723c751e8b465ee728b) (PreviewImporter) -> (artifact id: '66604ab76c51883215469e700d1358ab') in 0.1270598 seconds
Number of updated asset objects reloaded before import = 0Number of asset objects unloaded after import = 74

========================================================================
Received Import Request.
  Time since last request: 0.000015 seconds.
  path: Assets/UnitystoreAssets/Cave Platformer Tileset/Individual PNG files/Tileset/bg_cave_greenish_16x32/bg_cave_greenish_16x32_tile_30.png
  artifactKey: Guid(ec35f6d78d6020b47b8f7b607ec238c2) Importer(815301076,1909f56bfc062723c751e8b465ee728b)
Start importing Assets/UnitystoreAssets/Cave Platformer Tileset/Individual PNG files/Tileset/bg_cave_greenish_16x32/bg_cave_greenish_16x32_tile_30.png using Guid(ec35f6d78d6020b47b8f7b607ec238c2) Importer(815301076,1909f56bfc062723c751e8b465ee728b) (PreviewImporter) -> (artifact id: 'e6b26bc70aafdc83e0aa0487a4980f5f') in 0.0130563 seconds
Number of updated asset objects reloaded before import = 0Number of asset objects unloaded after import = 3

========================================================================
Received Import Request.
  Time since last request: 0.000014 seconds.
  path: Assets/Sprites/props1_1955.asset
  artifactKey: Guid(ed5057565f1fdbd4685ee4bf18348fc2) Importer(815301076,1909f56bfc062723c751e8b465ee728b)
Start importing Assets/Sprites/props1_1955.asset using Guid(ed5057565f1fdbd4685ee4bf18348fc2) Importer(815301076,1909f56bfc062723c751e8b465ee728b) (PreviewImporter) -> (artifact id: 'd5ecadabf3b5ff07c3f28be48b93b5e1') in 0.0143843 seconds
Number of updated asset objects reloaded before import = 0Number of asset objects unloaded after import = 3

========================================================================
Received Import Request.
  Time since last request: 0.000018 seconds.
  path: Assets/UnitystoreAssets/Cave Platformer Tileset/Individual PNG files/Tileset/trees-trunk-dark/trees-trunk-dark-57.png
  artifactKey: Guid(fb327af81fab388458e25807b7b5c1b5) Importer(815301076,1909f56bfc062723c751e8b465ee728b)
Start importing Assets/UnitystoreAssets/Cave Platformer Tileset/Individual PNG files/Tileset/trees-trunk-dark/trees-trunk-dark-57.png using Guid(fb327af81fab388458e25807b7b5c1b5) Importer(815301076,1909f56bfc062723c751e8b465ee728b) (PreviewImporter) -> (artifact id: 'aac2e37515d37bbb70df36a9358ac20c') in 0.0130337 seconds
Number of updated asset objects reloaded before import = 0Number of asset objects unloaded after import = 3

========================================================================
Received Import Request.
  Time since last request: 0.000023 seconds.
  path: Assets/Sprites/props1_694.asset
  artifactKey: Guid(80d0b960da835bd42b7992e0ecef5a0d) Importer(815301076,1909f56bfc062723c751e8b465ee728b)
Start importing Assets/Sprites/props1_694.asset using Guid(80d0b960da835bd42b7992e0ecef5a0d) Importer(815301076,1909f56bfc062723c751e8b465ee728b) (PreviewImporter) -> (artifact id: '01c7a786c495a735debf722b580de6bf') in 0.013947 seconds
Number of updated asset objects reloaded before import = 0Number of asset objects unloaded after import = 3

========================================================================
Received Import Request.
  Time since last request: 0.000014 seconds.
  path: Assets/Sprites/mainlev_build_544.asset
  artifactKey: Guid(c04cb7d7e7c8fef458e7fa37a7792111) Importer(815301076,1909f56bfc062723c751e8b465ee728b)
Start importing Assets/Sprites/mainlev_build_544.asset using Guid(c04cb7d7e7c8fef458e7fa37a7792111) Importer(815301076,1909f56bfc062723c751e8b465ee728b) (PreviewImporter) -> (artifact id: 'a053b8fd762bdb1af8cfcb54a982d0f8') in 0.0084652 seconds
Number of updated asset objects reloaded before import = 0Number of asset objects unloaded after import = 3

========================================================================
Received Import Request.
  Time since last request: 0.000014 seconds.
  path: Assets/Sprites/props1_1998.asset
  artifactKey: Guid(9decb80e2451fbe4bab4cd323411cdf7) Importer(815301076,1909f56bfc062723c751e8b465ee728b)
Start importing Assets/Sprites/props1_1998.asset using Guid(9decb80e2451fbe4bab4cd323411cdf7) Importer(815301076,1909f56bfc062723c751e8b465ee728b) (PreviewImporter) -> (artifact id: 'ff25f8b50a5b9632915760b720f19341') in 0.0148796 seconds
Number of updated asset objects reloaded before import = 0Number of asset objects unloaded after import = 3

========================================================================
Received Import Request.
  Time since last request: 0.000014 seconds.
  path: Assets/Sprites/props1_2026.asset
  artifactKey: Guid(3baf0427dfa6e7841a664c1516858d95) Importer(815301076,1909f56bfc062723c751e8b465ee728b)
Start importing Assets/Sprites/props1_2026.asset using Guid(3baf0427dfa6e7841a664c1516858d95) Importer(815301076,1909f56bfc062723c751e8b465ee728b) (PreviewImporter) -> (artifact id: '7897b1a5619770b0b89e94565b466cef') in 0.0137237 seconds
Number of updated asset objects reloaded before import = 0Number of asset objects unloaded after import = 3

========================================================================
Received Import Request.
  Time since last request: 0.000015 seconds.
  path: Assets/Sprites/mainlev_build_865.asset
  artifactKey: Guid(fb1762f11a10dd14c9c1aee133b25a20) Importer(815301076,1909f56bfc062723c751e8b465ee728b)
Start importing Assets/Sprites/mainlev_build_865.asset using Guid(fb1762f11a10dd14c9c1aee133b25a20) Importer(815301076,1909f56bfc062723c751e8b465ee728b) (PreviewImporter) -> (artifact id: 'c96e95c1b40b5fde35c9efce9624dbe8') in 0.0121633 seconds
Number of updated asset objects reloaded before import = 0Number of asset objects unloaded after import = 3

========================================================================
Received Import Request.
  Time since last request: 0.000024 seconds.
  path: Assets/UnitystoreAssets/Asset FTTGR/Palettes/Blocks/Bilding4.asset
  artifactKey: Guid(e20ae2c9f8ac0e04ba3909aa20837662) Importer(815301076,1909f56bfc062723c751e8b465ee728b)
Start importing Assets/UnitystoreAssets/Asset FTTGR/Palettes/Blocks/Bilding4.asset using Guid(e20ae2c9f8ac0e04ba3909aa20837662) Importer(815301076,1909f56bfc062723c751e8b465ee728b) (PreviewImporter) -> (artifact id: 'cb86123fb2c27fef21b05d3fb1ef58de') in 0.009545 seconds
Number of updated asset objects reloaded before import = 0Number of asset objects unloaded after import = 3

========================================================================
Received Import Request.
  Time since last request: 0.000014 seconds.
  path: Assets/Sprites/mainlev_build_351.asset
  artifactKey: Guid(bff675e2b1bbb8e49b22ad8d8a1a3f7c) Importer(815301076,1909f56bfc062723c751e8b465ee728b)
Start importing Assets/Sprites/mainlev_build_351.asset using Guid(bff675e2b1bbb8e49b22ad8d8a1a3f7c) Importer(815301076,1909f56bfc062723c751e8b465ee728b) (PreviewImporter) -> (artifact id: '4df3f74164c970b0530763c8bf95dfac') in 0.0124724 seconds
Number of updated asset objects reloaded before import = 0Number of asset objects unloaded after import = 3

========================================================================
Received Import Request.
  Time since last request: 0.000025 seconds.
  path: Assets/UnitystoreAssets/Cainos/Pixel Art Platformer - Village Props/Tileset Palette/TP Ground/TX Tileset Ground_72.asset
  artifactKey: Guid(26b39291c4ddfec4483eae6f8df29dbf) Importer(815301076,1909f56bfc062723c751e8b465ee728b)
Start importing Assets/UnitystoreAssets/Cainos/Pixel Art Platformer - Village Props/Tileset Palette/TP Ground/TX Tileset Ground_72.asset using Guid(26b39291c4ddfec4483eae6f8df29dbf) Importer(815301076,1909f56bfc062723c751e8b465ee728b) (PreviewImporter) -> (artifact id: '22a252277b3b3e548fadf5470b92ad33') in 0.0052875 seconds
Number of updated asset objects reloaded before import = 0Number of asset objects unloaded after import = 3

========================================================================
Received Import Request.
  Time since last request: 0.000022 seconds.
  path: Assets/UnitystoreAssets/Cainos/Pixel Art Platformer - Village Props/Tileset Palette/TP Ground/TX Tileset Ground_13.asset
  artifactKey: Guid(5319cbbed9fc6c241a848dd5ff882740) Importer(815301076,1909f56bfc062723c751e8b465ee728b)
Start importing Assets/UnitystoreAssets/Cainos/Pixel Art Platformer - Village Props/Tileset Palette/TP Ground/TX Tileset Ground_13.asset using Guid(5319cbbed9fc6c241a848dd5ff882740) Importer(815301076,1909f56bfc062723c751e8b465ee728b) (PreviewImporter) -> (artifact id: '0338906d6d3db12dcefae6ea34e3d535') in 0.0117576 seconds
Number of updated asset objects reloaded before import = 0Number of asset objects unloaded after import = 3

========================================================================
Received Import Request.
  Time since last request: 0.000015 seconds.
  path: Assets/UnitystoreAssets/Cave Platformer Tileset/Individual PNG files/Tileset/trees-trunk-dark/trees-trunk-dark-30.png
  artifactKey: Guid(8f874071312d61a4898891679f7b5b9e) Importer(815301076,1909f56bfc062723c751e8b465ee728b)
Start importing Assets/UnitystoreAssets/Cave Platformer Tileset/Individual PNG files/Tileset/trees-trunk-dark/trees-trunk-dark-30.png using Guid(8f874071312d61a4898891679f7b5b9e) Importer(815301076,1909f56bfc062723c751e8b465ee728b) (PreviewImporter) -> (artifact id: '2df2ea2b4e4226f4ea33b1628a950e90') in 0.0137022 seconds
Number of updated asset objects reloaded before import = 0Number of asset objects unloaded after import = 3

========================================================================
Received Import Request.
  Time since last request: 0.000014 seconds.
  path: Assets/UnitystoreAssets/Cainos/Pixel Art Platformer - Village Props/Tileset Palette/TP Ground/TX Tileset Ground_43.asset
  artifactKey: Guid(334c42904e466434c806626daa6b87d3) Importer(815301076,1909f56bfc062723c751e8b465ee728b)
Start importing Assets/UnitystoreAssets/Cainos/Pixel Art Platformer - Village Props/Tileset Palette/TP Ground/TX Tileset Ground_43.asset using Guid(334c42904e466434c806626daa6b87d3) Importer(815301076,1909f56bfc062723c751e8b465ee728b) (PreviewImporter) -> (artifact id: '6296f886fd86fd8f8d7e4b7b380715b2') in 0.0110541 seconds
Number of updated asset objects reloaded before import = 0Number of asset objects unloaded after import = 3

========================================================================
Received Import Request.
  Time since last request: 0.000017 seconds.
  path: Assets/UnitystoreAssets/Asset FTTGR/Palettes/Blocks/GrassGround11.asset
  artifactKey: Guid(407517abdf341f340bc45605a42817b3) Importer(815301076,1909f56bfc062723c751e8b465ee728b)
Start importing Assets/UnitystoreAssets/Asset FTTGR/Palettes/Blocks/GrassGround11.asset using Guid(407517abdf341f340bc45605a42817b3) Importer(815301076,1909f56bfc062723c751e8b465ee728b) (PreviewImporter) -> (artifact id: '9ceca1bab1489219730363873c04dcea') in 0.0100575 seconds
Number of updated asset objects reloaded before import = 0Number of asset objects unloaded after import = 3

========================================================================
Received Import Request.
  Time since last request: 0.000014 seconds.
  path: Assets/Sprites/mainlev_build_501.asset
  artifactKey: Guid(5f687f44d75d197448af57221a2d3dba) Importer(815301076,1909f56bfc062723c751e8b465ee728b)
Start importing Assets/Sprites/mainlev_build_501.asset using Guid(5f687f44d75d197448af57221a2d3dba) Importer(815301076,1909f56bfc062723c751e8b465ee728b) (PreviewImporter) -> (artifact id: '35cf41be9a83f2f66d7ca7e29ddd3a79') in 0.0130372 seconds
Number of updated asset objects reloaded before import = 0Number of asset objects unloaded after import = 3

========================================================================
Received Import Request.
  Time since last request: 0.000014 seconds.
  path: Assets/Sprites/props1_1692.asset
  artifactKey: Guid(ddd5e695670dff94f85f4f80e5d14c66) Importer(815301076,1909f56bfc062723c751e8b465ee728b)
Start importing Assets/Sprites/props1_1692.asset using Guid(ddd5e695670dff94f85f4f80e5d14c66) Importer(815301076,1909f56bfc062723c751e8b465ee728b) (PreviewImporter) -> (artifact id: '5d7ede8a302239bd667be32d311916b9') in 0.0142381 seconds
Number of updated asset objects reloaded before import = 0Number of asset objects unloaded after import = 3

========================================================================
Received Import Request.
  Time since last request: 0.000015 seconds.
  path: Assets/Sprites/props1_344.asset
  artifactKey: Guid(f95c8fceb7ca85c489a5a1d6ca7e4761) Importer(815301076,1909f56bfc062723c751e8b465ee728b)
Start importing Assets/Sprites/props1_344.asset using Guid(f95c8fceb7ca85c489a5a1d6ca7e4761) Importer(815301076,1909f56bfc062723c751e8b465ee728b) (PreviewImporter) -> (artifact id: 'd873dd44373628ca8465fc2dcff2f5e6') in 0.0165851 seconds
Number of updated asset objects reloaded before import = 0Number of asset objects unloaded after import = 3

========================================================================
Received Import Request.
  Time since last request: 0.000015 seconds.
  path: Assets/Sprites/props1_730.asset
  artifactKey: Guid(d201115f122c978408c1245925447e4d) Importer(815301076,1909f56bfc062723c751e8b465ee728b)
Start importing Assets/Sprites/props1_730.asset using Guid(d201115f122c978408c1245925447e4d) Importer(815301076,1909f56bfc062723c751e8b465ee728b) (PreviewImporter) -> (artifact id: 'f329cb6416fe974a7b6707008eae1102') in 0.0143395 seconds
Number of updated asset objects reloaded before import = 0Number of asset objects unloaded after import = 3

========================================================================
Received Import Request.
  Time since last request: 0.000024 seconds.
  path: Assets/Sprites/props1_941.asset
  artifactKey: Guid(556d95d9d058b1446baac28e0b21527e) Importer(815301076,1909f56bfc062723c751e8b465ee728b)
Start importing Assets/Sprites/props1_941.asset using Guid(556d95d9d058b1446baac28e0b21527e) Importer(815301076,1909f56bfc062723c751e8b465ee728b) (PreviewImporter) -> (artifact id: '0bc5be1dddea0ff58c7f3a6471eacbec') in 0.0139658 seconds
Number of updated asset objects reloaded before import = 0Number of asset objects unloaded after import = 3

========================================================================
Received Import Request.
  Time since last request: 0.000016 seconds.
  path: Assets/UnitystoreAssets/Cave Platformer Tileset/Individual PNG files/Monster/scorpion-gold/scorpion-gold-4.png
  artifactKey: Guid(fc2b3b949ab7a8f438ca5d8a716e6b90) Importer(815301076,1909f56bfc062723c751e8b465ee728b)
Start importing Assets/UnitystoreAssets/Cave Platformer Tileset/Individual PNG files/Monster/scorpion-gold/scorpion-gold-4.png using Guid(fc2b3b949ab7a8f438ca5d8a716e6b90) Importer(815301076,1909f56bfc062723c751e8b465ee728b) (PreviewImporter) -> (artifact id: 'ee7fd472a3f91cb43f6b6d22d83beb0c') in 0.0129766 seconds
Number of updated asset objects reloaded before import = 0Number of asset objects unloaded after import = 3

========================================================================
Received Import Request.
  Time since last request: 0.000023 seconds.
  path: Assets/UnitystoreAssets/Cave Platformer Tileset/Individual PNG files/Tileset/bg_cave_blueish_32x32/bg_cave_blueish_32x32_tile_03.png
  artifactKey: Guid(35a772e7506ca1240a6d63d9b7c444b3) Importer(815301076,1909f56bfc062723c751e8b465ee728b)
Start importing Assets/UnitystoreAssets/Cave Platformer Tileset/Individual PNG files/Tileset/bg_cave_blueish_32x32/bg_cave_blueish_32x32_tile_03.png using Guid(35a772e7506ca1240a6d63d9b7c444b3) Importer(815301076,1909f56bfc062723c751e8b465ee728b) (PreviewImporter) -> (artifact id: 'a9997dbe73d9151402e381734db9746b') in 0.0124139 seconds
Number of updated asset objects reloaded before import = 0Number of asset objects unloaded after import = 3

========================================================================
Received Import Request.
  Time since last request: 0.000017 seconds.
  path: Assets/Sprites/mainlev_build_422.asset
  artifactKey: Guid(7dbe86002447cb145a0b4cf69c402dfc) Importer(815301076,1909f56bfc062723c751e8b465ee728b)
Start importing Assets/Sprites/mainlev_build_422.asset using Guid(7dbe86002447cb145a0b4cf69c402dfc) Importer(815301076,1909f56bfc062723c751e8b465ee728b) (PreviewImporter) -> (artifact id: '670bc63b20c8f2220bca878f9a5da7b2') in 0.0126204 seconds
Number of updated asset objects reloaded before import = 0Number of asset objects unloaded after import = 3

========================================================================
Received Import Request.
  Time since last request: 0.000014 seconds.
  path: Assets/Sprites/props1_2265.asset
  artifactKey: Guid(0f459cecb44551c41bdda1a2f22de0b9) Importer(815301076,1909f56bfc062723c751e8b465ee728b)
Start importing Assets/Sprites/props1_2265.asset using Guid(0f459cecb44551c41bdda1a2f22de0b9) Importer(815301076,1909f56bfc062723c751e8b465ee728b) (PreviewImporter) -> (artifact id: '075e49c803acc80ca004fbed482a3181') in 0.0161312 seconds
Number of updated asset objects reloaded before import = 0Number of asset objects unloaded after import = 3

========================================================================
Received Import Request.
  Time since last request: 0.000017 seconds.
  path: Assets/Sprites/props1_30.asset
  artifactKey: Guid(e736a35a826bf9646817463ce2126369) Importer(815301076,1909f56bfc062723c751e8b465ee728b)
Start importing Assets/Sprites/props1_30.asset using Guid(e736a35a826bf9646817463ce2126369) Importer(815301076,1909f56bfc062723c751e8b465ee728b) (PreviewImporter) -> (artifact id: 'ea31b468ac230d626bf922c0ac9bd499') in 0.0371229 seconds
Number of updated asset objects reloaded before import = 0Number of asset objects unloaded after import = 3

========================================================================
Received Import Request.
  Time since last request: 0.000017 seconds.
  path: Assets/Sprites/props1_1532.asset
  artifactKey: Guid(6a233ad5e323d104e887af3a55730ced) Importer(815301076,1909f56bfc062723c751e8b465ee728b)
Start importing Assets/Sprites/props1_1532.asset using Guid(6a233ad5e323d104e887af3a55730ced) Importer(815301076,1909f56bfc062723c751e8b465ee728b) (PreviewImporter) -> (artifact id: '2647d195da8c552ade8b1e11bc81ba76') in 0.0144275 seconds
Number of updated asset objects reloaded before import = 0Number of asset objects unloaded after import = 3

========================================================================
Received Import Request.
  Time since last request: 0.000022 seconds.
  path: Assets/Sprites/props1_826.asset
  artifactKey: Guid(1764f3d88aae1bb418237a26bccd2ba6) Importer(815301076,1909f56bfc062723c751e8b465ee728b)
Start importing Assets/Sprites/props1_826.asset using Guid(1764f3d88aae1bb418237a26bccd2ba6) Importer(815301076,1909f56bfc062723c751e8b465ee728b) (PreviewImporter) -> (artifact id: 'ce4174333d96c1f2241c85b2ac2a4539') in 0.013566 seconds
Number of updated asset objects reloaded before import = 0Number of asset objects unloaded after import = 3

========================================================================
Received Import Request.
  Time since last request: 0.000016 seconds.
  path: Assets/Sprites/mainlev_build_133.asset
  artifactKey: Guid(95cbf0609484f164f8867478e8d1de57) Importer(815301076,1909f56bfc062723c751e8b465ee728b)
Start importing Assets/Sprites/mainlev_build_133.asset using Guid(95cbf0609484f164f8867478e8d1de57) Importer(815301076,1909f56bfc062723c751e8b465ee728b) (PreviewImporter) -> (artifact id: 'ed74b62fa15a305a2e041d6bca85c334') in 0.0153926 seconds
Number of updated asset objects reloaded before import = 0Number of asset objects unloaded after import = 3

========================================================================
Received Import Request.
  Time since last request: 0.000015 seconds.
  path: Assets/UnitystoreAssets/Cainos/Pixel Art Platformer - Village Props/Tileset Palette/TP Ground/TX Tileset Ground_124.asset
  artifactKey: Guid(4d078929644baef49866a25156dbc4de) Importer(815301076,1909f56bfc062723c751e8b465ee728b)
Start importing Assets/UnitystoreAssets/Cainos/Pixel Art Platformer - Village Props/Tileset Palette/TP Ground/TX Tileset Ground_124.asset using Guid(4d078929644baef49866a25156dbc4de) Importer(815301076,1909f56bfc062723c751e8b465ee728b) (PreviewImporter) -> (artifact id: '549efb16256d6d020842c53682c41198') in 0.0112426 seconds
Number of updated asset objects reloaded before import = 0Number of asset objects unloaded after import = 3

========================================================================
Received Import Request.
  Time since last request: 0.000014 seconds.
  path: Assets/UnitystoreAssets/Cainos/Pixel Art Platformer - Village Props/Tileset Palette/TP Ground/TX Tileset Ground_143.asset
  artifactKey: Guid(bc0067ee5dcadd440b702c5e0ac244ff) Importer(815301076,1909f56bfc062723c751e8b465ee728b)
Start importing Assets/UnitystoreAssets/Cainos/Pixel Art Platformer - Village Props/Tileset Palette/TP Ground/TX Tileset Ground_143.asset using Guid(bc0067ee5dcadd440b702c5e0ac244ff) Importer(815301076,1909f56bfc062723c751e8b465ee728b) (PreviewImporter) -> (artifact id: '42c922c3e059e0db8913bedc983c818c') in 0.0118682 seconds
Number of updated asset objects reloaded before import = 0Number of asset objects unloaded after import = 3

========================================================================
Received Import Request.
  Time since last request: 0.000015 seconds.
  path: Assets/Sprites/props1_852.asset
  artifactKey: Guid(add34dcacc749e645b8929d61d7b3c40) Importer(815301076,1909f56bfc062723c751e8b465ee728b)
Start importing Assets/Sprites/props1_852.asset using Guid(add34dcacc749e645b8929d61d7b3c40) Importer(815301076,1909f56bfc062723c751e8b465ee728b) (PreviewImporter) -> (artifact id: '61e43ec8bb9e66e6c5f563d1edbd1f78') in 0.014268 seconds
Number of updated asset objects reloaded before import = 0Number of asset objects unloaded after import = 3

========================================================================
Received Import Request.
  Time since last request: 0.000015 seconds.
  path: Assets/Sprites/props1_1596.asset
  artifactKey: Guid(5c423c1e5cbe9e6469a74b5aff0148a6) Importer(815301076,1909f56bfc062723c751e8b465ee728b)
Start importing Assets/Sprites/props1_1596.asset using Guid(5c423c1e5cbe9e6469a74b5aff0148a6) Importer(815301076,1909f56bfc062723c751e8b465ee728b) (PreviewImporter) -> (artifact id: '9051915f03214d1925bc2c8841e196f6') in 0.0144855 seconds
Number of updated asset objects reloaded before import = 0Number of asset objects unloaded after import = 3

========================================================================
Received Import Request.
  Time since last request: 0.000017 seconds.
  path: Assets/Sprites/mainlev_build_109.asset
  artifactKey: Guid(3c0d480baa195b64982e073802233501) Importer(815301076,1909f56bfc062723c751e8b465ee728b)
Start importing Assets/Sprites/mainlev_build_109.asset using Guid(3c0d480baa195b64982e073802233501) Importer(815301076,1909f56bfc062723c751e8b465ee728b) (PreviewImporter) -> (artifact id: '738a33ef16e47471ebc9f79614b5f0bd') in 0.0131613 seconds
Number of updated asset objects reloaded before import = 0Number of asset objects unloaded after import = 3

========================================================================
Received Import Request.
  Time since last request: 0.000023 seconds.
  path: Assets/UnitystoreAssets/Cave Platformer Tileset/Individual PNG files/Tileset/object_misc/objects_misc_12.png
  artifactKey: Guid(2efdfb4dd85cbe84684af861d3964a80) Importer(815301076,1909f56bfc062723c751e8b465ee728b)
Start importing Assets/UnitystoreAssets/Cave Platformer Tileset/Individual PNG files/Tileset/object_misc/objects_misc_12.png using Guid(2efdfb4dd85cbe84684af861d3964a80) Importer(815301076,1909f56bfc062723c751e8b465ee728b) (PreviewImporter) -> (artifact id: '0e871f5ab4e0c2fc889ddc4a573cbce2') in 0.0126797 seconds
Number of updated asset objects reloaded before import = 0Number of asset objects unloaded after import = 3

========================================================================
Received Import Request.
  Time since last request: 0.000017 seconds.
  path: Assets/Sprites/mainlev_build_446.asset
  artifactKey: Guid(179f1adc73e882142bb8ca6cd1ed26f2) Importer(815301076,1909f56bfc062723c751e8b465ee728b)
Start importing Assets/Sprites/mainlev_build_446.asset using Guid(179f1adc73e882142bb8ca6cd1ed26f2) Importer(815301076,1909f56bfc062723c751e8b465ee728b) (PreviewImporter) -> (artifact id: 'f633411be585fe5dfb8a5f9ce87c5751') in 0.0125683 seconds
Number of updated asset objects reloaded before import = 0Number of asset objects unloaded after import = 3

========================================================================
Received Import Request.
  Time since last request: 0.000014 seconds.
  path: Assets/UnitystoreAssets/Cave Platformer Tileset/Individual PNG files/Tileset/bg_cave_blueish_16x16/bg_cave_blueish_16x16_tile_10.png
  artifactKey: Guid(ab1e05d049ae81d4eb6c71e0cd5357f1) Importer(815301076,1909f56bfc062723c751e8b465ee728b)
Start importing Assets/UnitystoreAssets/Cave Platformer Tileset/Individual PNG files/Tileset/bg_cave_blueish_16x16/bg_cave_blueish_16x16_tile_10.png using Guid(ab1e05d049ae81d4eb6c71e0cd5357f1) Importer(815301076,1909f56bfc062723c751e8b465ee728b) (PreviewImporter) -> (artifact id: '0b0c739dfb2a3b44ed5661a38fb95431') in 0.0132446 seconds
Number of updated asset objects reloaded before import = 0Number of asset objects unloaded after import = 3

========================================================================
Received Import Request.
  Time since last request: 0.000013 seconds.
  path: Assets/Sprites/props1_1358.asset
  artifactKey: Guid(a03c30a6039d6f04abf7352021f9a020) Importer(815301076,1909f56bfc062723c751e8b465ee728b)
Start importing Assets/Sprites/props1_1358.asset using Guid(a03c30a6039d6f04abf7352021f9a020) Importer(815301076,1909f56bfc062723c751e8b465ee728b) (PreviewImporter) -> (artifact id: '0f45ccf1e037dc8cdacda1a7a4cf30fd') in 0.0139193 seconds
Number of updated asset objects reloaded before import = 0Number of asset objects unloaded after import = 3

========================================================================
Received Import Request.
  Time since last request: 0.000015 seconds.
  path: Assets/Sprites/props1_16.asset
  artifactKey: Guid(54ac45415f825d741999ce090e5de0dd) Importer(815301076,1909f56bfc062723c751e8b465ee728b)
Start importing Assets/Sprites/props1_16.asset using Guid(54ac45415f825d741999ce090e5de0dd) Importer(815301076,1909f56bfc062723c751e8b465ee728b) (PreviewImporter) -> (artifact id: 'fdc14a1ee731e2dd891e1cbffd0be799') in 0.0140057 seconds
Number of updated asset objects reloaded before import = 0Number of asset objects unloaded after import = 3

========================================================================
Received Import Request.
  Time since last request: 0.000014 seconds.
  path: Assets/Sprites/props1_1232.asset
  artifactKey: Guid(d48252831565f134ebaaf43bff4299e8) Importer(815301076,1909f56bfc062723c751e8b465ee728b)
Start importing Assets/Sprites/props1_1232.asset using Guid(d48252831565f134ebaaf43bff4299e8) Importer(815301076,1909f56bfc062723c751e8b465ee728b) (PreviewImporter) -> (artifact id: '100669ce321ef449d188db2fcbc34dd5') in 0.0145467 seconds
Number of updated asset objects reloaded before import = 0Number of asset objects unloaded after import = 3

========================================================================
Received Import Request.
  Time since last request: 0.000017 seconds.
  path: Assets/Sprites/mainlev_build_583.asset
  artifactKey: Guid(4cfef29419134d6458ee86237bf1bd72) Importer(815301076,1909f56bfc062723c751e8b465ee728b)
Start importing Assets/Sprites/mainlev_build_583.asset using Guid(4cfef29419134d6458ee86237bf1bd72) Importer(815301076,1909f56bfc062723c751e8b465ee728b) (PreviewImporter) -> (artifact id: '80ca1d021a47bbdb5186006e9f0bfef5') in 0.0119761 seconds
Number of updated asset objects reloaded before import = 0Number of asset objects unloaded after import = 3

========================================================================
Received Import Request.
  Time since last request: 0.000024 seconds.
  path: Assets/UnitystoreAssets/Cave Platformer Tileset/Individual PNG files/Monster/scorpion-gold/scorpion-gold-24.png
  artifactKey: Guid(d9b5d68536621bd43b9d8aa48b78a7b9) Importer(815301076,1909f56bfc062723c751e8b465ee728b)
Start importing Assets/UnitystoreAssets/Cave Platformer Tileset/Individual PNG files/Monster/scorpion-gold/scorpion-gold-24.png using Guid(d9b5d68536621bd43b9d8aa48b78a7b9) Importer(815301076,1909f56bfc062723c751e8b465ee728b) (PreviewImporter) -> (artifact id: 'c17b59b6d9c8edd994b75336e14ed7d6') in 0.0129358 seconds
Number of updated asset objects reloaded before import = 0Number of asset objects unloaded after import = 3

========================================================================
Received Import Request.
  Time since last request: 0.000014 seconds.
  path: Assets/UnitystoreAssets/Cave Platformer Tileset/Individual PNG files/Tileset/bg_objects/bg_objects_20.png
  artifactKey: Guid(12ff143899d1ad54da3861ae4f0df34b) Importer(815301076,1909f56bfc062723c751e8b465ee728b)
Start importing Assets/UnitystoreAssets/Cave Platformer Tileset/Individual PNG files/Tileset/bg_objects/bg_objects_20.png using Guid(12ff143899d1ad54da3861ae4f0df34b) Importer(815301076,1909f56bfc062723c751e8b465ee728b) (PreviewImporter) -> (artifact id: 'b5f0fa4307d09c7f4c0a0491ee550d0f') in 0.012249 seconds
Number of updated asset objects reloaded before import = 0Number of asset objects unloaded after import = 3

========================================================================
Received Import Request.
  Time since last request: 0.000013 seconds.
  path: Assets/Sprites/mainlev_build_535.asset
  artifactKey: Guid(7697f73517e40a04894becf233db0ee0) Importer(815301076,1909f56bfc062723c751e8b465ee728b)
Start importing Assets/Sprites/mainlev_build_535.asset using Guid(7697f73517e40a04894becf233db0ee0) Importer(815301076,1909f56bfc062723c751e8b465ee728b) (PreviewImporter) -> (artifact id: '2306d376e63fcdfbf7d43123865cd91e') in 0.0129334 seconds
Number of updated asset objects reloaded before import = 0Number of asset objects unloaded after import = 3

========================================================================
Received Import Request.
  Time since last request: 0.000015 seconds.
  path: Assets/Sprites/mainlev_build_278.asset
  artifactKey: Guid(88628045ffd6ed04fb91f53927d410c5) Importer(815301076,1909f56bfc062723c751e8b465ee728b)
Start importing Assets/Sprites/mainlev_build_278.asset using Guid(88628045ffd6ed04fb91f53927d410c5) Importer(815301076,1909f56bfc062723c751e8b465ee728b) (PreviewImporter) -> (artifact id: '54f64b6d3428d09ad3cc62429441b5dd') in 0.0124914 seconds
Number of updated asset objects reloaded before import = 0Number of asset objects unloaded after import = 3

========================================================================
Received Import Request.
  Time since last request: 0.000016 seconds.
  path: Assets/Sprites/props1_441.asset
  artifactKey: Guid(b34b42bfb0035c045b7bdff7cabdb496) Importer(815301076,1909f56bfc062723c751e8b465ee728b)
Start importing Assets/Sprites/props1_441.asset using Guid(b34b42bfb0035c045b7bdff7cabdb496) Importer(815301076,1909f56bfc062723c751e8b465ee728b) (PreviewImporter) -> (artifact id: '421e1c6348f29144b01592bf99cd922f') in 0.0141694 seconds
Number of updated asset objects reloaded before import = 0Number of asset objects unloaded after import = 3

========================================================================
Received Import Request.
  Time since last request: 0.000015 seconds.
  path: Assets/Sprites/mainlev_build_611.asset
  artifactKey: Guid(c6b4a1e6775ba3e4eac5f2aa5af2d906) Importer(815301076,1909f56bfc062723c751e8b465ee728b)
Start importing Assets/Sprites/mainlev_build_611.asset using Guid(c6b4a1e6775ba3e4eac5f2aa5af2d906) Importer(815301076,1909f56bfc062723c751e8b465ee728b) (PreviewImporter) -> (artifact id: '825b4fbdb2cfe034622da36553db2130') in 0.012302 seconds
Number of updated asset objects reloaded before import = 0Number of asset objects unloaded after import = 3

========================================================================
Received Import Request.
  Time since last request: 0.000017 seconds.
  path: Assets/Sprites/props1_1650.asset
  artifactKey: Guid(c8f3ccaaff0ae3d4c8edebc2d9c44cfd) Importer(815301076,1909f56bfc062723c751e8b465ee728b)
Start importing Assets/Sprites/props1_1650.asset using Guid(c8f3ccaaff0ae3d4c8edebc2d9c44cfd) Importer(815301076,1909f56bfc062723c751e8b465ee728b) (PreviewImporter) -> (artifact id: '13fc8d2fd3839f12c4f304100a70548d') in 0.0163112 seconds
Number of updated asset objects reloaded before import = 0Number of asset objects unloaded after import = 3

========================================================================
Received Import Request.
  Time since last request: 0.000022 seconds.
  path: Assets/Sprites/props1_1035.asset
  artifactKey: Guid(014aef66c1bf69447bab2801784c2272) Importer(815301076,1909f56bfc062723c751e8b465ee728b)
Start importing Assets/Sprites/props1_1035.asset using Guid(014aef66c1bf69447bab2801784c2272) Importer(815301076,1909f56bfc062723c751e8b465ee728b) (PreviewImporter) -> (artifact id: '021b6aeb3dfc23ce959612e438dbd20b') in 0.0140225 seconds
Number of updated asset objects reloaded before import = 0Number of asset objects unloaded after import = 3

========================================================================
Received Import Request.
  Time since last request: 0.000014 seconds.
  path: Assets/TextMesh Pro/Shaders/TMP_SDF-URP Unlit.shadergraph
  artifactKey: Guid(124c112a6e8f1a54e8b0870e881b56d8) Importer(815301076,1909f56bfc062723c751e8b465ee728b)
Start importing Assets/TextMesh Pro/Shaders/TMP_SDF-URP Unlit.shadergraph using Guid(124c112a6e8f1a54e8b0870e881b56d8) Importer(815301076,1909f56bfc062723c751e8b465ee728b) (PreviewImporter) -> (artifact id: 'dc51f5bea6f32848d5a58182e22e6719') in 1.0971293 seconds
Number of updated asset objects reloaded before import = 0Number of asset objects unloaded after import = 3

========================================================================
Received Import Request.
  Time since last request: 0.000030 seconds.
  path: Assets/Sprites/props1_747.asset
  artifactKey: Guid(c2bd3002ca40e454a992aecff2755e0f) Importer(815301076,1909f56bfc062723c751e8b465ee728b)
Start importing Assets/Sprites/props1_747.asset using Guid(c2bd3002ca40e454a992aecff2755e0f) Importer(815301076,1909f56bfc062723c751e8b465ee728b) (PreviewImporter) -> (artifact id: '44f8c2a11fc4e6d264bcc4751bd42b5f') in 0.0145937 seconds
Number of updated asset objects reloaded before import = 0Number of asset objects unloaded after import = 3

========================================================================
Received Import Request.
  Time since last request: 0.000031 seconds.
  path: Assets/Sprites/props1_2129.asset
  artifactKey: Guid(58d8503cd1c4b92489a977d46359bd9b) Importer(815301076,1909f56bfc062723c751e8b465ee728b)
Start importing Assets/Sprites/props1_2129.asset using Guid(58d8503cd1c4b92489a977d46359bd9b) Importer(815301076,1909f56bfc062723c751e8b465ee728b) (PreviewImporter) -> (artifact id: '6c779d692012f124f5933fe3c7c988de') in 0.0134823 seconds
Number of updated asset objects reloaded before import = 0Number of asset objects unloaded after import = 3

========================================================================
Received Import Request.
  Time since last request: 0.000022 seconds.
  path: Assets/Sprites/props1_2281.asset
  artifactKey: Guid(71c0263098b3a8b4caa252ab934d6602) Importer(815301076,1909f56bfc062723c751e8b465ee728b)
Start importing Assets/Sprites/props1_2281.asset using Guid(71c0263098b3a8b4caa252ab934d6602) Importer(815301076,1909f56bfc062723c751e8b465ee728b) (PreviewImporter) -> (artifact id: '261e3cf13bc9d2f74b9e0538dbab551d') in 0.0135341 seconds
Number of updated asset objects reloaded before import = 0Number of asset objects unloaded after import = 3

========================================================================
Received Import Request.
  Time since last request: 0.000022 seconds.
  path: Assets/Sprites/props1_789.asset
  artifactKey: Guid(7ab357ad75828984b96dba650b6c96bb) Importer(815301076,1909f56bfc062723c751e8b465ee728b)
Start importing Assets/Sprites/props1_789.asset using Guid(7ab357ad75828984b96dba650b6c96bb) Importer(815301076,1909f56bfc062723c751e8b465ee728b) (PreviewImporter) -> (artifact id: 'e528cb3ab62ae71f396713f1b9e6326d') in 0.013511 seconds
Number of updated asset objects reloaded before import = 0Number of asset objects unloaded after import = 3

========================================================================
Received Import Request.
  Time since last request: 0.000022 seconds.
  path: Assets/Sprites/props1_108.asset
  artifactKey: Guid(d5805c496988d8a4e9749716a5249f47) Importer(815301076,1909f56bfc062723c751e8b465ee728b)
Start importing Assets/Sprites/props1_108.asset using Guid(d5805c496988d8a4e9749716a5249f47) Importer(815301076,1909f56bfc062723c751e8b465ee728b) (PreviewImporter) -> (artifact id: '83978194be3feabd83f55a758cc2fece') in 0.0141061 seconds
Number of updated asset objects reloaded before import = 0Number of asset objects unloaded after import = 3

========================================================================
Received Import Request.
  Time since last request: 0.000025 seconds.
  path: Assets/Sprites/props1_2051.asset
  artifactKey: Guid(5808a3504929c6847a8b3764b5a60e9a) Importer(815301076,1909f56bfc062723c751e8b465ee728b)
Start importing Assets/Sprites/props1_2051.asset using Guid(5808a3504929c6847a8b3764b5a60e9a) Importer(815301076,1909f56bfc062723c751e8b465ee728b) (PreviewImporter) -> (artifact id: '4491a5082299b86c3baec9af6b5d34db') in 0.0156355 seconds
Number of updated asset objects reloaded before import = 0Number of asset objects unloaded after import = 3

========================================================================
Received Import Request.
  Time since last request: 0.000022 seconds.
  path: Assets/Sprites/props1_516.asset
  artifactKey: Guid(9c4eb72ac1f494d4187e9f5db3c961e4) Importer(815301076,1909f56bfc062723c751e8b465ee728b)
Start importing Assets/Sprites/props1_516.asset using Guid(9c4eb72ac1f494d4187e9f5db3c961e4) Importer(815301076,1909f56bfc062723c751e8b465ee728b) (PreviewImporter) -> (artifact id: '5d608071f3cfb5a15af2c3903835a0ff') in 0.0135258 seconds
Number of updated asset objects reloaded before import = 0Number of asset objects unloaded after import = 3

========================================================================
Received Import Request.
  Time since last request: 0.000024 seconds.
  path: Assets/UnitystoreAssets/Cave Platformer Tileset/Individual PNG files/Tileset/trees-trunk-dark/trees-trunk-dark-11.png
  artifactKey: Guid(86ad3b81cf4f1304bb8e1c18bc53a779) Importer(815301076,1909f56bfc062723c751e8b465ee728b)
Start importing Assets/UnitystoreAssets/Cave Platformer Tileset/Individual PNG files/Tileset/trees-trunk-dark/trees-trunk-dark-11.png using Guid(86ad3b81cf4f1304bb8e1c18bc53a779) Importer(815301076,1909f56bfc062723c751e8b465ee728b) (PreviewImporter) -> (artifact id: 'd972a08a839b6f9d300d0600890a03b9') in 0.0128794 seconds
Number of updated asset objects reloaded before import = 0Number of asset objects unloaded after import = 3

========================================================================
Received Import Request.
  Time since last request: 0.000029 seconds.
  path: Assets/Sprites/props1_701.asset
  artifactKey: Guid(386ef2d39470b0148827c77ffd617b3f) Importer(815301076,1909f56bfc062723c751e8b465ee728b)
Start importing Assets/Sprites/props1_701.asset using Guid(386ef2d39470b0148827c77ffd617b3f) Importer(815301076,1909f56bfc062723c751e8b465ee728b) (PreviewImporter) -> (artifact id: 'd47114dbd952acad235f9e970eb8e95e') in 0.0135788 seconds
Number of updated asset objects reloaded before import = 0Number of asset objects unloaded after import = 3

========================================================================
Received Import Request.
  Time since last request: 0.000023 seconds.
  path: Assets/UnitystoreAssets/Asset FTTGR/Palettes/Decorations/Bilding3.asset
  artifactKey: Guid(ddf95e527ad25644da89b3b1a9702f4a) Importer(815301076,1909f56bfc062723c751e8b465ee728b)
Start importing Assets/UnitystoreAssets/Asset FTTGR/Palettes/Decorations/Bilding3.asset using Guid(ddf95e527ad25644da89b3b1a9702f4a) Importer(815301076,1909f56bfc062723c751e8b465ee728b) (PreviewImporter) -> (artifact id: '7810ac0d7c4cb26b65fda00be2b45370') in 0.0093465 seconds
Number of updated asset objects reloaded before import = 0Number of asset objects unloaded after import = 3

========================================================================
Received Import Request.
  Time since last request: 0.000021 seconds.
  path: Assets/Sprites/props1_1961.asset
  artifactKey: Guid(0c8547fda5296824ba4404332a57e078) Importer(815301076,1909f56bfc062723c751e8b465ee728b)
Start importing Assets/Sprites/props1_1961.asset using Guid(0c8547fda5296824ba4404332a57e078) Importer(815301076,1909f56bfc062723c751e8b465ee728b) (PreviewImporter) -> (artifact id: 'aef8db3c3d8c638921fb43eec4d2bbc5') in 0.0132374 seconds
Number of updated asset objects reloaded before import = 0Number of asset objects unloaded after import = 3

========================================================================
Received Import Request.
  Time since last request: 0.000021 seconds.
  path: Assets/Sprites/props1_2068.asset
  artifactKey: Guid(a30d3f8284da0634c863a7e6849fac6c) Importer(815301076,1909f56bfc062723c751e8b465ee728b)
Start importing Assets/Sprites/props1_2068.asset using Guid(a30d3f8284da0634c863a7e6849fac6c) Importer(815301076,1909f56bfc062723c751e8b465ee728b) (PreviewImporter) -> (artifact id: 'bb1f8c12db3175b4bd67832fe0dfb1e1') in 0.0155457 seconds
Number of updated asset objects reloaded before import = 0Number of asset objects unloaded after import = 3

========================================================================
Received Import Request.
  Time since last request: 0.000021 seconds.
  path: Assets/UnitystoreAssets/Cave Platformer Tileset/Individual PNG files/Tileset/objects_misc_animated/object_misc_animated_49.png
  artifactKey: Guid(9603b93c4c1ceb341ab3bd4926eea982) Importer(815301076,1909f56bfc062723c751e8b465ee728b)
Start importing Assets/UnitystoreAssets/Cave Platformer Tileset/Individual PNG files/Tileset/objects_misc_animated/object_misc_animated_49.png using Guid(9603b93c4c1ceb341ab3bd4926eea982) Importer(815301076,1909f56bfc062723c751e8b465ee728b) (PreviewImporter) -> (artifact id: 'd0714ae53be8fa788ab8489ddb6aba39') in 0.0124838 seconds
Number of updated asset objects reloaded before import = 0Number of asset objects unloaded after import = 3

========================================================================
Received Import Request.
  Time since last request: 0.000021 seconds.
  path: Assets/Sprites/props1_577.asset
  artifactKey: Guid(92ca58c6187868041b9da8323b5f55c4) Importer(815301076,1909f56bfc062723c751e8b465ee728b)
Start importing Assets/Sprites/props1_577.asset using Guid(92ca58c6187868041b9da8323b5f55c4) Importer(815301076,1909f56bfc062723c751e8b465ee728b) (PreviewImporter) -> (artifact id: '02795bb6f8c0cc4c6c6c82a4cdca3a8b') in 0.0139546 seconds
Number of updated asset objects reloaded before import = 0Number of asset objects unloaded after import = 3

========================================================================
Received Import Request.
  Time since last request: 0.000023 seconds.
  path: Assets/Sprites/props1_1902.asset
  artifactKey: Guid(fe9cfd2b87ea0f54e85e7addc2382be3) Importer(815301076,1909f56bfc062723c751e8b465ee728b)
Start importing Assets/Sprites/props1_1902.asset using Guid(fe9cfd2b87ea0f54e85e7addc2382be3) Importer(815301076,1909f56bfc062723c751e8b465ee728b) (PreviewImporter) -> (artifact id: '452d6a6d912d04adad49daa36612b825') in 0.0134209 seconds
Number of updated asset objects reloaded before import = 0Number of asset objects unloaded after import = 3

========================================================================
Received Import Request.
  Time since last request: 0.000033 seconds.
  path: Assets/UnitystoreAssets/Cave Platformer Tileset/Individual PNG files/Monster/scorpion-gold/scorpion-gold-8.png
  artifactKey: Guid(359958205cd2366499edff4556047c35) Importer(815301076,1909f56bfc062723c751e8b465ee728b)
Start importing Assets/UnitystoreAssets/Cave Platformer Tileset/Individual PNG files/Monster/scorpion-gold/scorpion-gold-8.png using Guid(359958205cd2366499edff4556047c35) Importer(815301076,1909f56bfc062723c751e8b465ee728b) (PreviewImporter) -> (artifact id: 'd00c858b419ea432cab08d404b6e2676') in 0.0137417 seconds
Number of updated asset objects reloaded before import = 0Number of asset objects unloaded after import = 3

========================================================================
Received Import Request.
  Time since last request: 0.000021 seconds.
  path: Assets/UnitystoreAssets/Cainos/Pixel Art Platformer - Village Props/Tileset Palette/TP Ground/TX Tileset Ground_32.asset
  artifactKey: Guid(faacf75693de04c43958bfb232a15727) Importer(815301076,1909f56bfc062723c751e8b465ee728b)
Start importing Assets/UnitystoreAssets/Cainos/Pixel Art Platformer - Village Props/Tileset Palette/TP Ground/TX Tileset Ground_32.asset using Guid(faacf75693de04c43958bfb232a15727) Importer(815301076,1909f56bfc062723c751e8b465ee728b) (PreviewImporter) -> (artifact id: 'bfb926197c3b550e6df0234e112d9d3d') in 0.0104669 seconds
Number of updated asset objects reloaded before import = 0Number of asset objects unloaded after import = 3

========================================================================
Received Import Request.
  Time since last request: 0.000021 seconds.
  path: Assets/UnitystoreAssets/Cave Platformer Tileset/Individual PNG files/Tileset/bg_objects/bg_objects_25.png
  artifactKey: Guid(ff10234e61dafa341a7388b65536496e) Importer(815301076,1909f56bfc062723c751e8b465ee728b)
Start importing Assets/UnitystoreAssets/Cave Platformer Tileset/Individual PNG files/Tileset/bg_objects/bg_objects_25.png using Guid(ff10234e61dafa341a7388b65536496e) Importer(815301076,1909f56bfc062723c751e8b465ee728b) (PreviewImporter) -> (artifact id: 'f5200aef2bf80ddb1b5b089c7175bedf') in 0.013461 seconds
Number of updated asset objects reloaded before import = 0Number of asset objects unloaded after import = 3

========================================================================
Received Import Request.
  Time since last request: 0.000021 seconds.
  path: Assets/Sprites/props1_166.asset
  artifactKey: Guid(ef1f1a478fa4d3e438599817fb85f117) Importer(815301076,1909f56bfc062723c751e8b465ee728b)
Start importing Assets/Sprites/props1_166.asset using Guid(ef1f1a478fa4d3e438599817fb85f117) Importer(815301076,1909f56bfc062723c751e8b465ee728b) (PreviewImporter) -> (artifact id: 'e82f98feac9c2ca5dd8b0676efc3a9fa') in 0.0138566 seconds
Number of updated asset objects reloaded before import = 0Number of asset objects unloaded after import = 3

========================================================================
Received Import Request.
  Time since last request: 0.000021 seconds.
  path: Assets/Sprites/props1_551.asset
  artifactKey: Guid(7aa7bf412f64a0d4db8aa49e4b050122) Importer(815301076,1909f56bfc062723c751e8b465ee728b)
Start importing Assets/Sprites/props1_551.asset using Guid(7aa7bf412f64a0d4db8aa49e4b050122) Importer(815301076,1909f56bfc062723c751e8b465ee728b) (PreviewImporter) -> (artifact id: '3a51d1ff3d368bd52c7dc7f8442bf922') in 0.0139454 seconds
Number of updated asset objects reloaded before import = 0Number of asset objects unloaded after import = 3

========================================================================
Received Import Request.
  Time since last request: 0.000021 seconds.
  path: Assets/Sprites/mainlev_build_329.asset
  artifactKey: Guid(e7c92e9a0d1d3a44aa3739803caab837) Importer(815301076,1909f56bfc062723c751e8b465ee728b)
Start importing Assets/Sprites/mainlev_build_329.asset using Guid(e7c92e9a0d1d3a44aa3739803caab837) Importer(815301076,1909f56bfc062723c751e8b465ee728b) (PreviewImporter) -> (artifact id: '3e2abec6cc338e640b09e84a20ae99d0') in 0.0115571 seconds
Number of updated asset objects reloaded before import = 0Number of asset objects unloaded after import = 3

========================================================================
Received Import Request.
  Time since last request: 0.000021 seconds.
  path: Assets/Sprites/props1_2241.asset
  artifactKey: Guid(822f4c0d439cf77439f9dac3dde7fc2c) Importer(815301076,1909f56bfc062723c751e8b465ee728b)
Start importing Assets/Sprites/props1_2241.asset using Guid(822f4c0d439cf77439f9dac3dde7fc2c) Importer(815301076,1909f56bfc062723c751e8b465ee728b) (PreviewImporter) -> (artifact id: '2164567030043dc9abb16663a21c5589') in 0.0141349 seconds
Number of updated asset objects reloaded before import = 0Number of asset objects unloaded after import = 3

========================================================================
Received Import Request.
  Time since last request: 0.000024 seconds.
  path: Assets/Sprites/mainlev_build_730.asset
  artifactKey: Guid(dcc7ab0b3a555da478a8492bd47fd96c) Importer(815301076,1909f56bfc062723c751e8b465ee728b)
Start importing Assets/Sprites/mainlev_build_730.asset using Guid(dcc7ab0b3a555da478a8492bd47fd96c) Importer(815301076,1909f56bfc062723c751e8b465ee728b) (PreviewImporter) -> (artifact id: '09d977a341937058a8ca043286b434be') in 0.0123395 seconds
Number of updated asset objects reloaded before import = 0Number of asset objects unloaded after import = 3

========================================================================
Received Import Request.
  Time since last request: 0.000030 seconds.
  path: Assets/Sprites/props1_1572.asset
  artifactKey: Guid(fca726431aa942a489cc0a0656ef90a4) Importer(815301076,1909f56bfc062723c751e8b465ee728b)
Start importing Assets/Sprites/props1_1572.asset using Guid(fca726431aa942a489cc0a0656ef90a4) Importer(815301076,1909f56bfc062723c751e8b465ee728b) (PreviewImporter) -> (artifact id: '090f9cbd58980d183209723ea3b4ad5b') in 0.0191045 seconds
Number of updated asset objects reloaded before import = 0Number of asset objects unloaded after import = 3

========================================================================
Received Import Request.
  Time since last request: 0.000025 seconds.
  path: Assets/UnitystoreAssets/Cainos/Pixel Art Platformer - Village Props/Tileset Palette/TP Ground/TX Tileset Ground_103.asset
  artifactKey: Guid(e02cb1d48886e2049af78183d9b488e2) Importer(815301076,1909f56bfc062723c751e8b465ee728b)
Start importing Assets/UnitystoreAssets/Cainos/Pixel Art Platformer - Village Props/Tileset Palette/TP Ground/TX Tileset Ground_103.asset using Guid(e02cb1d48886e2049af78183d9b488e2) Importer(815301076,1909f56bfc062723c751e8b465ee728b) (PreviewImporter) -> (artifact id: '13ed3d6d6790e9be41ae3f8b7d69b62d') in 0.01105 seconds
Number of updated asset objects reloaded before import = 0Number of asset objects unloaded after import = 3

========================================================================
Received Import Request.
  Time since last request: 0.000020 seconds.
  path: Assets/karsiori/TileMap
  artifactKey: Guid(f0a42fdbfcc70674095ba99a4a5da981) Importer(815301076,1909f56bfc062723c751e8b465ee728b)
Start importing Assets/karsiori/TileMap using Guid(f0a42fdbfcc70674095ba99a4a5da981) Importer(815301076,1909f56bfc062723c751e8b465ee728b) (PreviewImporter) -> (artifact id: 'fa741d0defaee19c44f86294bd66fc1b') in 0.0004676 seconds
Number of updated asset objects reloaded before import = 0Number of asset objects unloaded after import = 0

========================================================================
Received Import Request.
  Time since last request: 0.000029 seconds.
  path: Assets/UnitystoreAssets/Cave Platformer Tileset/Individual PNG files/Tileset/bg_cave_greenish_16x16/bg_cave_greenish_16x16_tile_05.png
  artifactKey: Guid(8d8abe2d14daf0b43b7239c76ed3e9a9) Importer(815301076,1909f56bfc062723c751e8b465ee728b)
Start importing Assets/UnitystoreAssets/Cave Platformer Tileset/Individual PNG files/Tileset/bg_cave_greenish_16x16/bg_cave_greenish_16x16_tile_05.png using Guid(8d8abe2d14daf0b43b7239c76ed3e9a9) Importer(815301076,1909f56bfc062723c751e8b465ee728b) (PreviewImporter) -> (artifact id: 'd3b4a6c6c9e1e6f51eb6739f5c099c29') in 0.0124852 seconds
Number of updated asset objects reloaded before import = 0Number of asset objects unloaded after import = 3

========================================================================
Received Import Request.
  Time since last request: 0.000021 seconds.
  path: Assets/UnitystoreAssets/Cainos/Pixel Art Platformer - Village Props/Tileset Palette/TP Ground/TX Tileset Ground_8.asset
  artifactKey: Guid(25a0fc5f8a18715418d78e41befcb464) Importer(815301076,1909f56bfc062723c751e8b465ee728b)
Start importing Assets/UnitystoreAssets/Cainos/Pixel Art Platformer - Village Props/Tileset Palette/TP Ground/TX Tileset Ground_8.asset using Guid(25a0fc5f8a18715418d78e41befcb464) Importer(815301076,1909f56bfc062723c751e8b465ee728b) (PreviewImporter) -> (artifact id: '3883c7fd9aeb423cddf2ad6b7d06171e') in 0.0103996 seconds
Number of updated asset objects reloaded before import = 0Number of asset objects unloaded after import = 3

========================================================================
Received Import Request.
  Time since last request: 0.000021 seconds.
  path: Assets/UnitystoreAssets/Cave Platformer Tileset/Individual PNG files/Tileset/trees-trunk-white/trees-trunk-white-66.png
  artifactKey: Guid(c19c064550865734f98927f66b704105) Importer(815301076,1909f56bfc062723c751e8b465ee728b)
Start importing Assets/UnitystoreAssets/Cave Platformer Tileset/Individual PNG files/Tileset/trees-trunk-white/trees-trunk-white-66.png using Guid(c19c064550865734f98927f66b704105) Importer(815301076,1909f56bfc062723c751e8b465ee728b) (PreviewImporter) -> (artifact id: 'd4769fd51bbe86c619f88fab4dfcf949') in 0.0145073 seconds
Number of updated asset objects reloaded before import = 0Number of asset objects unloaded after import = 3

========================================================================
Received Import Request.
  Time since last request: 0.000022 seconds.
  path: Assets/UnitystoreAssets/Cave Platformer Tileset/Individual PNG files/Tileset/parallax_bg_set
  artifactKey: Guid(ac05614fcf21f604abd3a0d765c98315) Importer(815301076,1909f56bfc062723c751e8b465ee728b)
Start importing Assets/UnitystoreAssets/Cave Platformer Tileset/Individual PNG files/Tileset/parallax_bg_set using Guid(ac05614fcf21f604abd3a0d765c98315) Importer(815301076,1909f56bfc062723c751e8b465ee728b) (PreviewImporter) -> (artifact id: 'f99ffec908ba4199e5b5c882d5ec20c3') in 0.0004655 seconds
Number of updated asset objects reloaded before import = 0Number of asset objects unloaded after import = 0

========================================================================
Received Import Request.
  Time since last request: 0.000023 seconds.
  path: Assets/Sprites/props1_485.asset
  artifactKey: Guid(b03dfc532c514e74088ba7bb0c1fe722) Importer(815301076,1909f56bfc062723c751e8b465ee728b)
Start importing Assets/Sprites/props1_485.asset using Guid(b03dfc532c514e74088ba7bb0c1fe722) Importer(815301076,1909f56bfc062723c751e8b465ee728b) (PreviewImporter) -> (artifact id: 'bce18b74a936782650358088b9419ced') in 0.0147932 seconds
Number of updated asset objects reloaded before import = 0Number of asset objects unloaded after import = 3

========================================================================
Received Import Request.
  Time since last request: 0.000029 seconds.
  path: Assets/Sprites/mainlev_build_439.asset
  artifactKey: Guid(7b6dd65e26406fa4b9116f841e802377) Importer(815301076,1909f56bfc062723c751e8b465ee728b)
Start importing Assets/Sprites/mainlev_build_439.asset using Guid(7b6dd65e26406fa4b9116f841e802377) Importer(815301076,1909f56bfc062723c751e8b465ee728b) (PreviewImporter) -> (artifact id: '51a3bb9800473c85e2384ba76bb83fd0') in 0.0120726 seconds
Number of updated asset objects reloaded before import = 0Number of asset objects unloaded after import = 3

========================================================================
Received Import Request.
  Time since last request: 0.000022 seconds.
  path: Assets/Sprites/mainlev_build_236.asset
  artifactKey: Guid(0d57eff50acc6564190741aedf15c214) Importer(815301076,1909f56bfc062723c751e8b465ee728b)
Start importing Assets/Sprites/mainlev_build_236.asset using Guid(0d57eff50acc6564190741aedf15c214) Importer(815301076,1909f56bfc062723c751e8b465ee728b) (PreviewImporter) -> (artifact id: '09320fb83e023716e62e40de75d05e4b') in 0.0150255 seconds
Number of updated asset objects reloaded before import = 0Number of asset objects unloaded after import = 3

========================================================================
Received Import Request.
  Time since last request: 0.000021 seconds.
  path: Assets/TextMesh Pro/Sprites/EmojiOne.json
  artifactKey: Guid(8f05276190cf498a8153f6cbe761d4e6) Importer(815301076,1909f56bfc062723c751e8b465ee728b)
Start importing Assets/TextMesh Pro/Sprites/EmojiOne.json using Guid(8f05276190cf498a8153f6cbe761d4e6) Importer(815301076,1909f56bfc062723c751e8b465ee728b) (PreviewImporter) -> (artifact id: '537fea069f07a6344d98c06f67066f91') in 0.0039016 seconds
Number of updated asset objects reloaded before import = 0Number of asset objects unloaded after import = 1

========================================================================
Received Import Request.
  Time since last request: 0.000020 seconds.
  path: Assets/Sprites/props1_2048.asset
  artifactKey: Guid(f8c6e21ec384b194a9a19a88d75cb410) Importer(815301076,1909f56bfc062723c751e8b465ee728b)
Start importing Assets/Sprites/props1_2048.asset using Guid(f8c6e21ec384b194a9a19a88d75cb410) Importer(815301076,1909f56bfc062723c751e8b465ee728b) (PreviewImporter) -> (artifact id: '4938ec3846ec9cf939a103c457f13908') in 0.0136065 seconds
Number of updated asset objects reloaded before import = 0Number of asset objects unloaded after import = 3

========================================================================
Received Import Request.
  Time since last request: 0.000039 seconds.
  path: Assets/Sprites/mainlev_build_39.asset
  artifactKey: Guid(e70eaa51a04248f4bb7f288a71f8a13e) Importer(815301076,1909f56bfc062723c751e8b465ee728b)
Start importing Assets/Sprites/mainlev_build_39.asset using Guid(e70eaa51a04248f4bb7f288a71f8a13e) Importer(815301076,1909f56bfc062723c751e8b465ee728b) (PreviewImporter) -> (artifact id: 'b8bc02b6270ef09df649399c12ad85e5') in 0.0147389 seconds
Number of updated asset objects reloaded before import = 0Number of asset objects unloaded after import = 3

========================================================================
Received Import Request.
  Time since last request: 0.006734 seconds.
  path: Assets/Sprites/mainlev_build_402.asset
  artifactKey: Guid(8fb63c2f8a7b26e46b409f8dbe3bfe67) Importer(815301076,1909f56bfc062723c751e8b465ee728b)
Start importing Assets/Sprites/mainlev_build_402.asset using Guid(8fb63c2f8a7b26e46b409f8dbe3bfe67) Importer(815301076,1909f56bfc062723c751e8b465ee728b) (PreviewImporter) -> (artifact id: '870883239ad2917c13570c8b87af9980') in 0.0138494 seconds
Number of updated asset objects reloaded before import = 0Number of asset objects unloaded after import = 3

========================================================================
Received Import Request.
  Time since last request: 0.000022 seconds.
  path: Assets/Sprites/mainlev_build_792.asset
  artifactKey: Guid(cda8e6b58de7dc846a2fc622df0b1c49) Importer(815301076,1909f56bfc062723c751e8b465ee728b)
Start importing Assets/Sprites/mainlev_build_792.asset using Guid(cda8e6b58de7dc846a2fc622df0b1c49) Importer(815301076,1909f56bfc062723c751e8b465ee728b) (PreviewImporter) -> (artifact id: 'c25307c01af2a127abe45cd546c8634b') in 0.0121485 seconds
Number of updated asset objects reloaded before import = 0Number of asset objects unloaded after import = 3

========================================================================
Received Import Request.
  Time since last request: 0.000030 seconds.
  path: Assets/Sprites/props1_1448.asset
  artifactKey: Guid(d4b24c1a938247c419dc24c830e868ca) Importer(815301076,1909f56bfc062723c751e8b465ee728b)
Start importing Assets/Sprites/props1_1448.asset using Guid(d4b24c1a938247c419dc24c830e868ca) Importer(815301076,1909f56bfc062723c751e8b465ee728b) (PreviewImporter) -> (artifact id: '772ee66dce643a9e5c05f41277930dad') in 0.0137292 seconds
Number of updated asset objects reloaded before import = 0Number of asset objects unloaded after import = 3

========================================================================
Received Import Request.
  Time since last request: 0.000023 seconds.
  path: Assets/Sprites/props1_2084.asset
  artifactKey: Guid(d55e63ab76558cc41a07d6ba3080817a) Importer(815301076,1909f56bfc062723c751e8b465ee728b)
Start importing Assets/Sprites/props1_2084.asset using Guid(d55e63ab76558cc41a07d6ba3080817a) Importer(815301076,1909f56bfc062723c751e8b465ee728b) (PreviewImporter) -> (artifact id: 'c58123107079f2ee6c672e27824771ae') in 0.0132308 seconds
Number of updated asset objects reloaded before import = 0Number of asset objects unloaded after import = 3

========================================================================
Received Import Request.
  Time since last request: 0.000021 seconds.
  path: Assets/Sprites/props1_1379.asset
  artifactKey: Guid(40b940152d3e7c9448d0579dc3065d8c) Importer(815301076,1909f56bfc062723c751e8b465ee728b)
Start importing Assets/Sprites/props1_1379.asset using Guid(40b940152d3e7c9448d0579dc3065d8c) Importer(815301076,1909f56bfc062723c751e8b465ee728b) (PreviewImporter) -> (artifact id: 'a325dfb99719cfbb754e8890660b619c') in 0.0134852 seconds
Number of updated asset objects reloaded before import = 0Number of asset objects unloaded after import = 3

========================================================================
Received Import Request.
  Time since last request: 0.000022 seconds.
  path: Assets/UnitystoreAssets/Cainos/Common
  artifactKey: Guid(b07da84b7f3bba44b9a75e50d115c0e8) Importer(815301076,1909f56bfc062723c751e8b465ee728b)
Start importing Assets/UnitystoreAssets/Cainos/Common using Guid(b07da84b7f3bba44b9a75e50d115c0e8) Importer(815301076,1909f56bfc062723c751e8b465ee728b) (PreviewImporter) -> (artifact id: '35f05bee8b95619c5ab1a127061c72b1') in 0.0004531 seconds
Number of updated asset objects reloaded before import = 0Number of asset objects unloaded after import = 0

========================================================================
Received Import Request.
  Time since last request: 0.000030 seconds.
  path: Assets/Sprites/props1_25.asset
  artifactKey: Guid(411ed28c70894824a9d8b5ea455543db) Importer(815301076,1909f56bfc062723c751e8b465ee728b)
Start importing Assets/Sprites/props1_25.asset using Guid(411ed28c70894824a9d8b5ea455543db) Importer(815301076,1909f56bfc062723c751e8b465ee728b) (PreviewImporter) -> (artifact id: '6d48e64b103344f31e2b7a9015d47a86') in 0.0164411 seconds
Number of updated asset objects reloaded before import = 0Number of asset objects unloaded after import = 3

========================================================================
Received Import Request.
  Time since last request: 0.000022 seconds.
  path: Assets/Sprites/props1_1703.asset
  artifactKey: Guid(84014b5e0f4ba4e499d9caac1685a385) Importer(815301076,1909f56bfc062723c751e8b465ee728b)
Start importing Assets/Sprites/props1_1703.asset using Guid(84014b5e0f4ba4e499d9caac1685a385) Importer(815301076,1909f56bfc062723c751e8b465ee728b) (PreviewImporter) -> (artifact id: '8d31d1f61427a78b1e10887699b683d4') in 0.0139645 seconds
Number of updated asset objects reloaded before import = 0Number of asset objects unloaded after import = 3

========================================================================
Received Import Request.
  Time since last request: 0.000022 seconds.
  path: Assets/Sprites/props1_275.asset
  artifactKey: Guid(021df46caf05b30499eddc8739663df1) Importer(815301076,1909f56bfc062723c751e8b465ee728b)
Start importing Assets/Sprites/props1_275.asset using Guid(021df46caf05b30499eddc8739663df1) Importer(815301076,1909f56bfc062723c751e8b465ee728b) (PreviewImporter) -> (artifact id: '42c5ee503440c5e8d8a11dc9c4475408') in 0.0140733 seconds
Number of updated asset objects reloaded before import = 0Number of asset objects unloaded after import = 3

========================================================================
Received Import Request.
  Time since last request: 0.000024 seconds.
  path: Assets/UnitystoreAssets/Cave Platformer Tileset/Individual PNG files/Tileset/bg_cave_blueish_16x32/bg_cave_blueish_16x32_tile_13.png
  artifactKey: Guid(f6aca7ba9128ecc489a139f63740d0f6) Importer(815301076,1909f56bfc062723c751e8b465ee728b)
Start importing Assets/UnitystoreAssets/Cave Platformer Tileset/Individual PNG files/Tileset/bg_cave_blueish_16x32/bg_cave_blueish_16x32_tile_13.png using Guid(f6aca7ba9128ecc489a139f63740d0f6) Importer(815301076,1909f56bfc062723c751e8b465ee728b) (PreviewImporter) -> (artifact id: '204db56b7ab285f3e29acb35b9565812') in 0.012164 seconds
Number of updated asset objects reloaded before import = 0Number of asset objects unloaded after import = 3

========================================================================
Received Import Request.
  Time since last request: 0.000030 seconds.
  path: Assets/Sprites/mainlev_build_426.asset
  artifactKey: Guid(5cf94a7b4f50d2e43bf5ba079c5f0b6e) Importer(815301076,1909f56bfc062723c751e8b465ee728b)
Start importing Assets/Sprites/mainlev_build_426.asset using Guid(5cf94a7b4f50d2e43bf5ba079c5f0b6e) Importer(815301076,1909f56bfc062723c751e8b465ee728b) (PreviewImporter) -> (artifact id: '9b636549dd92740d43dd83550fb21200') in 0.0122379 seconds
Number of updated asset objects reloaded before import = 0Number of asset objects unloaded after import = 3

========================================================================
Received Import Request.
  Time since last request: 0.000022 seconds.
  path: Assets/Sprites/mainlev_build_886.asset
  artifactKey: Guid(182fffa9d172b884ca9c4bb87979ffa1) Importer(815301076,1909f56bfc062723c751e8b465ee728b)
Start importing Assets/Sprites/mainlev_build_886.asset using Guid(182fffa9d172b884ca9c4bb87979ffa1) Importer(815301076,1909f56bfc062723c751e8b465ee728b) (PreviewImporter) -> (artifact id: '2ec095b41671aec2c17cf54b414941f8') in 0.0121626 seconds
Number of updated asset objects reloaded before import = 0Number of asset objects unloaded after import = 3

========================================================================
Received Import Request.
  Time since last request: 0.000021 seconds.
  path: Assets/UnitystoreAssets/Cave Platformer Tileset/Individual PNG files/Tileset/bg_cave_blueish_16x16/bg_cave_blueish_16x16_tile_12.png
  artifactKey: Guid(3f1d6e037f5407347b8866c7bf691b74) Importer(815301076,1909f56bfc062723c751e8b465ee728b)
Start importing Assets/UnitystoreAssets/Cave Platformer Tileset/Individual PNG files/Tileset/bg_cave_blueish_16x16/bg_cave_blueish_16x16_tile_12.png using Guid(3f1d6e037f5407347b8866c7bf691b74) Importer(815301076,1909f56bfc062723c751e8b465ee728b) (PreviewImporter) -> (artifact id: 'cb8138e0bf984304f3bee682588bfd62') in 0.0132696 seconds
Number of updated asset objects reloaded before import = 0Number of asset objects unloaded after import = 3

========================================================================
Received Import Request.
  Time since last request: 0.000020 seconds.
  path: Assets/Sprites/props1_1143.asset
  artifactKey: Guid(3ee340fa2fab35e478073991e32a1666) Importer(815301076,1909f56bfc062723c751e8b465ee728b)
Start importing Assets/Sprites/props1_1143.asset using Guid(3ee340fa2fab35e478073991e32a1666) Importer(815301076,1909f56bfc062723c751e8b465ee728b) (PreviewImporter) -> (artifact id: '2281b4287fadf8605357356ec710d6cd') in 0.0134882 seconds
Number of updated asset objects reloaded before import = 0Number of asset objects unloaded after import = 3

========================================================================
Received Import Request.
  Time since last request: 0.000022 seconds.
  path: Assets/Sprites/props1_1680.asset
  artifactKey: Guid(d4804c3a77ec9a14fb04629ab9e1b837) Importer(815301076,1909f56bfc062723c751e8b465ee728b)
Start importing Assets/Sprites/props1_1680.asset using Guid(d4804c3a77ec9a14fb04629ab9e1b837) Importer(815301076,1909f56bfc062723c751e8b465ee728b) (PreviewImporter) -> (artifact id: '758f35908ba76cde3c186ae2fcb03e47') in 0.0191335 seconds
Number of updated asset objects reloaded before import = 0Number of asset objects unloaded after import = 3

========================================================================
Received Import Request.
  Time since last request: 0.000021 seconds.
  path: Assets/Sprites/mainlev_build_378.asset
  artifactKey: Guid(b3d90a265deeab84cb20d60bf22aaf39) Importer(815301076,1909f56bfc062723c751e8b465ee728b)
Start importing Assets/Sprites/mainlev_build_378.asset using Guid(b3d90a265deeab84cb20d60bf22aaf39) Importer(815301076,1909f56bfc062723c751e8b465ee728b) (PreviewImporter) -> (artifact id: '9856c59669358e8347b7324433ddf87c') in 0.0121555 seconds
Number of updated asset objects reloaded before import = 0Number of asset objects unloaded after import = 3

========================================================================
Received Import Request.
  Time since last request: 0.000024 seconds.
  path: Assets/Sprites/props1_703.asset
  artifactKey: Guid(80e53725844c5294c93f2648c7920faf) Importer(815301076,1909f56bfc062723c751e8b465ee728b)
Start importing Assets/Sprites/props1_703.asset using Guid(80e53725844c5294c93f2648c7920faf) Importer(815301076,1909f56bfc062723c751e8b465ee728b) (PreviewImporter) -> (artifact id: '59981b5bee26678abb5432115d76a943') in 0.0137447 seconds
Number of updated asset objects reloaded before import = 0Number of asset objects unloaded after import = 3

========================================================================
Received Import Request.
  Time since last request: 0.000030 seconds.
  path: Assets/UnitystoreAssets/Cave Platformer Tileset/Individual PNG files/Tileset/trees-trunk-lightbrown/trees-trunk-lightbrown-38.png
  artifactKey: Guid(f107fa4643776b64db7209031fd61a98) Importer(815301076,1909f56bfc062723c751e8b465ee728b)
Start importing Assets/UnitystoreAssets/Cave Platformer Tileset/Individual PNG files/Tileset/trees-trunk-lightbrown/trees-trunk-lightbrown-38.png using Guid(f107fa4643776b64db7209031fd61a98) Importer(815301076,1909f56bfc062723c751e8b465ee728b) (PreviewImporter) -> (artifact id: '7a3b511fb82ad73d380182fae071fa58') in 0.0124844 seconds
Number of updated asset objects reloaded before import = 0Number of asset objects unloaded after import = 3

========================================================================
Received Import Request.
  Time since last request: 0.000021 seconds.
  path: Assets/Sprites/sr5z511edd29a8aws3.png
  artifactKey: Guid(a211ed1e5f37f7b4c888ca33df985bb3) Importer(815301076,1909f56bfc062723c751e8b465ee728b)
Start importing Assets/Sprites/sr5z511edd29a8aws3.png using Guid(a211ed1e5f37f7b4c888ca33df985bb3) Importer(815301076,1909f56bfc062723c751e8b465ee728b) (PreviewImporter) -> (artifact id: 'b8a51bd1a7ffe78e9f8dff0e41ec4b38') in 0.0163416 seconds
Number of updated asset objects reloaded before import = 0Number of asset objects unloaded after import = 3

========================================================================
Received Import Request.
  Time since last request: 0.000021 seconds.
  path: Assets/UnitystoreAssets/Cave Platformer Tileset/Individual PNG files/Tileset/water_animated/water_animated_2.png
  artifactKey: Guid(7f6182c1ccbbea4418d5077d4bd86746) Importer(815301076,1909f56bfc062723c751e8b465ee728b)
Start importing Assets/UnitystoreAssets/Cave Platformer Tileset/Individual PNG files/Tileset/water_animated/water_animated_2.png using Guid(7f6182c1ccbbea4418d5077d4bd86746) Importer(815301076,1909f56bfc062723c751e8b465ee728b) (PreviewImporter) -> (artifact id: 'f9911a5903bd3e73e315d83fae80bf0b') in 0.0121189 seconds
Number of updated asset objects reloaded before import = 0Number of asset objects unloaded after import = 3

========================================================================
Received Import Request.
  Time since last request: 0.000022 seconds.
  path: Assets/UnitystoreAssets/Cainos/Pixel Art Platformer - Village Props/Tileset Palette/TP Ground/TX Tileset Ground_146.asset
  artifactKey: Guid(16637d8c65410994097d5d787c1fd19c) Importer(815301076,1909f56bfc062723c751e8b465ee728b)
Start importing Assets/UnitystoreAssets/Cainos/Pixel Art Platformer - Village Props/Tileset Palette/TP Ground/TX Tileset Ground_146.asset using Guid(16637d8c65410994097d5d787c1fd19c) Importer(815301076,1909f56bfc062723c751e8b465ee728b) (PreviewImporter) -> (artifact id: '36dfd6a11518d9e47680d7a13851bd45') in 0.0115432 seconds
Number of updated asset objects reloaded before import = 0Number of asset objects unloaded after import = 3

========================================================================
Received Import Request.
  Time since last request: 0.000022 seconds.
  path: Assets/Sprites/mainlev_build_274.asset
  artifactKey: Guid(a753cd2dc564bfa428b7cf62d2e587ef) Importer(815301076,1909f56bfc062723c751e8b465ee728b)
Start importing Assets/Sprites/mainlev_build_274.asset using Guid(a753cd2dc564bfa428b7cf62d2e587ef) Importer(815301076,1909f56bfc062723c751e8b465ee728b) (PreviewImporter) -> (artifact id: '381822a1eb2d7459b84afae62967bf6b') in 0.0122147 seconds
Number of updated asset objects reloaded before import = 0Number of asset objects unloaded after import = 3

========================================================================
Received Import Request.
  Time since last request: 0.000034 seconds.
  path: Assets/Sprites/props1_264.asset
  artifactKey: Guid(301f6b5811229c145bb02917b78929e6) Importer(815301076,1909f56bfc062723c751e8b465ee728b)
Start importing Assets/Sprites/props1_264.asset using Guid(301f6b5811229c145bb02917b78929e6) Importer(815301076,1909f56bfc062723c751e8b465ee728b) (PreviewImporter) -> (artifact id: '96598156e311ba5973f98793be3cc886') in 0.0138419 seconds
Number of updated asset objects reloaded before import = 0Number of asset objects unloaded after import = 3

========================================================================
Received Import Request.
  Time since last request: 0.000023 seconds.
  path: Assets/UnitystoreAssets/Cainos/Pixel Art Platformer - Village Props/Tileset Palette/TP Ground/TX Tileset Ground_78.asset
  artifactKey: Guid(e659f5ac918b91446933ea487e9a561a) Importer(815301076,1909f56bfc062723c751e8b465ee728b)
Start importing Assets/UnitystoreAssets/Cainos/Pixel Art Platformer - Village Props/Tileset Palette/TP Ground/TX Tileset Ground_78.asset using Guid(e659f5ac918b91446933ea487e9a561a) Importer(815301076,1909f56bfc062723c751e8b465ee728b) (PreviewImporter) -> (artifact id: '0c091e245ae10b33fb3c2237b85cb95f') in 0.0112069 seconds
Number of updated asset objects reloaded before import = 0Number of asset objects unloaded after import = 3

========================================================================
Received Import Request.
  Time since last request: 0.000024 seconds.
  path: Assets/UnitystoreAssets/Cave Platformer Tileset/Individual PNG files/Tileset/parallax_cave_holes_greenish/parallax_cave_holes_greenish_tiles_02.png
  artifactKey: Guid(ffa8dcc684aab99439a54d5dd55e0acd) Importer(815301076,1909f56bfc062723c751e8b465ee728b)
Start importing Assets/UnitystoreAssets/Cave Platformer Tileset/Individual PNG files/Tileset/parallax_cave_holes_greenish/parallax_cave_holes_greenish_tiles_02.png using Guid(ffa8dcc684aab99439a54d5dd55e0acd) Importer(815301076,1909f56bfc062723c751e8b465ee728b) (PreviewImporter) -> (artifact id: 'bc2317df7cac7ef584f8359ba179f6d5') in 0.0129797 seconds
Number of updated asset objects reloaded before import = 0Number of asset objects unloaded after import = 3

========================================================================
Received Import Request.
  Time since last request: 0.000060 seconds.
  path: Assets/Sprites/props1_719.asset
  artifactKey: Guid(1e79a73d5b0d3bb4b8036262e7a51962) Importer(815301076,1909f56bfc062723c751e8b465ee728b)
Start importing Assets/Sprites/props1_719.asset using Guid(1e79a73d5b0d3bb4b8036262e7a51962) Importer(815301076,1909f56bfc062723c751e8b465ee728b) (PreviewImporter) -> (artifact id: 'f4bb5e92295faa55d9b1878a3d9e1d06') in 0.0142205 seconds
Number of updated asset objects reloaded before import = 0Number of asset objects unloaded after import = 3

========================================================================
Received Import Request.
  Time since last request: 0.000021 seconds.
  path: Assets/Sprites/mainlev_build_105.asset
  artifactKey: Guid(eb40cc552d1aa8444943b895a9e1c753) Importer(815301076,1909f56bfc062723c751e8b465ee728b)
Start importing Assets/Sprites/mainlev_build_105.asset using Guid(eb40cc552d1aa8444943b895a9e1c753) Importer(815301076,1909f56bfc062723c751e8b465ee728b) (PreviewImporter) -> (artifact id: '27b6eded8c43f643975cc601f9d40755') in 0.0120669 seconds
Number of updated asset objects reloaded before import = 0Number of asset objects unloaded after import = 3

========================================================================
Received Import Request.
  Time since last request: 0.000021 seconds.
  path: Assets/UnitystoreAssets/Cave Platformer Tileset/Individual PNG files/Monster/scorpion-black/scorpion-black-16.png
  artifactKey: Guid(770d8a056ba27d847ab6b353f466ab85) Importer(815301076,1909f56bfc062723c751e8b465ee728b)
Start importing Assets/UnitystoreAssets/Cave Platformer Tileset/Individual PNG files/Monster/scorpion-black/scorpion-black-16.png using Guid(770d8a056ba27d847ab6b353f466ab85) Importer(815301076,1909f56bfc062723c751e8b465ee728b) (PreviewImporter) -> (artifact id: 'bbc0283198cf8f7962857eb0094a4702') in 0.0124285 seconds
Number of updated asset objects reloaded before import = 0Number of asset objects unloaded after import = 3

========================================================================
Received Import Request.
  Time since last request: 0.000020 seconds.
  path: Assets/Sprites/props1_1609.asset
  artifactKey: Guid(7b067192ff5dfe9418230fbe57fe6ee2) Importer(815301076,1909f56bfc062723c751e8b465ee728b)
Start importing Assets/Sprites/props1_1609.asset using Guid(7b067192ff5dfe9418230fbe57fe6ee2) Importer(815301076,1909f56bfc062723c751e8b465ee728b) (PreviewImporter) -> (artifact id: '9c4477160dd95f3993fac701b52cceb2') in 0.0137445 seconds
Number of updated asset objects reloaded before import = 0Number of asset objects unloaded after import = 3

========================================================================
Received Import Request.
  Time since last request: 0.000022 seconds.
  path: Assets/Sprites/props1_2182.asset
  artifactKey: Guid(de17dad237e4094458300c644847926c) Importer(815301076,1909f56bfc062723c751e8b465ee728b)
Start importing Assets/Sprites/props1_2182.asset using Guid(de17dad237e4094458300c644847926c) Importer(815301076,1909f56bfc062723c751e8b465ee728b) (PreviewImporter) -> (artifact id: 'c550547b01143797c717d5d2ce13e108') in 0.0136378 seconds
Number of updated asset objects reloaded before import = 0Number of asset objects unloaded after import = 3

========================================================================
Received Import Request.
  Time since last request: 0.000021 seconds.
  path: Assets/GifToUnity/Demo/lil_slime.asset
  artifactKey: Guid(2a515b181f6d3a74a89201797654f548) Importer(815301076,1909f56bfc062723c751e8b465ee728b)
Start importing Assets/GifToUnity/Demo/lil_slime.asset using Guid(2a515b181f6d3a74a89201797654f548) Importer(815301076,1909f56bfc062723c751e8b465ee728b) (PreviewImporter) -> (artifact id: '7085371be11fb285edeb7e00085ecdb8') in 0.0034169 seconds
Number of updated asset objects reloaded before import = 0Number of asset objects unloaded after import = 8

========================================================================
Received Import Request.
  Time since last request: 0.000022 seconds.
  path: Assets/Sprites/props1_1860.asset
  artifactKey: Guid(4aff28269a4036b4dac027f1e2b7ed1c) Importer(815301076,1909f56bfc062723c751e8b465ee728b)
Start importing Assets/Sprites/props1_1860.asset using Guid(4aff28269a4036b4dac027f1e2b7ed1c) Importer(815301076,1909f56bfc062723c751e8b465ee728b) (PreviewImporter) -> (artifact id: 'c9a6d140fb67f916f2aec5beb574fc65') in 0.015185 seconds
Number of updated asset objects reloaded before import = 0Number of asset objects unloaded after import = 3

========================================================================
Received Import Request.
  Time since last request: 0.000024 seconds.
  path: Assets/UnitystoreAssets/Cainos/Pixel Art Platformer - Village Props/Tileset Palette/TP Ground/TX Tileset Ground_93.asset
  artifactKey: Guid(d6d6bdeb1e396844ebf6701a32598f4a) Importer(815301076,1909f56bfc062723c751e8b465ee728b)
Start importing Assets/UnitystoreAssets/Cainos/Pixel Art Platformer - Village Props/Tileset Palette/TP Ground/TX Tileset Ground_93.asset using Guid(d6d6bdeb1e396844ebf6701a32598f4a) Importer(815301076,1909f56bfc062723c751e8b465ee728b) (PreviewImporter) -> (artifact id: '8b53ba6781f44c5223b500259dec63d7') in 0.0060485 seconds
Number of updated asset objects reloaded before import = 0Number of asset objects unloaded after import = 3

========================================================================
Received Import Request.
  Time since last request: 0.000043 seconds.
  path: Assets/UnitystoreAssets/Cave Platformer Tileset/Individual PNG files/Tileset/parallax_bg_cave_blueish/parallax_bg_cave_blueish_tiles_05.png
  artifactKey: Guid(c1eafd06644296d469af5e989b82fc38) Importer(815301076,1909f56bfc062723c751e8b465ee728b)
Start importing Assets/UnitystoreAssets/Cave Platformer Tileset/Individual PNG files/Tileset/parallax_bg_cave_blueish/parallax_bg_cave_blueish_tiles_05.png using Guid(c1eafd06644296d469af5e989b82fc38) Importer(815301076,1909f56bfc062723c751e8b465ee728b) (PreviewImporter) -> (artifact id: '3cdf24f1b820a1bed970988b4dd533f9') in 0.0143884 seconds
Number of updated asset objects reloaded before import = 0Number of asset objects unloaded after import = 3

========================================================================
Received Import Request.
  Time since last request: 0.000020 seconds.
  path: Assets/Sprites/props1_1872.asset
  artifactKey: Guid(f3425b6de0aa4b04482d0484cdb8979a) Importer(815301076,1909f56bfc062723c751e8b465ee728b)
Start importing Assets/Sprites/props1_1872.asset using Guid(f3425b6de0aa4b04482d0484cdb8979a) Importer(815301076,1909f56bfc062723c751e8b465ee728b) (PreviewImporter) -> (artifact id: '9cae201ceb023a71618930694a50320c') in 0.0138514 seconds
Number of updated asset objects reloaded before import = 0Number of asset objects unloaded after import = 3

========================================================================
Received Import Request.
  Time since last request: 0.000022 seconds.
  path: Assets/Sprites/props1_2237.asset
  artifactKey: Guid(390188d89e885cb4a930ed469f7ce08e) Importer(815301076,1909f56bfc062723c751e8b465ee728b)
Start importing Assets/Sprites/props1_2237.asset using Guid(390188d89e885cb4a930ed469f7ce08e) Importer(815301076,1909f56bfc062723c751e8b465ee728b) (PreviewImporter) -> (artifact id: '2c6446ee4fd295a7cb60393903055451') in 0.0143936 seconds
Number of updated asset objects reloaded before import = 0Number of asset objects unloaded after import = 3

========================================================================
Received Import Request.
  Time since last request: 0.000022 seconds.
  path: Assets/UnitystoreAssets/Asset FTTGR/Palettes/Blocks/GrassGround26.asset
  artifactKey: Guid(28b8ebe1c21e6564690c7e74168fb84c) Importer(815301076,1909f56bfc062723c751e8b465ee728b)
Start importing Assets/UnitystoreAssets/Asset FTTGR/Palettes/Blocks/GrassGround26.asset using Guid(28b8ebe1c21e6564690c7e74168fb84c) Importer(815301076,1909f56bfc062723c751e8b465ee728b) (PreviewImporter) -> (artifact id: '25f7e7519038439d8d04c81311941866') in 0.01033 seconds
Number of updated asset objects reloaded before import = 0Number of asset objects unloaded after import = 3

========================================================================
Received Import Request.
  Time since last request: 0.000025 seconds.
  path: Assets/Sprites/mainlev_build_787.asset
  artifactKey: Guid(cda4853b6b2765048bec6bf481fda3c0) Importer(815301076,1909f56bfc062723c751e8b465ee728b)
Start importing Assets/Sprites/mainlev_build_787.asset using Guid(cda4853b6b2765048bec6bf481fda3c0) Importer(815301076,1909f56bfc062723c751e8b465ee728b) (PreviewImporter) -> (artifact id: 'f013579cd3b83fa67bca39083b48f317') in 0.0128539 seconds
Number of updated asset objects reloaded before import = 0Number of asset objects unloaded after import = 3

========================================================================
Received Import Request.
  Time since last request: 0.000022 seconds.
  path: Assets/Sprites/mainlev_build_625.asset
  artifactKey: Guid(db182a0fea004394483b157e5f9552ca) Importer(815301076,1909f56bfc062723c751e8b465ee728b)
Start importing Assets/Sprites/mainlev_build_625.asset using Guid(db182a0fea004394483b157e5f9552ca) Importer(815301076,1909f56bfc062723c751e8b465ee728b) (PreviewImporter) -> (artifact id: '4e64a9b4214cd4e1739b528fd5a8d478') in 0.0122364 seconds
Number of updated asset objects reloaded before import = 0Number of asset objects unloaded after import = 3

========================================================================
Received Import Request.
  Time since last request: 0.000023 seconds.
  path: Assets/UnitystoreAssets/Asset FTTGR/Palettes/Blocks/MudGround16.asset
  artifactKey: Guid(9e234651bfc0cc64fb52ec0540b279b7) Importer(815301076,1909f56bfc062723c751e8b465ee728b)
Start importing Assets/UnitystoreAssets/Asset FTTGR/Palettes/Blocks/MudGround16.asset using Guid(9e234651bfc0cc64fb52ec0540b279b7) Importer(815301076,1909f56bfc062723c751e8b465ee728b) (PreviewImporter) -> (artifact id: 'cc69e2ae94c6ba613a6898c79815548b') in 0.0099482 seconds
Number of updated asset objects reloaded before import = 0Number of asset objects unloaded after import = 3

========================================================================
Received Import Request.
  Time since last request: 0.000029 seconds.
  path: Assets/UnitystoreAssets/Cave Platformer Tileset/Individual PNG files/Tileset/objects_fountain_animated/objects_fountain_animated_3.png
  artifactKey: Guid(68463cdab1a13cd4a92207726936250f) Importer(815301076,1909f56bfc062723c751e8b465ee728b)
Start importing Assets/UnitystoreAssets/Cave Platformer Tileset/Individual PNG files/Tileset/objects_fountain_animated/objects_fountain_animated_3.png using Guid(68463cdab1a13cd4a92207726936250f) Importer(815301076,1909f56bfc062723c751e8b465ee728b) (PreviewImporter) -> (artifact id: '2431461e349af1cc46ec728f15ea4ccb') in 0.0131461 seconds
Number of updated asset objects reloaded before import = 0Number of asset objects unloaded after import = 3

========================================================================
Received Import Request.
  Time since last request: 0.000021 seconds.
  path: Assets/UnitystoreAssets/Cave Platformer Tileset/Individual PNG files/Tileset/bg_cave_greenish_16x32/bg_cave_greenish_16x32_tile_27.png
  artifactKey: Guid(8a668059f7eb6324b8360e36b58c246a) Importer(815301076,1909f56bfc062723c751e8b465ee728b)
Start importing Assets/UnitystoreAssets/Cave Platformer Tileset/Individual PNG files/Tileset/bg_cave_greenish_16x32/bg_cave_greenish_16x32_tile_27.png using Guid(8a668059f7eb6324b8360e36b58c246a) Importer(815301076,1909f56bfc062723c751e8b465ee728b) (PreviewImporter) -> (artifact id: '6f2c27c41dc25a3a20f76609b252e2c6') in 0.0125908 seconds
Number of updated asset objects reloaded before import = 0Number of asset objects unloaded after import = 3

========================================================================
Received Import Request.
  Time since last request: 0.000020 seconds.
  path: Assets/Sprites/mainlev_build_672.asset
  artifactKey: Guid(6b5b40c1576fa964c81fc411440b1ff9) Importer(815301076,1909f56bfc062723c751e8b465ee728b)
Start importing Assets/Sprites/mainlev_build_672.asset using Guid(6b5b40c1576fa964c81fc411440b1ff9) Importer(815301076,1909f56bfc062723c751e8b465ee728b) (PreviewImporter) -> (artifact id: '397535478aefcd91de7b953d844f3058') in 0.0121513 seconds
Number of updated asset objects reloaded before import = 0Number of asset objects unloaded after import = 3

========================================================================
Received Import Request.
  Time since last request: 0.000022 seconds.
  path: Assets/Sprites/mainlev_build_444.asset
  artifactKey: Guid(e1da042b272a055429649a27c3f615e6) Importer(815301076,1909f56bfc062723c751e8b465ee728b)
Start importing Assets/Sprites/mainlev_build_444.asset using Guid(e1da042b272a055429649a27c3f615e6) Importer(815301076,1909f56bfc062723c751e8b465ee728b) (PreviewImporter) -> (artifact id: 'e27431d9abbab47a395818e092e90fad') in 0.0136612 seconds
Number of updated asset objects reloaded before import = 0Number of asset objects unloaded after import = 3

========================================================================
Received Import Request.
  Time since last request: 0.000022 seconds.
  path: Assets/Sprites/props1_266.asset
  artifactKey: Guid(682c74f501b9f7741aac6470e4908a06) Importer(815301076,1909f56bfc062723c751e8b465ee728b)
Start importing Assets/Sprites/props1_266.asset using Guid(682c74f501b9f7741aac6470e4908a06) Importer(815301076,1909f56bfc062723c751e8b465ee728b) (PreviewImporter) -> (artifact id: '7b6a0454f92f976804f84167101f5a6d') in 0.0086762 seconds
Number of updated asset objects reloaded before import = 0Number of asset objects unloaded after import = 3

========================================================================
Received Import Request.
  Time since last request: 0.000021 seconds.
  path: Assets/Sprites/props1_134.asset
  artifactKey: Guid(4c82932b720dd2747a064e38bc7362cb) Importer(815301076,1909f56bfc062723c751e8b465ee728b)
Start importing Assets/Sprites/props1_134.asset using Guid(4c82932b720dd2747a064e38bc7362cb) Importer(815301076,1909f56bfc062723c751e8b465ee728b) (PreviewImporter) -> (artifact id: '005464d51245ff6f4022333f529598dc') in 0.0141428 seconds
Number of updated asset objects reloaded before import = 0Number of asset objects unloaded after import = 3

========================================================================
Received Import Request.
  Time since last request: 0.000022 seconds.
  path: Assets/UnitystoreAssets/Cave Platformer Tileset/Individual PNG files/Tileset/cave_tileset/main_tiles_16x16_43.png
  artifactKey: Guid(4abab1c519601dd42be21c90918a1797) Importer(815301076,1909f56bfc062723c751e8b465ee728b)
Start importing Assets/UnitystoreAssets/Cave Platformer Tileset/Individual PNG files/Tileset/cave_tileset/main_tiles_16x16_43.png using Guid(4abab1c519601dd42be21c90918a1797) Importer(815301076,1909f56bfc062723c751e8b465ee728b) (PreviewImporter) -> (artifact id: '0d0605911355d4a45247ecf021cb34b1') in 0.0132037 seconds
Number of updated asset objects reloaded before import = 0Number of asset objects unloaded after import = 3

========================================================================
Received Import Request.
  Time since last request: 0.000023 seconds.
  path: Assets/UnitystoreAssets/Cave Platformer Tileset/Individual PNG files/Tileset/trees-trunk-darkbrown/trees-trunk-darkbrown-6.png
  artifactKey: Guid(e737df641ce93da46be6d9a615704d88) Importer(815301076,1909f56bfc062723c751e8b465ee728b)
Start importing Assets/UnitystoreAssets/Cave Platformer Tileset/Individual PNG files/Tileset/trees-trunk-darkbrown/trees-trunk-darkbrown-6.png using Guid(e737df641ce93da46be6d9a615704d88) Importer(815301076,1909f56bfc062723c751e8b465ee728b) (PreviewImporter) -> (artifact id: '8d7471565466e0fbd1530305b964b4dc') in 0.0132153 seconds
Number of updated asset objects reloaded before import = 0Number of asset objects unloaded after import = 3

========================================================================
Received Import Request.
  Time since last request: 0.000029 seconds.
  path: Assets/UnitystoreAssets/Cave Platformer Tileset/Individual PNG files/Tileset/bg_cave_greenish_32x16/bg_cave_greenish_32x16_tile_03.png
  artifactKey: Guid(6bb40094a7d237742a2ee614702107b9) Importer(815301076,1909f56bfc062723c751e8b465ee728b)
Start importing Assets/UnitystoreAssets/Cave Platformer Tileset/Individual PNG files/Tileset/bg_cave_greenish_32x16/bg_cave_greenish_32x16_tile_03.png using Guid(6bb40094a7d237742a2ee614702107b9) Importer(815301076,1909f56bfc062723c751e8b465ee728b) (PreviewImporter) -> (artifact id: 'ccf8b854b0ee8058f0815a1ff96c5000') in 0.0137981 seconds
Number of updated asset objects reloaded before import = 0Number of asset objects unloaded after import = 3

========================================================================
Received Import Request.
  Time since last request: 0.000020 seconds.
  path: Assets/Sprites/props1_2159.asset
  artifactKey: Guid(d79f7eddac05f224bae3ce61d672b587) Importer(815301076,1909f56bfc062723c751e8b465ee728b)
Start importing Assets/Sprites/props1_2159.asset using Guid(d79f7eddac05f224bae3ce61d672b587) Importer(815301076,1909f56bfc062723c751e8b465ee728b) (PreviewImporter) -> (artifact id: '5b5565b6f69c60b3c716257995751ec4') in 0.0145561 seconds
Number of updated asset objects reloaded before import = 0Number of asset objects unloaded after import = 3

========================================================================
Received Import Request.
  Time since last request: 0.000021 seconds.
  path: Assets/Sprites/mainlev_build_372.asset
  artifactKey: Guid(b1f3948cfc5e12a4e904b8889a1cf532) Importer(815301076,1909f56bfc062723c751e8b465ee728b)
Start importing Assets/Sprites/mainlev_build_372.asset using Guid(b1f3948cfc5e12a4e904b8889a1cf532) Importer(815301076,1909f56bfc062723c751e8b465ee728b) (PreviewImporter) -> (artifact id: '7d5477e3b6c474ee096f8d8b8df9c5c8') in 0.0121516 seconds
Number of updated asset objects reloaded before import = 0Number of asset objects unloaded after import = 3

========================================================================
Received Import Request.
  Time since last request: 0.000021 seconds.
  path: Assets/UnitystoreAssets/Asset FTTGR/Palettes/Blocks/GrassGround2.asset
  artifactKey: Guid(52f9cbd2c8797e74493f86d75be37286) Importer(815301076,1909f56bfc062723c751e8b465ee728b)
Start importing Assets/UnitystoreAssets/Asset FTTGR/Palettes/Blocks/GrassGround2.asset using Guid(52f9cbd2c8797e74493f86d75be37286) Importer(815301076,1909f56bfc062723c751e8b465ee728b) (PreviewImporter) -> (artifact id: '536455b79c6de396d543a143f7bba0f4') in 0.0096448 seconds
Number of updated asset objects reloaded before import = 0Number of asset objects unloaded after import = 3

========================================================================
Received Import Request.
  Time since last request: 0.000021 seconds.
  path: Assets/UnitystoreAssets/Cave Platformer Tileset/Individual PNG files/Tileset/trees-trunk-grey/trees-trunk-grey-27.png
  artifactKey: Guid(8aa612606b343894ca86ba506fdc1920) Importer(815301076,1909f56bfc062723c751e8b465ee728b)
Start importing Assets/UnitystoreAssets/Cave Platformer Tileset/Individual PNG files/Tileset/trees-trunk-grey/trees-trunk-grey-27.png using Guid(8aa612606b343894ca86ba506fdc1920) Importer(815301076,1909f56bfc062723c751e8b465ee728b) (PreviewImporter) -> (artifact id: '9c8e1cf7c91d0839b2f730b47b1eec77') in 0.012495 seconds
Number of updated asset objects reloaded before import = 0Number of asset objects unloaded after import = 3

========================================================================
Received Import Request.
  Time since last request: 0.000020 seconds.
  path: Assets/UnitystoreAssets/Cave Platformer Tileset/Individual PNG files/Tileset/trees-trunk-grey/trees-trunk-grey-44.png
  artifactKey: Guid(6021a20b2411c294bbd4462bd3f29354) Importer(815301076,1909f56bfc062723c751e8b465ee728b)
Start importing Assets/UnitystoreAssets/Cave Platformer Tileset/Individual PNG files/Tileset/trees-trunk-grey/trees-trunk-grey-44.png using Guid(6021a20b2411c294bbd4462bd3f29354) Importer(815301076,1909f56bfc062723c751e8b465ee728b) (PreviewImporter) -> (artifact id: '4f7c5b16b40ac2db27607608cca2fc0f') in 0.0124709 seconds
Number of updated asset objects reloaded before import = 0Number of asset objects unloaded after import = 3

========================================================================
Received Import Request.
  Time since last request: 0.000020 seconds.
  path: Assets/UnitystoreAssets/Cave Platformer Tileset/Enviroment sprite sheets/trees-trunk-white.png
  artifactKey: Guid(ae9601efa341c8e46881ed773ca69bb3) Importer(815301076,1909f56bfc062723c751e8b465ee728b)
Start importing Assets/UnitystoreAssets/Cave Platformer Tileset/Enviroment sprite sheets/trees-trunk-white.png using Guid(ae9601efa341c8e46881ed773ca69bb3) Importer(815301076,1909f56bfc062723c751e8b465ee728b) (PreviewImporter) -> (artifact id: 'b9fe396a2f9bf13b320597bf496fa4bf') in 0.1296642 seconds
Number of updated asset objects reloaded before import = 0Number of asset objects unloaded after import = 74

========================================================================
Received Import Request.
  Time since last request: 0.000024 seconds.
  path: Assets/Sprites/mainlev_build_412.asset
  artifactKey: Guid(7d316a0670bfe9e4aaf5b6ce59eb772a) Importer(815301076,1909f56bfc062723c751e8b465ee728b)
Start importing Assets/Sprites/mainlev_build_412.asset using Guid(7d316a0670bfe9e4aaf5b6ce59eb772a) Importer(815301076,1909f56bfc062723c751e8b465ee728b) (PreviewImporter) -> (artifact id: '1de46c61eac358bbc6d2a735e1be1743') in 0.0121721 seconds
Number of updated asset objects reloaded before import = 0Number of asset objects unloaded after import = 3

========================================================================
Received Import Request.
  Time since last request: 0.000028 seconds.
  path: Assets/Sprites/mainlev_build_239.asset
  artifactKey: Guid(25c0e99fbf45d7e4db4ca17151052353) Importer(815301076,1909f56bfc062723c751e8b465ee728b)
Start importing Assets/Sprites/mainlev_build_239.asset using Guid(25c0e99fbf45d7e4db4ca17151052353) Importer(815301076,1909f56bfc062723c751e8b465ee728b) (PreviewImporter) -> (artifact id: 'c310159fdddd0ed506ea3237600476fd') in 0.0126155 seconds
Number of updated asset objects reloaded before import = 0Number of asset objects unloaded after import = 3

========================================================================
Received Import Request.
  Time since last request: 0.000021 seconds.
  path: Assets/Sprites/mainlev_build_128.asset
  artifactKey: Guid(e7a5120904d89224e9a3949e62ce49ae) Importer(815301076,1909f56bfc062723c751e8b465ee728b)
Start importing Assets/Sprites/mainlev_build_128.asset using Guid(e7a5120904d89224e9a3949e62ce49ae) Importer(815301076,1909f56bfc062723c751e8b465ee728b) (PreviewImporter) -> (artifact id: 'b5d046f452c99049a418169624c188e8') in 0.0124017 seconds
Number of updated asset objects reloaded before import = 0Number of asset objects unloaded after import = 3

========================================================================
Received Import Request.
  Time since last request: 0.000021 seconds.
  path: Assets/Sprites/props1_2059.asset
  artifactKey: Guid(e02b4e6e06931444ea638792e85b44d6) Importer(815301076,1909f56bfc062723c751e8b465ee728b)
Start importing Assets/Sprites/props1_2059.asset using Guid(e02b4e6e06931444ea638792e85b44d6) Importer(815301076,1909f56bfc062723c751e8b465ee728b) (PreviewImporter) -> (artifact id: '646f234b324a4242454024b21f6681b8') in 0.0151612 seconds
Number of updated asset objects reloaded before import = 0Number of asset objects unloaded after import = 3

========================================================================
Received Import Request.
  Time since last request: 0.000021 seconds.
  path: Assets/Sprites/props1_437.asset
  artifactKey: Guid(ae2d1557a96d4554fb8cbd7de9a4df65) Importer(815301076,1909f56bfc062723c751e8b465ee728b)
Start importing Assets/Sprites/props1_437.asset using Guid(ae2d1557a96d4554fb8cbd7de9a4df65) Importer(815301076,1909f56bfc062723c751e8b465ee728b) (PreviewImporter) -> (artifact id: 'b22a86253fd6a75bdca2f8dc80bcc63a') in 0.0144033 seconds
Number of updated asset objects reloaded before import = 0Number of asset objects unloaded after import = 3

========================================================================
Received Import Request.
  Time since last request: 0.000023 seconds.
  path: Assets/Sprites/props1_1175.asset
  artifactKey: Guid(fe0e4b3bc83f70e4daaae60345157dcd) Importer(815301076,1909f56bfc062723c751e8b465ee728b)
Start importing Assets/Sprites/props1_1175.asset using Guid(fe0e4b3bc83f70e4daaae60345157dcd) Importer(815301076,1909f56bfc062723c751e8b465ee728b) (PreviewImporter) -> (artifact id: '6e92448548ad7999060dde6cce559060') in 0.0137933 seconds
Number of updated asset objects reloaded before import = 0Number of asset objects unloaded after import = 3

========================================================================
Received Import Request.
  Time since last request: 0.000022 seconds.
  path: Assets/UnitystoreAssets/Asset FTTGR/Palettes/Blocks/Bricks5.asset
  artifactKey: Guid(94f2cc3a6d0940b4096b44acbabe3536) Importer(815301076,1909f56bfc062723c751e8b465ee728b)
Start importing Assets/UnitystoreAssets/Asset FTTGR/Palettes/Blocks/Bricks5.asset using Guid(94f2cc3a6d0940b4096b44acbabe3536) Importer(815301076,1909f56bfc062723c751e8b465ee728b) (PreviewImporter) -> (artifact id: '25824452bb0255d0ebe452ecc861a0ff') in 0.0102627 seconds
Number of updated asset objects reloaded before import = 0Number of asset objects unloaded after import = 3

========================================================================
Received Import Request.
  Time since last request: 0.000023 seconds.
  path: Assets/UnitystoreAssets/Asset FTTGR/Palettes/Blocks/Bricks13.asset
  artifactKey: Guid(b402ad1b9d4f34f45b1a604bb710e2a4) Importer(815301076,1909f56bfc062723c751e8b465ee728b)
Start importing Assets/UnitystoreAssets/Asset FTTGR/Palettes/Blocks/Bricks13.asset using Guid(b402ad1b9d4f34f45b1a604bb710e2a4) Importer(815301076,1909f56bfc062723c751e8b465ee728b) (PreviewImporter) -> (artifact id: 'd3afbcbbaad3d7819e0e00fb9b354698') in 0.01012 seconds
Number of updated asset objects reloaded before import = 0Number of asset objects unloaded after import = 3

========================================================================
Received Import Request.
  Time since last request: 0.000026 seconds.
  path: Assets/UnitystoreAssets/2D Pixel Art Platformer Biome - Plains/Tilemap/Tilemap.prefab
  artifactKey: Guid(b998832bfe06a49429af0321421fb185) Importer(815301076,1909f56bfc062723c751e8b465ee728b)
Start importing Assets/UnitystoreAssets/2D Pixel Art Platformer Biome - Plains/Tilemap/Tilemap.prefab using Guid(b998832bfe06a49429af0321421fb185) Importer(815301076,1909f56bfc062723c751e8b465ee728b) (PreviewImporter) -> (artifact id: '8ddf88983db7f184c368a729c4b69592') in 0.0318713 seconds
Number of updated asset objects reloaded before import = 0Number of asset objects unloaded after import = 139

========================================================================
Received Import Request.
  Time since last request: 0.000023 seconds.
  path: Assets/UnitystoreAssets/Asset FTTGR/Palettes/Blocks/GrassGround18.asset
  artifactKey: Guid(b5d7f2ee41f386747a83aa4a0b0ad0cb) Importer(815301076,1909f56bfc062723c751e8b465ee728b)
Start importing Assets/UnitystoreAssets/Asset FTTGR/Palettes/Blocks/GrassGround18.asset using Guid(b5d7f2ee41f386747a83aa4a0b0ad0cb) Importer(815301076,1909f56bfc062723c751e8b465ee728b) (PreviewImporter) -> (artifact id: '129c63bf16acec358cdd1f7cf1d61e3c') in 0.0103573 seconds
Number of updated asset objects reloaded before import = 0Number of asset objects unloaded after import = 3

========================================================================
Received Import Request.
  Time since last request: 0.000021 seconds.
  path: Assets/Sprites/props1_706.asset
  artifactKey: Guid(5baf8cc568c989a428646dd0ea3f3ff5) Importer(815301076,1909f56bfc062723c751e8b465ee728b)
Start importing Assets/Sprites/props1_706.asset using Guid(5baf8cc568c989a428646dd0ea3f3ff5) Importer(815301076,1909f56bfc062723c751e8b465ee728b) (PreviewImporter) -> (artifact id: 'cf123e23f8d90b62f92ce30b2c0666ef') in 0.0136586 seconds
Number of updated asset objects reloaded before import = 0Number of asset objects unloaded after import = 3

========================================================================
Received Import Request.
  Time since last request: 0.000022 seconds.
  path: Assets/UnitystoreAssets/Cave Platformer Tileset/Individual PNG files/Tileset/trees-trunk-dark/trees-trunk-dark-43.png
  artifactKey: Guid(b00e58acd03051a4c9bc881fb13ddbbd) Importer(815301076,1909f56bfc062723c751e8b465ee728b)
Start importing Assets/UnitystoreAssets/Cave Platformer Tileset/Individual PNG files/Tileset/trees-trunk-dark/trees-trunk-dark-43.png using Guid(b00e58acd03051a4c9bc881fb13ddbbd) Importer(815301076,1909f56bfc062723c751e8b465ee728b) (PreviewImporter) -> (artifact id: 'fabb328ebdefa1d2afc3a997d70cce87') in 0.0118854 seconds
Number of updated asset objects reloaded before import = 0Number of asset objects unloaded after import = 3

========================================================================
Received Import Request.
  Time since last request: 0.000021 seconds.
  path: Assets/Sprites/props1_1655.asset
  artifactKey: Guid(d17ace2691e697c4b950565a860d8110) Importer(815301076,1909f56bfc062723c751e8b465ee728b)
Start importing Assets/Sprites/props1_1655.asset using Guid(d17ace2691e697c4b950565a860d8110) Importer(815301076,1909f56bfc062723c751e8b465ee728b) (PreviewImporter) -> (artifact id: '70ad560f53c6d45ff5c2163c39d0d432') in 0.0136141 seconds
Number of updated asset objects reloaded before import = 0Number of asset objects unloaded after import = 3

========================================================================
Received Import Request.
  Time since last request: 0.000022 seconds.
  path: Assets/UnitystoreAssets/Cave Platformer Tileset/Individual PNG files/Tileset/trees-trunk-white/trees-trunk-white-12.png
  artifactKey: Guid(41ba3971293adff47a0522c52e2816a7) Importer(815301076,1909f56bfc062723c751e8b465ee728b)
Start importing Assets/UnitystoreAssets/Cave Platformer Tileset/Individual PNG files/Tileset/trees-trunk-white/trees-trunk-white-12.png using Guid(41ba3971293adff47a0522c52e2816a7) Importer(815301076,1909f56bfc062723c751e8b465ee728b) (PreviewImporter) -> (artifact id: '97b51d5a1dabd40f1118f533c032a612') in 0.0118233 seconds
Number of updated asset objects reloaded before import = 0Number of asset objects unloaded after import = 3

========================================================================
Received Import Request.
  Time since last request: 0.000027 seconds.
  path: Assets/Sprites/props1_381.asset
  artifactKey: Guid(273e18f175f675a42b8157ca6b8545e6) Importer(815301076,1909f56bfc062723c751e8b465ee728b)
Start importing Assets/Sprites/props1_381.asset using Guid(273e18f175f675a42b8157ca6b8545e6) Importer(815301076,1909f56bfc062723c751e8b465ee728b) (PreviewImporter) -> (artifact id: '11107408fffd821b64f4f405d64ae2f0') in 0.0138394 seconds
Number of updated asset objects reloaded before import = 0Number of asset objects unloaded after import = 3

========================================================================
Received Import Request.
  Time since last request: 0.000031 seconds.
  path: Assets/UnitystoreAssets/Cave Platformer Tileset/Enviroment sprite sheets/bg_cave_blueish_32x32.png
  artifactKey: Guid(325eba7eb0eae3d49a8dd42758ec7336) Importer(815301076,1909f56bfc062723c751e8b465ee728b)
Start importing Assets/UnitystoreAssets/Cave Platformer Tileset/Enviroment sprite sheets/bg_cave_blueish_32x32.png using Guid(325eba7eb0eae3d49a8dd42758ec7336) Importer(815301076,1909f56bfc062723c751e8b465ee728b) (PreviewImporter) -> (artifact id: '59837c569a6000592e5d18ae9641da5a') in 0.0213119 seconds
Number of updated asset objects reloaded before import = 0Number of asset objects unloaded after import = 10

========================================================================
Received Import Request.
  Time since last request: 0.000021 seconds.
  path: Assets/Sprites/props1_1937.asset
  artifactKey: Guid(d4d1ca97e31d6c7489591ffe983a8043) Importer(815301076,1909f56bfc062723c751e8b465ee728b)
Start importing Assets/Sprites/props1_1937.asset using Guid(d4d1ca97e31d6c7489591ffe983a8043) Importer(815301076,1909f56bfc062723c751e8b465ee728b) (PreviewImporter) -> (artifact id: '5bceb706160a6ccbb4feee034610f3f4') in 0.0137774 seconds
Number of updated asset objects reloaded before import = 0Number of asset objects unloaded after import = 3

========================================================================
Received Import Request.
  Time since last request: 0.000021 seconds.
  path: Assets/Sprites/mainlev_build_390.asset
  artifactKey: Guid(8de06befb0557ca4bbbf081246834c3f) Importer(815301076,1909f56bfc062723c751e8b465ee728b)
Start importing Assets/Sprites/mainlev_build_390.asset using Guid(8de06befb0557ca4bbbf081246834c3f) Importer(815301076,1909f56bfc062723c751e8b465ee728b) (PreviewImporter) -> (artifact id: '3e7d2ab3c80b15b8f443e12d310f7ecc') in 0.0121466 seconds
Number of updated asset objects reloaded before import = 0Number of asset objects unloaded after import = 3

========================================================================
Received Import Request.
  Time since last request: 0.000021 seconds.
  path: Assets/Sprites/props1_1938.asset
  artifactKey: Guid(1cd76c74d9b5d7342a75036bf856a473) Importer(815301076,1909f56bfc062723c751e8b465ee728b)
Start importing Assets/Sprites/props1_1938.asset using Guid(1cd76c74d9b5d7342a75036bf856a473) Importer(815301076,1909f56bfc062723c751e8b465ee728b) (PreviewImporter) -> (artifact id: '867475af002623b1252cefa144f9b975') in 0.0142098 seconds
Number of updated asset objects reloaded before import = 0Number of asset objects unloaded after import = 3

========================================================================
Received Import Request.
  Time since last request: 0.000023 seconds.
  path: Assets/Sprites/mainlev_build_731.asset
  artifactKey: Guid(2a478755d2c5d4f499deb709878e3161) Importer(815301076,1909f56bfc062723c751e8b465ee728b)
Start importing Assets/Sprites/mainlev_build_731.asset using Guid(2a478755d2c5d4f499deb709878e3161) Importer(815301076,1909f56bfc062723c751e8b465ee728b) (PreviewImporter) -> (artifact id: '7d7016bd074075a9e971c8ba0e00c0dc') in 0.0120982 seconds
Number of updated asset objects reloaded before import = 0Number of asset objects unloaded after import = 3

========================================================================
Received Import Request.
  Time since last request: 0.000021 seconds.
  path: Assets/Sprites/props1_27.asset
  artifactKey: Guid(e2225c3c287c3d04b9064c675c7f760c) Importer(815301076,1909f56bfc062723c751e8b465ee728b)
Start importing Assets/Sprites/props1_27.asset using Guid(e2225c3c287c3d04b9064c675c7f760c) Importer(815301076,1909f56bfc062723c751e8b465ee728b) (PreviewImporter) -> (artifact id: '936faaec8d253c0bf025c70842d3765a') in 0.0141407 seconds
Number of updated asset objects reloaded before import = 0Number of asset objects unloaded after import = 3

========================================================================
Received Import Request.
  Time since last request: 0.000024 seconds.
  path: Assets/Sprites/props1_1161.asset
  artifactKey: Guid(5da81723d275ebd4596f70ac403fb234) Importer(815301076,1909f56bfc062723c751e8b465ee728b)
Start importing Assets/Sprites/props1_1161.asset using Guid(5da81723d275ebd4596f70ac403fb234) Importer(815301076,1909f56bfc062723c751e8b465ee728b) (PreviewImporter) -> (artifact id: '9701a4b0c915665958f424a8c9e17e21') in 0.0151759 seconds
Number of updated asset objects reloaded before import = 0Number of asset objects unloaded after import = 3

========================================================================
Received Import Request.
  Time since last request: 0.000030 seconds.
  path: Assets/UnitystoreAssets/Cave Platformer Tileset/Individual PNG files/Tileset/trees-trunk-white/trees-trunk-white-67.png
  artifactKey: Guid(edb5b7a463ef2114192f1edb3c0c94e1) Importer(815301076,1909f56bfc062723c751e8b465ee728b)
Start importing Assets/UnitystoreAssets/Cave Platformer Tileset/Individual PNG files/Tileset/trees-trunk-white/trees-trunk-white-67.png using Guid(edb5b7a463ef2114192f1edb3c0c94e1) Importer(815301076,1909f56bfc062723c751e8b465ee728b) (PreviewImporter) -> (artifact id: 'd71cb4c1312dbad21a0ad6c3a62f8e6d') in 0.0137012 seconds
Number of updated asset objects reloaded before import = 0Number of asset objects unloaded after import = 3

========================================================================
Received Import Request.
  Time since last request: 0.000021 seconds.
  path: Assets/UnitystoreAssets/2D Pixel Art Platformer Biome - Plains/Tilemap/TileGround12.asset
  artifactKey: Guid(24ecd063bf39372418d96902ad25ebaa) Importer(815301076,1909f56bfc062723c751e8b465ee728b)
Start importing Assets/UnitystoreAssets/2D Pixel Art Platformer Biome - Plains/Tilemap/TileGround12.asset using Guid(24ecd063bf39372418d96902ad25ebaa) Importer(815301076,1909f56bfc062723c751e8b465ee728b) (PreviewImporter) -> (artifact id: '909322af5b9ea82f077b8edb4ffdf07c') in 0.0123686 seconds
Number of updated asset objects reloaded before import = 0Number of asset objects unloaded after import = 3

========================================================================
Received Import Request.
  Time since last request: 0.000022 seconds.
  path: Assets/Sprites/props1_2079.asset
  artifactKey: Guid(596af0b0b4b39334a8709324e979274c) Importer(815301076,1909f56bfc062723c751e8b465ee728b)
Start importing Assets/Sprites/props1_2079.asset using Guid(596af0b0b4b39334a8709324e979274c) Importer(815301076,1909f56bfc062723c751e8b465ee728b) (PreviewImporter) -> (artifact id: 'b4362576d75114b99381d6cbf9593eba') in 0.0137251 seconds
Number of updated asset objects reloaded before import = 0Number of asset objects unloaded after import = 3

========================================================================
Received Import Request.
  Time since last request: 0.000022 seconds.
  path: Assets/UnitystoreAssets/Cave Platformer Tileset/Individual PNG files/Tileset/trees-trunk-grey/trees-trunk-grey-18.png
  artifactKey: Guid(3a5d3339871251c4b94b778c9d5ffda1) Importer(815301076,1909f56bfc062723c751e8b465ee728b)
Start importing Assets/UnitystoreAssets/Cave Platformer Tileset/Individual PNG files/Tileset/trees-trunk-grey/trees-trunk-grey-18.png using Guid(3a5d3339871251c4b94b778c9d5ffda1) Importer(815301076,1909f56bfc062723c751e8b465ee728b) (PreviewImporter) -> (artifact id: '3f4d0f88f09863601aa7a512877c1410') in 0.0128386 seconds
Number of updated asset objects reloaded before import = 0Number of asset objects unloaded after import = 3

========================================================================
Received Import Request.
  Time since last request: 0.000020 seconds.
  path: Assets/Sprites/props1_227.asset
  artifactKey: Guid(14730a5bdbfe4a64aabf48b08c9df638) Importer(815301076,1909f56bfc062723c751e8b465ee728b)
Start importing Assets/Sprites/props1_227.asset using Guid(14730a5bdbfe4a64aabf48b08c9df638) Importer(815301076,1909f56bfc062723c751e8b465ee728b) (PreviewImporter) -> (artifact id: 'fe1510e11576aa00ed636d03ba638b3a') in 0.0149192 seconds
Number of updated asset objects reloaded before import = 0Number of asset objects unloaded after import = 3

========================================================================
Received Import Request.
  Time since last request: 0.000022 seconds.
  path: Assets/Sprites/props1_2095.asset
  artifactKey: Guid(285b14ba693e88142a517de6e8ac22db) Importer(815301076,1909f56bfc062723c751e8b465ee728b)
Start importing Assets/Sprites/props1_2095.asset using Guid(285b14ba693e88142a517de6e8ac22db) Importer(815301076,1909f56bfc062723c751e8b465ee728b) (PreviewImporter) -> (artifact id: '44df9717cfe078ed2e8e8823217e172c') in 0.0177199 seconds
Number of updated asset objects reloaded before import = 0Number of asset objects unloaded after import = 3

========================================================================
Received Import Request.
  Time since last request: 0.000023 seconds.
  path: Assets/Sprites/mainlev_build_308.asset
  artifactKey: Guid(1ce6dab1420b80843af3a711f437adeb) Importer(815301076,1909f56bfc062723c751e8b465ee728b)
Start importing Assets/Sprites/mainlev_build_308.asset using Guid(1ce6dab1420b80843af3a711f437adeb) Importer(815301076,1909f56bfc062723c751e8b465ee728b) (PreviewImporter) -> (artifact id: '55d1e0df7bafb9596922285fbc5a9e38') in 0.0120389 seconds
Number of updated asset objects reloaded before import = 0Number of asset objects unloaded after import = 3

========================================================================
Received Import Request.
  Time since last request: 0.000039 seconds.
  path: Assets/Sprites/props1_1328.asset
  artifactKey: Guid(208efc71c5db6ac45ac5c22fe8629490) Importer(815301076,1909f56bfc062723c751e8b465ee728b)
Start importing Assets/Sprites/props1_1328.asset using Guid(208efc71c5db6ac45ac5c22fe8629490) Importer(815301076,1909f56bfc062723c751e8b465ee728b) (PreviewImporter) -> (artifact id: '7f7138cf49b3416909518c80c2824269') in 0.0137993 seconds
Number of updated asset objects reloaded before import = 0Number of asset objects unloaded after import = 3

========================================================================
Received Import Request.
  Time since last request: 0.000022 seconds.
  path: Assets/Sprites/props1_521.asset
  artifactKey: Guid(99d952ecf0fcd084e95231b7a5d0e32c) Importer(815301076,1909f56bfc062723c751e8b465ee728b)
Start importing Assets/Sprites/props1_521.asset using Guid(99d952ecf0fcd084e95231b7a5d0e32c) Importer(815301076,1909f56bfc062723c751e8b465ee728b) (PreviewImporter) -> (artifact id: '4caf43bbae1b53e4ee09ca8a07515b45') in 0.0138067 seconds
Number of updated asset objects reloaded before import = 0Number of asset objects unloaded after import = 3

========================================================================
Received Import Request.
  Time since last request: 0.000022 seconds.
  path: Assets/Sprites/mainlev_build_855.asset
  artifactKey: Guid(aada57c5787b1d34e88c61c71b8da1a6) Importer(815301076,1909f56bfc062723c751e8b465ee728b)
Start importing Assets/Sprites/mainlev_build_855.asset using Guid(aada57c5787b1d34e88c61c71b8da1a6) Importer(815301076,1909f56bfc062723c751e8b465ee728b) (PreviewImporter) -> (artifact id: 'c1d26e7a76dc1da006df78c517c8dfef') in 0.0071695 seconds
Number of updated asset objects reloaded before import = 0Number of asset objects unloaded after import = 3

========================================================================
Received Import Request.
  Time since last request: 0.000046 seconds.
  path: Assets/Sprites/mainlev_build_859.asset
  artifactKey: Guid(a678dbee2eaac204c9335b7e449edb7b) Importer(815301076,1909f56bfc062723c751e8b465ee728b)
Start importing Assets/Sprites/mainlev_build_859.asset using Guid(a678dbee2eaac204c9335b7e449edb7b) Importer(815301076,1909f56bfc062723c751e8b465ee728b) (PreviewImporter) -> (artifact id: '6a863529e34895dbbdc5b2bce8ff731c') in 0.0123613 seconds
Number of updated asset objects reloaded before import = 0Number of asset objects unloaded after import = 3

========================================================================
Received Import Request.
  Time since last request: 0.000021 seconds.
  path: Assets/Sprites/props1_1754.asset
  artifactKey: Guid(17cd3bfac574bdb4abf0693d80f92845) Importer(815301076,1909f56bfc062723c751e8b465ee728b)
Start importing Assets/Sprites/props1_1754.asset using Guid(17cd3bfac574bdb4abf0693d80f92845) Importer(815301076,1909f56bfc062723c751e8b465ee728b) (PreviewImporter) -> (artifact id: 'e88b4223ab8e24ca5e59fc4c62d4fb37') in 0.0151029 seconds
Number of updated asset objects reloaded before import = 0Number of asset objects unloaded after import = 3

========================================================================
Received Import Request.
  Time since last request: 0.000022 seconds.
  path: Assets/Sprites/props1_1960.asset
  artifactKey: Guid(660f01b054b736d439a1908ae4dcb848) Importer(815301076,1909f56bfc062723c751e8b465ee728b)
Start importing Assets/Sprites/props1_1960.asset using Guid(660f01b054b736d439a1908ae4dcb848) Importer(815301076,1909f56bfc062723c751e8b465ee728b) (PreviewImporter) -> (artifact id: 'e84c066c4dc95c2f185d211d2f3e838d') in 0.0136211 seconds
Number of updated asset objects reloaded before import = 0Number of asset objects unloaded after import = 3

========================================================================
Received Import Request.
  Time since last request: 0.000022 seconds.
  path: Assets/Sprites/props1_1901.asset
  artifactKey: Guid(52c46218c4799ba4891b88d3c212f625) Importer(815301076,1909f56bfc062723c751e8b465ee728b)
Start importing Assets/Sprites/props1_1901.asset using Guid(52c46218c4799ba4891b88d3c212f625) Importer(815301076,1909f56bfc062723c751e8b465ee728b) (PreviewImporter) -> (artifact id: '7fc9d26c068353b8cea50f51435c86a7') in 0.0135766 seconds
Number of updated asset objects reloaded before import = 0Number of asset objects unloaded after import = 3

========================================================================
Received Import Request.
  Time since last request: 0.000023 seconds.
  path: Assets/Sprites/mainlev_build_375.asset
  artifactKey: Guid(3962e233a2e115f47a44564313d21a20) Importer(815301076,1909f56bfc062723c751e8b465ee728b)
Start importing Assets/Sprites/mainlev_build_375.asset using Guid(3962e233a2e115f47a44564313d21a20) Importer(815301076,1909f56bfc062723c751e8b465ee728b) (PreviewImporter) -> (artifact id: 'bf5e821d5609f43e243da456738602d1') in 0.0121611 seconds
Number of updated asset objects reloaded before import = 0Number of asset objects unloaded after import = 3

========================================================================
Received Import Request.
  Time since last request: 0.000028 seconds.
  path: Assets/Sprites/props1_2136.asset
  artifactKey: Guid(937384d08a9e74e4c8108d9d4546d620) Importer(815301076,1909f56bfc062723c751e8b465ee728b)
Start importing Assets/Sprites/props1_2136.asset using Guid(937384d08a9e74e4c8108d9d4546d620) Importer(815301076,1909f56bfc062723c751e8b465ee728b) (PreviewImporter) -> (artifact id: '16aba5f058188b7f155e1caeb714e09d') in 0.0136308 seconds
Number of updated asset objects reloaded before import = 0Number of asset objects unloaded after import = 3

========================================================================
Received Import Request.
  Time since last request: 0.000028 seconds.
  path: Assets/Sprites/props1_382.asset
  artifactKey: Guid(804de0f0701327e42bced54874f40d3c) Importer(815301076,1909f56bfc062723c751e8b465ee728b)
Start importing Assets/Sprites/props1_382.asset using Guid(804de0f0701327e42bced54874f40d3c) Importer(815301076,1909f56bfc062723c751e8b465ee728b) (PreviewImporter) -> (artifact id: '0d05cdf58ad96fa448528883263d6779') in 0.0134809 seconds
Number of updated asset objects reloaded before import = 0Number of asset objects unloaded after import = 3

========================================================================
Received Import Request.
  Time since last request: 0.000022 seconds.
  path: Assets/Sprites/props1_981.asset
  artifactKey: Guid(bef69f33e4a4039449183530f4b15bb7) Importer(815301076,1909f56bfc062723c751e8b465ee728b)
Start importing Assets/Sprites/props1_981.asset using Guid(bef69f33e4a4039449183530f4b15bb7) Importer(815301076,1909f56bfc062723c751e8b465ee728b) (PreviewImporter) -> (artifact id: '6ccaba56fabf8da06a1f2f3ab239887b') in 0.0153297 seconds
Number of updated asset objects reloaded before import = 0Number of asset objects unloaded after import = 3

========================================================================
Received Import Request.
  Time since last request: 0.000022 seconds.
  path: Assets/TextMesh Pro/Resources/TMP Settings.asset
  artifactKey: Guid(3f5b5dff67a942289a9defa416b206f3) Importer(815301076,1909f56bfc062723c751e8b465ee728b)
Start importing Assets/TextMesh Pro/Resources/TMP Settings.asset using Guid(3f5b5dff67a942289a9defa416b206f3) Importer(815301076,1909f56bfc062723c751e8b465ee728b) (PreviewImporter) -> (artifact id: 'd00e8c7c00f55fa246472f2f8b793855') in 0.0165849 seconds
Number of updated asset objects reloaded before import = 0Number of asset objects unloaded after import = 15

========================================================================
Received Import Request.
  Time since last request: 0.000023 seconds.
  path: Assets/Sprites/props1_590.asset
  artifactKey: Guid(bfa49a061838f6d4b9358cc0fff66023) Importer(815301076,1909f56bfc062723c751e8b465ee728b)
Start importing Assets/Sprites/props1_590.asset using Guid(bfa49a061838f6d4b9358cc0fff66023) Importer(815301076,1909f56bfc062723c751e8b465ee728b) (PreviewImporter) -> (artifact id: '77a4bc4937effd8d828a8aa933fa74a3') in 0.0134212 seconds
Number of updated asset objects reloaded before import = 0Number of asset objects unloaded after import = 3

========================================================================
Received Import Request.
  Time since last request: 0.000023 seconds.
  path: Assets/Sprites/props1_1412.asset
  artifactKey: Guid(0d643fe4535af564e9390f83c65750e4) Importer(815301076,1909f56bfc062723c751e8b465ee728b)
Start importing Assets/Sprites/props1_1412.asset using Guid(0d643fe4535af564e9390f83c65750e4) Importer(815301076,1909f56bfc062723c751e8b465ee728b) (PreviewImporter) -> (artifact id: 'b1e1031e04fdd88a1781c54aad9bebbf') in 0.0145569 seconds
Number of updated asset objects reloaded before import = 0Number of asset objects unloaded after import = 3

========================================================================
Received Import Request.
  Time since last request: 0.000025 seconds.
  path: Assets/Sprites/props1_750.asset
  artifactKey: Guid(f62fad8c311706946b3ee20a54abfae1) Importer(815301076,1909f56bfc062723c751e8b465ee728b)
Start importing Assets/Sprites/props1_750.asset using Guid(f62fad8c311706946b3ee20a54abfae1) Importer(815301076,1909f56bfc062723c751e8b465ee728b) (PreviewImporter) -> (artifact id: '676dcbb11f6ea8ee7a28c61c55481c83') in 0.0156456 seconds
Number of updated asset objects reloaded before import = 0Number of asset objects unloaded after import = 3

========================================================================
Received Import Request.
  Time since last request: 0.000035 seconds.
  path: Assets/Sprites/props1_334.asset
  artifactKey: Guid(fc337c56be70c1641bb35e6f8e5132ff) Importer(815301076,1909f56bfc062723c751e8b465ee728b)
Start importing Assets/Sprites/props1_334.asset using Guid(fc337c56be70c1641bb35e6f8e5132ff) Importer(815301076,1909f56bfc062723c751e8b465ee728b) (PreviewImporter) -> (artifact id: '441db6e3ab0a4e74dd4e6674bb42af2d') in 0.0153253 seconds
Number of updated asset objects reloaded before import = 0Number of asset objects unloaded after import = 3

========================================================================
Received Import Request.
  Time since last request: 0.000022 seconds.
  path: Assets/Sprites/props1_1921.asset
  artifactKey: Guid(42ba9adcd37eba244bfb2607caed5122) Importer(815301076,1909f56bfc062723c751e8b465ee728b)
Start importing Assets/Sprites/props1_1921.asset using Guid(42ba9adcd37eba244bfb2607caed5122) Importer(815301076,1909f56bfc062723c751e8b465ee728b) (PreviewImporter) -> (artifact id: '8f2ee50261adbee482d6d8113ff22c93') in 0.0165413 seconds
Number of updated asset objects reloaded before import = 0Number of asset objects unloaded after import = 3

========================================================================
Received Import Request.
  Time since last request: 0.000021 seconds.
  path: Assets/UnitystoreAssets/Asset FTTGR/Palettes/Decorations/GroundInBackground42.asset
  artifactKey: Guid(b195aadd2f8b10b4d83af60e5d26322d) Importer(815301076,1909f56bfc062723c751e8b465ee728b)
Start importing Assets/UnitystoreAssets/Asset FTTGR/Palettes/Decorations/GroundInBackground42.asset using Guid(b195aadd2f8b10b4d83af60e5d26322d) Importer(815301076,1909f56bfc062723c751e8b465ee728b) (PreviewImporter) -> (artifact id: '88103b4a1feb839f18a00f65764435a2') in 0.0101392 seconds
Number of updated asset objects reloaded before import = 0Number of asset objects unloaded after import = 3

========================================================================
Received Import Request.
  Time since last request: 0.000021 seconds.
  path: Assets/UnitystoreAssets/Cainos/Pixel Art Platformer - Village Props/Prefab/PF Village Props - Wheelbarrow.prefab
  artifactKey: Guid(4c09aa47d6e0e954f899cb8efe5a6816) Importer(815301076,1909f56bfc062723c751e8b465ee728b)
Start importing Assets/UnitystoreAssets/Cainos/Pixel Art Platformer - Village Props/Prefab/PF Village Props - Wheelbarrow.prefab using Guid(4c09aa47d6e0e954f899cb8efe5a6816) Importer(815301076,1909f56bfc062723c751e8b465ee728b) (PreviewImporter) -> (artifact id: 'a5b2fa9334e067b80b24fe58bbc2a805') in 0.015057 seconds
Number of updated asset objects reloaded before import = 0Number of asset objects unloaded after import = 19

========================================================================
Received Import Request.
  Time since last request: 0.000023 seconds.
  path: Assets/Sprites/mainlev_build_137.asset
  artifactKey: Guid(332da06f34a29e84f9d150292f1891cc) Importer(815301076,1909f56bfc062723c751e8b465ee728b)
Start importing Assets/Sprites/mainlev_build_137.asset using Guid(332da06f34a29e84f9d150292f1891cc) Importer(815301076,1909f56bfc062723c751e8b465ee728b) (PreviewImporter) -> (artifact id: '05fc2a0660afb9c437481577be5fda9d') in 0.0123452 seconds
Number of updated asset objects reloaded before import = 0Number of asset objects unloaded after import = 3

========================================================================
Received Import Request.
  Time since last request: 0.000022 seconds.
  path: Assets/Sprites/mainlev_build_516.asset
  artifactKey: Guid(af4722d70c453f24bbf1a96210446ec2) Importer(815301076,1909f56bfc062723c751e8b465ee728b)
Start importing Assets/Sprites/mainlev_build_516.asset using Guid(af4722d70c453f24bbf1a96210446ec2) Importer(815301076,1909f56bfc062723c751e8b465ee728b) (PreviewImporter) -> (artifact id: '4f2b4552bbd42012317c07d28c8a4200') in 0.0125161 seconds
Number of updated asset objects reloaded before import = 0Number of asset objects unloaded after import = 3

========================================================================
Received Import Request.
  Time since last request: 0.000025 seconds.
  path: Assets/Sprites/props1_1167.asset
  artifactKey: Guid(0c90e729b6e21004797234d4313fa43e) Importer(815301076,1909f56bfc062723c751e8b465ee728b)
Start importing Assets/Sprites/props1_1167.asset using Guid(0c90e729b6e21004797234d4313fa43e) Importer(815301076,1909f56bfc062723c751e8b465ee728b) (PreviewImporter) -> (artifact id: '197ed4110207f53cb92febed1132ef18') in 0.0144491 seconds
Number of updated asset objects reloaded before import = 0Number of asset objects unloaded after import = 3

========================================================================
Received Import Request.
  Time since last request: 0.000037 seconds.
  path: Assets/Sprites/props1_997.asset
  artifactKey: Guid(dabce4fc12b893844930a3363d84dc67) Importer(815301076,1909f56bfc062723c751e8b465ee728b)
Start importing Assets/Sprites/props1_997.asset using Guid(dabce4fc12b893844930a3363d84dc67) Importer(815301076,1909f56bfc062723c751e8b465ee728b) (PreviewImporter) -> (artifact id: '65a5948a66293b3af5e3e09f78ec2e9f') in 0.0155338 seconds
Number of updated asset objects reloaded before import = 0Number of asset objects unloaded after import = 3

========================================================================
Received Import Request.
  Time since last request: 0.000023 seconds.
  path: Assets/Sprites/props1_1202.asset
  artifactKey: Guid(a26e65532150bb940a4695ca2de94640) Importer(815301076,1909f56bfc062723c751e8b465ee728b)
Start importing Assets/Sprites/props1_1202.asset using Guid(a26e65532150bb940a4695ca2de94640) Importer(815301076,1909f56bfc062723c751e8b465ee728b) (PreviewImporter) -> (artifact id: 'b2ffcebabf41935b10725e4e835d93b9') in 0.0147608 seconds
Number of updated asset objects reloaded before import = 0Number of asset objects unloaded after import = 3

========================================================================
Received Import Request.
  Time since last request: 0.000022 seconds.
  path: Assets/UnitystoreAssets/Cave Platformer Tileset/Individual PNG files/Tileset/bg_cave_blueish_32x16/bg_cave_blueish_32x16_tile_07.png
  artifactKey: Guid(c333cb781af12bd4b8aa41955462a8af) Importer(815301076,1909f56bfc062723c751e8b465ee728b)
Start importing Assets/UnitystoreAssets/Cave Platformer Tileset/Individual PNG files/Tileset/bg_cave_blueish_32x16/bg_cave_blueish_32x16_tile_07.png using Guid(c333cb781af12bd4b8aa41955462a8af) Importer(815301076,1909f56bfc062723c751e8b465ee728b) (PreviewImporter) -> (artifact id: 'a3f90c8cf4a05210a795a2d01f40cd03') in 0.0142368 seconds
Number of updated asset objects reloaded before import = 0Number of asset objects unloaded after import = 3

========================================================================
Received Import Request.
  Time since last request: 0.000021 seconds.
  path: Assets/UnitystoreAssets/Cave Platformer Tileset/Individual PNG files/Monster/scorpion-brown/scorpion-brown-8.png
  artifactKey: Guid(b85cdac63001ea341951b4025653ac18) Importer(815301076,1909f56bfc062723c751e8b465ee728b)
Start importing Assets/UnitystoreAssets/Cave Platformer Tileset/Individual PNG files/Monster/scorpion-brown/scorpion-brown-8.png using Guid(b85cdac63001ea341951b4025653ac18) Importer(815301076,1909f56bfc062723c751e8b465ee728b) (PreviewImporter) -> (artifact id: '9be6428382caf291aaabe99ea650b132') in 0.0140867 seconds
Number of updated asset objects reloaded before import = 0Number of asset objects unloaded after import = 3

========================================================================
Received Import Request.
  Time since last request: 0.000023 seconds.
  path: Assets/Sprites/props1_1555.asset
  artifactKey: Guid(7968af494c0aac34ba225b388f571fde) Importer(815301076,1909f56bfc062723c751e8b465ee728b)
Start importing Assets/Sprites/props1_1555.asset using Guid(7968af494c0aac34ba225b388f571fde) Importer(815301076,1909f56bfc062723c751e8b465ee728b) (PreviewImporter) -> (artifact id: '4f332de6158455bfbe69a1315ff6ec30') in 0.0142153 seconds
Number of updated asset objects reloaded before import = 0Number of asset objects unloaded after import = 3

========================================================================
Received Import Request.
  Time since last request: 0.000029 seconds.
  path: Assets/Sprites/props1_2276.asset
  artifactKey: Guid(617118b34cf63264a9eba52e1a6cf262) Importer(815301076,1909f56bfc062723c751e8b465ee728b)
Start importing Assets/Sprites/props1_2276.asset using Guid(617118b34cf63264a9eba52e1a6cf262) Importer(815301076,1909f56bfc062723c751e8b465ee728b) (PreviewImporter) -> (artifact id: '91654615560205ed0bee0c9c612faf69') in 0.0139669 seconds
Number of updated asset objects reloaded before import = 0Number of asset objects unloaded after import = 3

========================================================================
Received Import Request.
  Time since last request: 0.000025 seconds.
  path: Assets/UnitystoreAssets/Asset FTTGR/Palettes/Blocks/Bricks34.asset
  artifactKey: Guid(5f6217333d34f9e45b1718d107d6e0db) Importer(815301076,1909f56bfc062723c751e8b465ee728b)
Start importing Assets/UnitystoreAssets/Asset FTTGR/Palettes/Blocks/Bricks34.asset using Guid(5f6217333d34f9e45b1718d107d6e0db) Importer(815301076,1909f56bfc062723c751e8b465ee728b) (PreviewImporter) -> (artifact id: '67f90a48d4b2794082f15d6ea4e47a19') in 0.0106883 seconds
Number of updated asset objects reloaded before import = 0Number of asset objects unloaded after import = 3

========================================================================
Received Import Request.
  Time since last request: 0.000030 seconds.
  path: Assets/UnitystoreAssets/Cave Platformer Tileset/Individual PNG files/Tileset/objects_misc_animated/object_misc_animated_23.png
  artifactKey: Guid(857b1a1694c85dc45ae6aad3f95892b6) Importer(815301076,1909f56bfc062723c751e8b465ee728b)
Start importing Assets/UnitystoreAssets/Cave Platformer Tileset/Individual PNG files/Tileset/objects_misc_animated/object_misc_animated_23.png using Guid(857b1a1694c85dc45ae6aad3f95892b6) Importer(815301076,1909f56bfc062723c751e8b465ee728b) (PreviewImporter) -> (artifact id: '5840a823ca18610ea46dc71c45bd4778') in 0.0127764 seconds
Number of updated asset objects reloaded before import = 0Number of asset objects unloaded after import = 3

========================================================================
Received Import Request.
  Time since last request: 0.000023 seconds.
  path: Assets/Sprites/mainlev_build_552.asset
  artifactKey: Guid(39d7a2d8c7c578d4f882c1de84de0679) Importer(815301076,1909f56bfc062723c751e8b465ee728b)
Start importing Assets/Sprites/mainlev_build_552.asset using Guid(39d7a2d8c7c578d4f882c1de84de0679) Importer(815301076,1909f56bfc062723c751e8b465ee728b) (PreviewImporter) -> (artifact id: '7af279df6a5e4b4f8a09bdcaac98c094') in 0.013836 seconds
Number of updated asset objects reloaded before import = 0Number of asset objects unloaded after import = 3

========================================================================
Received Import Request.
  Time since last request: 0.000023 seconds.
  path: Assets/UnitystoreAssets/Cainos/Pixel Art Platformer - Village Props/Prefab/PF Village Props - Wheat 03.prefab
  artifactKey: Guid(924118ea6eca18f459f67d54f8640858) Importer(815301076,1909f56bfc062723c751e8b465ee728b)
Start importing Assets/UnitystoreAssets/Cainos/Pixel Art Platformer - Village Props/Prefab/PF Village Props - Wheat 03.prefab using Guid(924118ea6eca18f459f67d54f8640858) Importer(815301076,1909f56bfc062723c751e8b465ee728b) (PreviewImporter) -> (artifact id: '68fc6bca72feee85319541b0bb3830f2') in 0.0143646 seconds
Number of updated asset objects reloaded before import = 0Number of asset objects unloaded after import = 8

========================================================================
Received Import Request.
  Time since last request: 0.000022 seconds.
  path: Assets/Sprites/mainlev_build_98.asset
  artifactKey: Guid(02add7a6693b3444980052fee9fbfaa8) Importer(815301076,1909f56bfc062723c751e8b465ee728b)
Start importing Assets/Sprites/mainlev_build_98.asset using Guid(02add7a6693b3444980052fee9fbfaa8) Importer(815301076,1909f56bfc062723c751e8b465ee728b) (PreviewImporter) -> (artifact id: '17786c2264e06781521bfbb8267c1594') in 0.012987 seconds
Number of updated asset objects reloaded before import = 0Number of asset objects unloaded after import = 3

========================================================================
Received Import Request.
  Time since last request: 0.000022 seconds.
  path: Assets/Sprites/props1_1593.asset
  artifactKey: Guid(8077594d666011948b4028ecda5170c5) Importer(815301076,1909f56bfc062723c751e8b465ee728b)
Start importing Assets/Sprites/props1_1593.asset using Guid(8077594d666011948b4028ecda5170c5) Importer(815301076,1909f56bfc062723c751e8b465ee728b) (PreviewImporter) -> (artifact id: '86b0ffab5fceee4c44ed72938eedf325') in 0.0146335 seconds
Number of updated asset objects reloaded before import = 0Number of asset objects unloaded after import = 3

========================================================================
Received Import Request.
  Time since last request: 0.000022 seconds.
  path: Assets/karsiori/TileMap/Tiles/Tilesheet - WOODS_68.asset
  artifactKey: Guid(8d16683b6547c684781df31363626cb2) Importer(815301076,1909f56bfc062723c751e8b465ee728b)
Start importing Assets/karsiori/TileMap/Tiles/Tilesheet - WOODS_68.asset using Guid(8d16683b6547c684781df31363626cb2) Importer(815301076,1909f56bfc062723c751e8b465ee728b) (PreviewImporter) -> (artifact id: '81b44cfc3b65230557932018839db467') in 0.0116086 seconds
Number of updated asset objects reloaded before import = 0Number of asset objects unloaded after import = 3

========================================================================
Received Import Request.
  Time since last request: 0.000022 seconds.
  path: Assets/Sprites/props1_1039.asset
  artifactKey: Guid(d25ed38d5e2305b47890a3c8a1f6f1f1) Importer(815301076,1909f56bfc062723c751e8b465ee728b)
Start importing Assets/Sprites/props1_1039.asset using Guid(d25ed38d5e2305b47890a3c8a1f6f1f1) Importer(815301076,1909f56bfc062723c751e8b465ee728b) (PreviewImporter) -> (artifact id: 'b72d78fbda64b6b6b2eb8da7e8495759') in 0.0150275 seconds
Number of updated asset objects reloaded before import = 0Number of asset objects unloaded after import = 3

========================================================================
Received Import Request.
  Time since last request: 0.000031 seconds.
  path: Assets/UnitystoreAssets/Cainos/Pixel Art Platformer - Village Props/Tileset Palette/TP Ground/TX Tileset Ground_10.asset
  artifactKey: Guid(8c0583c4997af29459616893182f1c61) Importer(815301076,1909f56bfc062723c751e8b465ee728b)
Start importing Assets/UnitystoreAssets/Cainos/Pixel Art Platformer - Village Props/Tileset Palette/TP Ground/TX Tileset Ground_10.asset using Guid(8c0583c4997af29459616893182f1c61) Importer(815301076,1909f56bfc062723c751e8b465ee728b) (PreviewImporter) -> (artifact id: 'fbc6e98fcdc98c2cc3d3e53878facd03') in 0.0107744 seconds
Number of updated asset objects reloaded before import = 0Number of asset objects unloaded after import = 3

========================================================================
Received Import Request.
  Time since last request: 0.000021 seconds.
  path: Assets/Sprites/props1_1380.asset
  artifactKey: Guid(b9c548ab349071340bfe787f50833e31) Importer(815301076,1909f56bfc062723c751e8b465ee728b)
Start importing Assets/Sprites/props1_1380.asset using Guid(b9c548ab349071340bfe787f50833e31) Importer(815301076,1909f56bfc062723c751e8b465ee728b) (PreviewImporter) -> (artifact id: 'f5d3c5aa54327e2fdfe29ef395c4242c') in 0.0141456 seconds
Number of updated asset objects reloaded before import = 0Number of asset objects unloaded after import = 3

========================================================================
Received Import Request.
  Time since last request: 0.000023 seconds.
  path: Assets/Sprites/props1_174.asset
  artifactKey: Guid(41d1babf0f548684b886b017fe7251fd) Importer(815301076,1909f56bfc062723c751e8b465ee728b)
Start importing Assets/Sprites/props1_174.asset using Guid(41d1babf0f548684b886b017fe7251fd) Importer(815301076,1909f56bfc062723c751e8b465ee728b) (PreviewImporter) -> (artifact id: '5f35abd50c19a79081bdb4cab67cc1fb') in 0.0146826 seconds
Number of updated asset objects reloaded before import = 0Number of asset objects unloaded after import = 3

========================================================================
Received Import Request.
  Time since last request: 0.000021 seconds.
  path: Assets/Sprites/props1_1856.asset
  artifactKey: Guid(197f32d5504321c4fbf7db84fb40a289) Importer(815301076,1909f56bfc062723c751e8b465ee728b)
Start importing Assets/Sprites/props1_1856.asset using Guid(197f32d5504321c4fbf7db84fb40a289) Importer(815301076,1909f56bfc062723c751e8b465ee728b) (PreviewImporter) -> (artifact id: '41258853e63787b625de3434d1d432ad') in 0.0145004 seconds
Number of updated asset objects reloaded before import = 0Number of asset objects unloaded after import = 3

========================================================================
Received Import Request.
  Time since last request: 0.000021 seconds.
  path: Assets/Sprites/props1_335.asset
  artifactKey: Guid(6d612c3e7c738df4d9ec587cb075fb4f) Importer(815301076,1909f56bfc062723c751e8b465ee728b)
Start importing Assets/Sprites/props1_335.asset using Guid(6d612c3e7c738df4d9ec587cb075fb4f) Importer(815301076,1909f56bfc062723c751e8b465ee728b) (PreviewImporter) -> (artifact id: '91567fd4e23000d6d1b2d0d7dbd11046') in 0.0159175 seconds
Number of updated asset objects reloaded before import = 0Number of asset objects unloaded after import = 3

========================================================================
Received Import Request.
  Time since last request: 0.000022 seconds.
  path: Assets/Sprites/props1_566.asset
  artifactKey: Guid(3dadd7b98f669d14d876039b41faa091) Importer(815301076,1909f56bfc062723c751e8b465ee728b)
Start importing Assets/Sprites/props1_566.asset using Guid(3dadd7b98f669d14d876039b41faa091) Importer(815301076,1909f56bfc062723c751e8b465ee728b) (PreviewImporter) -> (artifact id: 'ca03c3393dcf23d77c10cf7c5b626a32') in 0.0146995 seconds
Number of updated asset objects reloaded before import = 0Number of asset objects unloaded after import = 3

========================================================================
Received Import Request.
  Time since last request: 0.000025 seconds.
  path: Assets/Sprites/props1_1466.asset
  artifactKey: Guid(e8d715e00b8995345971e692c2a68126) Importer(815301076,1909f56bfc062723c751e8b465ee728b)
Start importing Assets/Sprites/props1_1466.asset using Guid(e8d715e00b8995345971e692c2a68126) Importer(815301076,1909f56bfc062723c751e8b465ee728b) (PreviewImporter) -> (artifact id: '3dcc8d14353df6d6891c9ccfed9b8769') in 0.0142523 seconds
Number of updated asset objects reloaded before import = 0Number of asset objects unloaded after import = 3

========================================================================
Received Import Request.
  Time since last request: 0.000029 seconds.
  path: Assets/karsiori/TileMap/Tiles/Tilesheet - WOODS_23.asset
  artifactKey: Guid(a02a258e348d44447be48e199d885db9) Importer(815301076,1909f56bfc062723c751e8b465ee728b)
Start importing Assets/karsiori/TileMap/Tiles/Tilesheet - WOODS_23.asset using Guid(a02a258e348d44447be48e199d885db9) Importer(815301076,1909f56bfc062723c751e8b465ee728b) (PreviewImporter) -> (artifact id: 'dd29119b1cb4172a0da3bf330ef25467') in 0.0101201 seconds
Number of updated asset objects reloaded before import = 0Number of asset objects unloaded after import = 3

========================================================================
Received Import Request.
  Time since last request: 0.000024 seconds.
  path: Assets/Sprites/props1_256.asset
  artifactKey: Guid(e11d0c25e3195a04a8b7b27d33f1700f) Importer(815301076,1909f56bfc062723c751e8b465ee728b)
Start importing Assets/Sprites/props1_256.asset using Guid(e11d0c25e3195a04a8b7b27d33f1700f) Importer(815301076,1909f56bfc062723c751e8b465ee728b) (PreviewImporter) -> (artifact id: 'd6e365ca52b83e0672e97ee7df0d3938') in 0.0138924 seconds
Number of updated asset objects reloaded before import = 0Number of asset objects unloaded after import = 3

========================================================================
Received Import Request.
  Time since last request: 0.000022 seconds.
  path: Assets/Sprites/mainlev_build_44.asset
  artifactKey: Guid(5ab092e2b1480d946b63863d2b98eeb0) Importer(815301076,1909f56bfc062723c751e8b465ee728b)
Start importing Assets/Sprites/mainlev_build_44.asset using Guid(5ab092e2b1480d946b63863d2b98eeb0) Importer(815301076,1909f56bfc062723c751e8b465ee728b) (PreviewImporter) -> (artifact id: '482b096ce3f9940d58d6cbd763c0024b') in 0.0126381 seconds
Number of updated asset objects reloaded before import = 0Number of asset objects unloaded after import = 3

========================================================================
Received Import Request.
  Time since last request: 0.000021 seconds.
  path: Assets/Sprites/props1_1197.asset
  artifactKey: Guid(8c7b4bf693c42ea4e85109ccd8cd82a2) Importer(815301076,1909f56bfc062723c751e8b465ee728b)
Start importing Assets/Sprites/props1_1197.asset using Guid(8c7b4bf693c42ea4e85109ccd8cd82a2) Importer(815301076,1909f56bfc062723c751e8b465ee728b) (PreviewImporter) -> (artifact id: '1e05481b3a066863f433fc5fd13ded0e') in 0.0151412 seconds
Number of updated asset objects reloaded before import = 0Number of asset objects unloaded after import = 3

========================================================================
Received Import Request.
  Time since last request: 0.000022 seconds.
  path: Assets/karsiori/TileMap/Tiles/Tilesheet - WOODS_9.asset
  artifactKey: Guid(b467cdb774d96404ab0bf719c7daff20) Importer(815301076,1909f56bfc062723c751e8b465ee728b)
Start importing Assets/karsiori/TileMap/Tiles/Tilesheet - WOODS_9.asset using Guid(b467cdb774d96404ab0bf719c7daff20) Importer(815301076,1909f56bfc062723c751e8b465ee728b) (PreviewImporter) -> (artifact id: '4eac28783724989d8faa95b75a547cee') in 0.0098831 seconds
Number of updated asset objects reloaded before import = 0Number of asset objects unloaded after import = 3

========================================================================
Received Import Request.
  Time since last request: 0.000022 seconds.
  path: Assets/Sprites/props1_1355.asset
  artifactKey: Guid(dda51ab622b0eed41b1dbf6fc7afda14) Importer(815301076,1909f56bfc062723c751e8b465ee728b)
Start importing Assets/Sprites/props1_1355.asset using Guid(dda51ab622b0eed41b1dbf6fc7afda14) Importer(815301076,1909f56bfc062723c751e8b465ee728b) (PreviewImporter) -> (artifact id: '6a1107abca4e42b436a4229475346d5d') in 0.0145546 seconds
Number of updated asset objects reloaded before import = 0Number of asset objects unloaded after import = 3

========================================================================
Received Import Request.
  Time since last request: 0.000022 seconds.
  path: Assets/UnitystoreAssets/Cave Platformer Tileset/Individual PNG files/Tileset/objects_bigchest_animated/objects_bigchest_animated_4.png
  artifactKey: Guid(978f8b5988322794eb4946aa779b1485) Importer(815301076,1909f56bfc062723c751e8b465ee728b)
Start importing Assets/UnitystoreAssets/Cave Platformer Tileset/Individual PNG files/Tileset/objects_bigchest_animated/objects_bigchest_animated_4.png using Guid(978f8b5988322794eb4946aa779b1485) Importer(815301076,1909f56bfc062723c751e8b465ee728b) (PreviewImporter) -> (artifact id: '229f51139ee7485dfff1e98eeae4778f') in 0.0118489 seconds
Number of updated asset objects reloaded before import = 0Number of asset objects unloaded after import = 3

========================================================================
Received Import Request.
  Time since last request: 0.000022 seconds.
  path: Assets/UnitystoreAssets/Asset FTTGR/Palettes/Decorations/GroundInBackground2.asset
  artifactKey: Guid(db3a14ea7e6a5ae429e9d1cfd249157b) Importer(815301076,1909f56bfc062723c751e8b465ee728b)
Start importing Assets/UnitystoreAssets/Asset FTTGR/Palettes/Decorations/GroundInBackground2.asset using Guid(db3a14ea7e6a5ae429e9d1cfd249157b) Importer(815301076,1909f56bfc062723c751e8b465ee728b) (PreviewImporter) -> (artifact id: '102e473bbfe38c45983dfd4b63678169') in 0.0094802 seconds
Number of updated asset objects reloaded before import = 0Number of asset objects unloaded after import = 3

========================================================================
Received Import Request.
  Time since last request: 0.000030 seconds.
  path: Assets/Sprites/mainlev_build_477.asset
  artifactKey: Guid(4c8c0f2faf6a2cb46b5cbba474a4d489) Importer(815301076,1909f56bfc062723c751e8b465ee728b)
Start importing Assets/Sprites/mainlev_build_477.asset using Guid(4c8c0f2faf6a2cb46b5cbba474a4d489) Importer(815301076,1909f56bfc062723c751e8b465ee728b) (PreviewImporter) -> (artifact id: 'ace68b5e17c570bd5d6908304c3436e5') in 0.0116905 seconds
Number of updated asset objects reloaded before import = 0Number of asset objects unloaded after import = 3

========================================================================
Received Import Request.
  Time since last request: 0.000021 seconds.
  path: Assets/UnitystoreAssets/Cave Platformer Tileset/Individual PNG files/Tileset/water_animated/water_animated_3.png
  artifactKey: Guid(f96aa97aee13fe747994516a00ff1f81) Importer(815301076,1909f56bfc062723c751e8b465ee728b)
Start importing Assets/UnitystoreAssets/Cave Platformer Tileset/Individual PNG files/Tileset/water_animated/water_animated_3.png using Guid(f96aa97aee13fe747994516a00ff1f81) Importer(815301076,1909f56bfc062723c751e8b465ee728b) (PreviewImporter) -> (artifact id: 'f309179f83f44a61c5ce6fb040c6ed14') in 0.0130723 seconds
Number of updated asset objects reloaded before import = 0Number of asset objects unloaded after import = 3

========================================================================
Received Import Request.
  Time since last request: 0.000021 seconds.
  path: Assets/UnitystoreAssets/Cave Platformer Tileset/Individual PNG files/Tileset/trees-trunk-lightbrown/trees-trunk-lightbrown-50.png
  artifactKey: Guid(6a76326820309fb42a87f708b9005e77) Importer(815301076,1909f56bfc062723c751e8b465ee728b)
Start importing Assets/UnitystoreAssets/Cave Platformer Tileset/Individual PNG files/Tileset/trees-trunk-lightbrown/trees-trunk-lightbrown-50.png using Guid(6a76326820309fb42a87f708b9005e77) Importer(815301076,1909f56bfc062723c751e8b465ee728b) (PreviewImporter) -> (artifact id: 'c734366ae62cfd68b0b7c5825c0b81a4') in 0.0120306 seconds
Number of updated asset objects reloaded before import = 0Number of asset objects unloaded after import = 3

========================================================================
Received Import Request.
  Time since last request: 0.000021 seconds.
  path: Assets/Sprites/props1_2096.asset
  artifactKey: Guid(d1316370c3e645549918f21b1cf27a71) Importer(815301076,1909f56bfc062723c751e8b465ee728b)
Start importing Assets/Sprites/props1_2096.asset using Guid(d1316370c3e645549918f21b1cf27a71) Importer(815301076,1909f56bfc062723c751e8b465ee728b) (PreviewImporter) -> (artifact id: 'a71dee99271f7b16f8fd8178161d8b7d') in 0.0140439 seconds
Number of updated asset objects reloaded before import = 0Number of asset objects unloaded after import = 3

========================================================================
Received Import Request.
  Time since last request: 0.000028 seconds.
  path: Assets/Sprites/props1_422.asset
  artifactKey: Guid(48a9921ea53005744b251575b9285f36) Importer(815301076,1909f56bfc062723c751e8b465ee728b)
Start importing Assets/Sprites/props1_422.asset using Guid(48a9921ea53005744b251575b9285f36) Importer(815301076,1909f56bfc062723c751e8b465ee728b) (PreviewImporter) -> (artifact id: '224ccb133b95489db9039c2834bc69f3') in 0.0134918 seconds
Number of updated asset objects reloaded before import = 0Number of asset objects unloaded after import = 3

========================================================================
Received Import Request.
  Time since last request: 0.000022 seconds.
  path: Assets/UnitystoreAssets/Cave Platformer Tileset/Individual PNG files/Tileset/bg_cave_greenish_16x16/bg_cave_greenish_16x16_tile_02.png
  artifactKey: Guid(b722659e875796645a2b16cce19ff14a) Importer(815301076,1909f56bfc062723c751e8b465ee728b)
Start importing Assets/UnitystoreAssets/Cave Platformer Tileset/Individual PNG files/Tileset/bg_cave_greenish_16x16/bg_cave_greenish_16x16_tile_02.png using Guid(b722659e875796645a2b16cce19ff14a) Importer(815301076,1909f56bfc062723c751e8b465ee728b) (PreviewImporter) -> (artifact id: 'ce1c01ad9788bd27a3e5095a2d25c276') in 0.0125478 seconds
Number of updated asset objects reloaded before import = 0Number of asset objects unloaded after import = 3

========================================================================
Received Import Request.
  Time since last request: 0.000023 seconds.
  path: Assets/UnitystoreAssets/Cainos/Pixel Art Platformer - Village Props/Tileset Palette/TP Ground/TX Tileset Ground_155.asset
  artifactKey: Guid(5f38713cbf15d2544be2a75f15432fed) Importer(815301076,1909f56bfc062723c751e8b465ee728b)
Start importing Assets/UnitystoreAssets/Cainos/Pixel Art Platformer - Village Props/Tileset Palette/TP Ground/TX Tileset Ground_155.asset using Guid(5f38713cbf15d2544be2a75f15432fed) Importer(815301076,1909f56bfc062723c751e8b465ee728b) (PreviewImporter) -> (artifact id: '57e00f9b0d593c37cefba820a0bf25ca') in 0.011152 seconds
Number of updated asset objects reloaded before import = 0Number of asset objects unloaded after import = 3

========================================================================
Received Import Request.
  Time since last request: 0.000027 seconds.
  path: Assets/UnitystoreAssets/Asset FTTGR/Palettes/Blocks/GroundWinter24.asset
  artifactKey: Guid(9f5f57389ed778e4a988507796426be7) Importer(815301076,1909f56bfc062723c751e8b465ee728b)
Start importing Assets/UnitystoreAssets/Asset FTTGR/Palettes/Blocks/GroundWinter24.asset using Guid(9f5f57389ed778e4a988507796426be7) Importer(815301076,1909f56bfc062723c751e8b465ee728b) (PreviewImporter) -> (artifact id: 'd9391a2a87e1529bb8aff90caccd48c4') in 0.0109246 seconds
Number of updated asset objects reloaded before import = 0Number of asset objects unloaded after import = 3

========================================================================
Received Import Request.
  Time since last request: 0.000021 seconds.
  path: Assets/Sprites/mainlev_build_145.asset
  artifactKey: Guid(44fa060179452f740abaa978dc8e381a) Importer(815301076,1909f56bfc062723c751e8b465ee728b)
Start importing Assets/Sprites/mainlev_build_145.asset using Guid(44fa060179452f740abaa978dc8e381a) Importer(815301076,1909f56bfc062723c751e8b465ee728b) (PreviewImporter) -> (artifact id: '3fbfd2f88722466160c515974f4803d5') in 0.0123319 seconds
Number of updated asset objects reloaded before import = 0Number of asset objects unloaded after import = 3

========================================================================
Received Import Request.
  Time since last request: 0.000021 seconds.
  path: Assets/Sprites/props1_847.asset
  artifactKey: Guid(5b435038ed474a847be1d7725790744e) Importer(815301076,1909f56bfc062723c751e8b465ee728b)
Start importing Assets/Sprites/props1_847.asset using Guid(5b435038ed474a847be1d7725790744e) Importer(815301076,1909f56bfc062723c751e8b465ee728b) (PreviewImporter) -> (artifact id: 'aec448aaf18aec83b20599a005741529') in 0.0146367 seconds
Number of updated asset objects reloaded before import = 0Number of asset objects unloaded after import = 3

========================================================================
Received Import Request.
  Time since last request: 0.000023 seconds.
  path: Assets/UnitystoreAssets/Cave Platformer Tileset/Individual PNG files/Tileset/bg_cave_blueish_32x16/bg_cave_blueish_32x16_tile_08.png
  artifactKey: Guid(c2228e32f0e2eee4491b20a02dd978a7) Importer(815301076,1909f56bfc062723c751e8b465ee728b)
Start importing Assets/UnitystoreAssets/Cave Platformer Tileset/Individual PNG files/Tileset/bg_cave_blueish_32x16/bg_cave_blueish_32x16_tile_08.png using Guid(c2228e32f0e2eee4491b20a02dd978a7) Importer(815301076,1909f56bfc062723c751e8b465ee728b) (PreviewImporter) -> (artifact id: '954719a6801a1e4143f8885fe5f1a9de') in 0.0124427 seconds
Number of updated asset objects reloaded before import = 0Number of asset objects unloaded after import = 3

========================================================================
Received Import Request.
  Time since last request: 0.000021 seconds.
  path: Assets/GifToUnity/Demo/lil_slime/lil_slime_1.png
  artifactKey: Guid(1cc91306ce846b14b9c42edceb268531) Importer(815301076,1909f56bfc062723c751e8b465ee728b)
Start importing Assets/GifToUnity/Demo/lil_slime/lil_slime_1.png using Guid(1cc91306ce846b14b9c42edceb268531) Importer(815301076,1909f56bfc062723c751e8b465ee728b) (PreviewImporter) -> (artifact id: '8da89755741702c4a2f6378da7e13c52') in 0.0126559 seconds
Number of updated asset objects reloaded before import = 0Number of asset objects unloaded after import = 3

========================================================================
Received Import Request.
  Time since last request: 0.000021 seconds.
  path: Assets/Sprites/mainlev_build_443.asset
  artifactKey: Guid(eb00b1c5b079a9e4da12cd60451eb535) Importer(815301076,1909f56bfc062723c751e8b465ee728b)
Start importing Assets/Sprites/mainlev_build_443.asset using Guid(eb00b1c5b079a9e4da12cd60451eb535) Importer(815301076,1909f56bfc062723c751e8b465ee728b) (PreviewImporter) -> (artifact id: '60d26602dab1b80de581b90b534a8953') in 0.0119051 seconds
Number of updated asset objects reloaded before import = 0Number of asset objects unloaded after import = 3

========================================================================
Received Import Request.
  Time since last request: 0.000022 seconds.
  path: Assets/UnitystoreAssets/Cave Platformer Tileset/Individual PNG files/Tileset/cave_tileset/main_tiles_16x16_30.png
  artifactKey: Guid(179d73759c3c19448a80805496aa0757) Importer(815301076,1909f56bfc062723c751e8b465ee728b)
Start importing Assets/UnitystoreAssets/Cave Platformer Tileset/Individual PNG files/Tileset/cave_tileset/main_tiles_16x16_30.png using Guid(179d73759c3c19448a80805496aa0757) Importer(815301076,1909f56bfc062723c751e8b465ee728b) (PreviewImporter) -> (artifact id: '2be4d18f076795a82e12c7cc17e3f628') in 0.0126908 seconds
Number of updated asset objects reloaded before import = 0Number of asset objects unloaded after import = 3

========================================================================
Received Import Request.
  Time since last request: 0.000024 seconds.
  path: Assets/GifToUnity/ezgif-1e6aa3c59b1d1a/ezgif-1e6aa3c59b1d1a_8.png
  artifactKey: Guid(217303517d9f0d042be15cb115632fff) Importer(815301076,1909f56bfc062723c751e8b465ee728b)
Start importing Assets/GifToUnity/ezgif-1e6aa3c59b1d1a/ezgif-1e6aa3c59b1d1a_8.png using Guid(217303517d9f0d042be15cb115632fff) Importer(815301076,1909f56bfc062723c751e8b465ee728b) (PreviewImporter) -> (artifact id: '074583841438ebfc0df18649d3be4a12') in 0.0278371 seconds
Number of updated asset objects reloaded before import = 0Number of asset objects unloaded after import = 3

========================================================================
Received Import Request.
  Time since last request: 0.000030 seconds.
  path: Assets/Sprites/props1_76.asset
  artifactKey: Guid(ef9b2aa374676cb4db6235d748db194b) Importer(815301076,1909f56bfc062723c751e8b465ee728b)
Start importing Assets/Sprites/props1_76.asset using Guid(ef9b2aa374676cb4db6235d748db194b) Importer(815301076,1909f56bfc062723c751e8b465ee728b) (PreviewImporter) -> (artifact id: '0e2644f32a75e23ce19e862a8a904551') in 0.0140056 seconds
Number of updated asset objects reloaded before import = 0Number of asset objects unloaded after import = 3

========================================================================
Received Import Request.
  Time since last request: 0.000022 seconds.
  path: Assets/Sprites/props1_1128.asset
  artifactKey: Guid(cf15e54bd243c5945a13afbd71a6c675) Importer(815301076,1909f56bfc062723c751e8b465ee728b)
Start importing Assets/Sprites/props1_1128.asset using Guid(cf15e54bd243c5945a13afbd71a6c675) Importer(815301076,1909f56bfc062723c751e8b465ee728b) (PreviewImporter) -> (artifact id: 'd401688f4faf5ba0d26b2866bb90b333') in 0.0145055 seconds
Number of updated asset objects reloaded before import = 0Number of asset objects unloaded after import = 3

========================================================================
Received Import Request.
  Time since last request: 0.000022 seconds.
  path: Assets/Sprites/props1_604.asset
  artifactKey: Guid(dfada867e1374ad4c8afaa19169ce40a) Importer(815301076,1909f56bfc062723c751e8b465ee728b)
Start importing Assets/Sprites/props1_604.asset using Guid(dfada867e1374ad4c8afaa19169ce40a) Importer(815301076,1909f56bfc062723c751e8b465ee728b) (PreviewImporter) -> (artifact id: 'eaf0dc9dd59ef50c32ae2d411ad4dbe8') in 0.0147666 seconds
Number of updated asset objects reloaded before import = 0Number of asset objects unloaded after import = 3

========================================================================
Received Import Request.
  Time since last request: 0.000022 seconds.
  path: Assets/Sprites/mainlev_build_410.asset
  artifactKey: Guid(840439c8db78b9d459e0f3be6bdc7684) Importer(815301076,1909f56bfc062723c751e8b465ee728b)
Start importing Assets/Sprites/mainlev_build_410.asset using Guid(840439c8db78b9d459e0f3be6bdc7684) Importer(815301076,1909f56bfc062723c751e8b465ee728b) (PreviewImporter) -> (artifact id: '7d3b57bc7fde7fb3ab9528d742b485d4') in 0.0133567 seconds
Number of updated asset objects reloaded before import = 0Number of asset objects unloaded after import = 3

========================================================================
Received Import Request.
  Time since last request: 0.000021 seconds.
  path: Assets/UnitystoreAssets/Asset FTTGR/Palettes/Blocks/MudGround8.asset
  artifactKey: Guid(88c3cbdf65b6d2044bdf0f88ed0c7a5c) Importer(815301076,1909f56bfc062723c751e8b465ee728b)
Start importing Assets/UnitystoreAssets/Asset FTTGR/Palettes/Blocks/MudGround8.asset using Guid(88c3cbdf65b6d2044bdf0f88ed0c7a5c) Importer(815301076,1909f56bfc062723c751e8b465ee728b) (PreviewImporter) -> (artifact id: '44dbba354e4dd176637f9eb0d0fdc443') in 0.0105057 seconds
Number of updated asset objects reloaded before import = 0Number of asset objects unloaded after import = 3

========================================================================
Received Import Request.
  Time since last request: 0.000021 seconds.
  path: Assets/Sprites/props1_738.asset
  artifactKey: Guid(fb6f501a15757804987b8600b360caf9) Importer(815301076,1909f56bfc062723c751e8b465ee728b)
Start importing Assets/Sprites/props1_738.asset using Guid(fb6f501a15757804987b8600b360caf9) Importer(815301076,1909f56bfc062723c751e8b465ee728b) (PreviewImporter) -> (artifact id: '1d524001fc529a5d8cad08e694699b56') in 0.013988 seconds
Number of updated asset objects reloaded before import = 0Number of asset objects unloaded after import = 3

========================================================================
Received Import Request.
  Time since last request: 0.000025 seconds.
  path: Assets/Sprites/mainlev_build_834.asset
  artifactKey: Guid(49265072c5f8c5e45bff2f8f501b5081) Importer(815301076,1909f56bfc062723c751e8b465ee728b)
Start importing Assets/Sprites/mainlev_build_834.asset using Guid(49265072c5f8c5e45bff2f8f501b5081) Importer(815301076,1909f56bfc062723c751e8b465ee728b) (PreviewImporter) -> (artifact id: 'e48331b6754e61cc848dda14fdd4f2cb') in 0.0117748 seconds
Number of updated asset objects reloaded before import = 0Number of asset objects unloaded after import = 3

========================================================================
Received Import Request.
  Time since last request: 0.000030 seconds.
  path: Assets/Sprites/props1_466.asset
  artifactKey: Guid(bfcc359345d470045b723a58c088332c) Importer(815301076,1909f56bfc062723c751e8b465ee728b)
Start importing Assets/Sprites/props1_466.asset using Guid(bfcc359345d470045b723a58c088332c) Importer(815301076,1909f56bfc062723c751e8b465ee728b) (PreviewImporter) -> (artifact id: 'f22a698f90711e14fc89aec25093de1e') in 0.0134271 seconds
Number of updated asset objects reloaded before import = 0Number of asset objects unloaded after import = 3

========================================================================
Received Import Request.
  Time since last request: 0.000023 seconds.
  path: Assets/Sprites/mainlev_build_191.asset
  artifactKey: Guid(add724e00d729d844ae267ed51354dc0) Importer(815301076,1909f56bfc062723c751e8b465ee728b)
Start importing Assets/Sprites/mainlev_build_191.asset using Guid(add724e00d729d844ae267ed51354dc0) Importer(815301076,1909f56bfc062723c751e8b465ee728b) (PreviewImporter) -> (artifact id: '225f0fc400126fbf4cbe1b6e4d776b9a') in 0.0118953 seconds
Number of updated asset objects reloaded before import = 0Number of asset objects unloaded after import = 3

========================================================================
Received Import Request.
  Time since last request: 0.000022 seconds.
  path: Assets/Sprites/mainlev_build_875.asset
  artifactKey: Guid(8e57b8030f6d1fe479eb70eadb19237a) Importer(815301076,1909f56bfc062723c751e8b465ee728b)
Start importing Assets/Sprites/mainlev_build_875.asset using Guid(8e57b8030f6d1fe479eb70eadb19237a) Importer(815301076,1909f56bfc062723c751e8b465ee728b) (PreviewImporter) -> (artifact id: '5960ca7b90b7b1a764529acb3ddf5545') in 0.0131458 seconds
Number of updated asset objects reloaded before import = 0Number of asset objects unloaded after import = 3

========================================================================
Received Import Request.
  Time since last request: 0.000023 seconds.
  path: Assets/UnitystoreAssets/Cave Platformer Tileset/Individual PNG files/Tileset/trees-trunk-white/trees-trunk-white-21.png
  artifactKey: Guid(4e6db5e3b006a5c40a4ad25220020598) Importer(815301076,1909f56bfc062723c751e8b465ee728b)
Start importing Assets/UnitystoreAssets/Cave Platformer Tileset/Individual PNG files/Tileset/trees-trunk-white/trees-trunk-white-21.png using Guid(4e6db5e3b006a5c40a4ad25220020598) Importer(815301076,1909f56bfc062723c751e8b465ee728b) (PreviewImporter) -> (artifact id: 'e1fedb1c1d84868347ad49b79ed6b3b8') in 0.0127172 seconds
Number of updated asset objects reloaded before import = 0Number of asset objects unloaded after import = 3

========================================================================
Received Import Request.
  Time since last request: 0.000021 seconds.
  path: Assets/Sprites/props1_1180.asset
  artifactKey: Guid(1d214889cc4b3e648997d4d4a2a544fe) Importer(815301076,1909f56bfc062723c751e8b465ee728b)
Start importing Assets/Sprites/props1_1180.asset using Guid(1d214889cc4b3e648997d4d4a2a544fe) Importer(815301076,1909f56bfc062723c751e8b465ee728b) (PreviewImporter) -> (artifact id: '9d608c326706f0f3f4abcca4a17c4f16') in 0.013745 seconds
Number of updated asset objects reloaded before import = 0Number of asset objects unloaded after import = 3

========================================================================
Received Import Request.
  Time since last request: 0.000024 seconds.
  path: Assets/Sprites/props1_81.asset
  artifactKey: Guid(72a5e6c8710f6d04a996f85227c107c0) Importer(815301076,1909f56bfc062723c751e8b465ee728b)
Start importing Assets/Sprites/props1_81.asset using Guid(72a5e6c8710f6d04a996f85227c107c0) Importer(815301076,1909f56bfc062723c751e8b465ee728b) (PreviewImporter) -> (artifact id: '8538ac11e8cfbb1a8aace65fcdc8fd15') in 0.0141778 seconds
Number of updated asset objects reloaded before import = 0Number of asset objects unloaded after import = 3

========================================================================
Received Import Request.
  Time since last request: 0.000023 seconds.
  path: Assets/Sprites/props1_910.asset
  artifactKey: Guid(b52f121cf7ead064ebab90a4f2cda516) Importer(815301076,1909f56bfc062723c751e8b465ee728b)
Start importing Assets/Sprites/props1_910.asset using Guid(b52f121cf7ead064ebab90a4f2cda516) Importer(815301076,1909f56bfc062723c751e8b465ee728b) (PreviewImporter) -> (artifact id: '0bba426e5c807790ac59e1b3cae8105c') in 0.014071 seconds
Number of updated asset objects reloaded before import = 0Number of asset objects unloaded after import = 3

========================================================================
Received Import Request.
  Time since last request: 0.000025 seconds.
  path: Assets/Sprites/mainlev_build_587.asset
  artifactKey: Guid(5c21fe24e4a17c74fb2c781e6c3ff7ff) Importer(815301076,1909f56bfc062723c751e8b465ee728b)
Start importing Assets/Sprites/mainlev_build_587.asset using Guid(5c21fe24e4a17c74fb2c781e6c3ff7ff) Importer(815301076,1909f56bfc062723c751e8b465ee728b) (PreviewImporter) -> (artifact id: '5d8558f8f59c90fb37dd574108ed2601') in 0.0123329 seconds
Number of updated asset objects reloaded before import = 0Number of asset objects unloaded after import = 3

========================================================================
Received Import Request.
  Time since last request: 0.000027 seconds.
  path: Assets/UnitystoreAssets/Cave Platformer Tileset/Individual PNG files/Tileset/objects_bigchest_animated/objects_bigchest_animated_20.png
  artifactKey: Guid(f2151a4514d2b2341878c35e02307280) Importer(815301076,1909f56bfc062723c751e8b465ee728b)
Start importing Assets/UnitystoreAssets/Cave Platformer Tileset/Individual PNG files/Tileset/objects_bigchest_animated/objects_bigchest_animated_20.png using Guid(f2151a4514d2b2341878c35e02307280) Importer(815301076,1909f56bfc062723c751e8b465ee728b) (PreviewImporter) -> (artifact id: '23e550f775212e2ecee77f2e611ba23f') in 0.0134738 seconds
Number of updated asset objects reloaded before import = 0Number of asset objects unloaded after import = 3

========================================================================
Received Import Request.
  Time since last request: 0.000020 seconds.
  path: Assets/Sprites/mainlev_build_46.asset
  artifactKey: Guid(8ad895832611a2742bf7c90ead876087) Importer(815301076,1909f56bfc062723c751e8b465ee728b)
Start importing Assets/Sprites/mainlev_build_46.asset using Guid(8ad895832611a2742bf7c90ead876087) Importer(815301076,1909f56bfc062723c751e8b465ee728b) (PreviewImporter) -> (artifact id: 'fa9c77b982c222316e56868e23a35f48') in 0.0070858 seconds
Number of updated asset objects reloaded before import = 0Number of asset objects unloaded after import = 3

========================================================================
Received Import Request.
  Time since last request: 0.000021 seconds.
  path: Assets/Sprites/mainlev_build_727.asset
  artifactKey: Guid(3f8d83345eb673e429809fa821a05988) Importer(815301076,1909f56bfc062723c751e8b465ee728b)
Start importing Assets/Sprites/mainlev_build_727.asset using Guid(3f8d83345eb673e429809fa821a05988) Importer(815301076,1909f56bfc062723c751e8b465ee728b) (PreviewImporter) -> (artifact id: 'a8ebb3885cb6d9f7a522ce2ab37cded9') in 0.0120896 seconds
Number of updated asset objects reloaded before import = 0Number of asset objects unloaded after import = 3

========================================================================
Received Import Request.
  Time since last request: 0.000021 seconds.
  path: Assets/UnitystoreAssets/Cave Platformer Tileset/Individual PNG files/Tileset/objects_misc_animated/object_misc_animated_3.png
  artifactKey: Guid(3dd72b61697e4d649b62165f63b517cd) Importer(815301076,1909f56bfc062723c751e8b465ee728b)
Start importing Assets/UnitystoreAssets/Cave Platformer Tileset/Individual PNG files/Tileset/objects_misc_animated/object_misc_animated_3.png using Guid(3dd72b61697e4d649b62165f63b517cd) Importer(815301076,1909f56bfc062723c751e8b465ee728b) (PreviewImporter) -> (artifact id: '299224237872f293d83521049350c7f1') in 0.0124089 seconds
Number of updated asset objects reloaded before import = 0Number of asset objects unloaded after import = 3

========================================================================
Received Import Request.
  Time since last request: 0.000020 seconds.
  path: Assets/Sprites/props1_276.asset
  artifactKey: Guid(dbd36bde56f82294ba3f4dc8c953316e) Importer(815301076,1909f56bfc062723c751e8b465ee728b)
Start importing Assets/Sprites/props1_276.asset using Guid(dbd36bde56f82294ba3f4dc8c953316e) Importer(815301076,1909f56bfc062723c751e8b465ee728b) (PreviewImporter) -> (artifact id: '070db8215a856baa544180591101ed74') in 0.0136189 seconds
Number of updated asset objects reloaded before import = 0Number of asset objects unloaded after import = 3

========================================================================
Received Import Request.
  Time since last request: 0.000024 seconds.
  path: Assets/Sprites/mainlev_build_640.asset
  artifactKey: Guid(f41bd0f7f0768ba4395faa681b1edbb7) Importer(815301076,1909f56bfc062723c751e8b465ee728b)
Start importing Assets/Sprites/mainlev_build_640.asset using Guid(f41bd0f7f0768ba4395faa681b1edbb7) Importer(815301076,1909f56bfc062723c751e8b465ee728b) (PreviewImporter) -> (artifact id: '61ffc160b2a7811abb78939d80f14d16') in 0.0121152 seconds
Number of updated asset objects reloaded before import = 0Number of asset objects unloaded after import = 3

========================================================================
Received Import Request.
  Time since last request: 0.000020 seconds.
  path: Assets/UnitystoreAssets/Cainos/Third Party/Lucid Editor/Editor/InspectorProperty
  artifactKey: Guid(a8e2ebf111e0146a0bddf875e0c55040) Importer(815301076,1909f56bfc062723c751e8b465ee728b)
Start importing Assets/UnitystoreAssets/Cainos/Third Party/Lucid Editor/Editor/InspectorProperty using Guid(a8e2ebf111e0146a0bddf875e0c55040) Importer(815301076,1909f56bfc062723c751e8b465ee728b) (PreviewImporter) -> (artifact id: 'fb27bd22a76796fcef81aae3e318603e') in 0.0004697 seconds
Number of updated asset objects reloaded before import = 0Number of asset objects unloaded after import = 0

========================================================================
Received Import Request.
  Time since last request: 0.000023 seconds.
  path: Assets/Sprites/props1_257.asset
  artifactKey: Guid(cd5550d0b09bbc846a739f5bb4529a18) Importer(815301076,1909f56bfc062723c751e8b465ee728b)
Start importing Assets/Sprites/props1_257.asset using Guid(cd5550d0b09bbc846a739f5bb4529a18) Importer(815301076,1909f56bfc062723c751e8b465ee728b) (PreviewImporter) -> (artifact id: '2232e76a265f28dfd6dc2f6630bd4e47') in 0.0150127 seconds
Number of updated asset objects reloaded before import = 0Number of asset objects unloaded after import = 3

========================================================================
Received Import Request.
  Time since last request: 0.000040 seconds.
  path: Assets/Sprites/mainlev_build_635.asset
  artifactKey: Guid(b77daa2327717854fb804e31b1b94a09) Importer(815301076,1909f56bfc062723c751e8b465ee728b)
Start importing Assets/Sprites/mainlev_build_635.asset using Guid(b77daa2327717854fb804e31b1b94a09) Importer(815301076,1909f56bfc062723c751e8b465ee728b) (PreviewImporter) -> (artifact id: 'e124196b0464d9366f8f06d0dec78403') in 0.0124957 seconds
Number of updated asset objects reloaded before import = 0Number of asset objects unloaded after import = 3

========================================================================
Received Import Request.
  Time since last request: 0.000031 seconds.
  path: Assets/Sprites/props1_400.asset
  artifactKey: Guid(7747d5c186e2c0c45a99012be144e512) Importer(815301076,1909f56bfc062723c751e8b465ee728b)
Start importing Assets/Sprites/props1_400.asset using Guid(7747d5c186e2c0c45a99012be144e512) Importer(815301076,1909f56bfc062723c751e8b465ee728b) (PreviewImporter) -> (artifact id: 'ddd8288c90d40800796031d6461b05ce') in 0.0143805 seconds
Number of updated asset objects reloaded before import = 0Number of asset objects unloaded after import = 3

========================================================================
Received Import Request.
  Time since last request: 0.000023 seconds.
  path: Assets/New Animation.anim
  artifactKey: Guid(985af86d7c77fed4fada8d4fdd6e35d3) Importer(815301076,1909f56bfc062723c751e8b465ee728b)
Start importing Assets/New Animation.anim using Guid(985af86d7c77fed4fada8d4fdd6e35d3) Importer(815301076,1909f56bfc062723c751e8b465ee728b) (PreviewImporter) -> (artifact id: 'bdb4fdb09aa0329ec7abf60ac1314c62') in 0.0009962 seconds
Number of updated asset objects reloaded before import = 0Number of asset objects unloaded after import = 1

========================================================================
Received Import Request.
  Time since last request: 0.000022 seconds.
  path: Assets/Sprites/mainlev_build_499.asset
  artifactKey: Guid(02276942cea112b42a140ed7b30b7455) Importer(815301076,1909f56bfc062723c751e8b465ee728b)
Start importing Assets/Sprites/mainlev_build_499.asset using Guid(02276942cea112b42a140ed7b30b7455) Importer(815301076,1909f56bfc062723c751e8b465ee728b) (PreviewImporter) -> (artifact id: 'a9040047c88b46fb0b4d7c029ad140f2') in 0.0108314 seconds
Number of updated asset objects reloaded before import = 0Number of asset objects unloaded after import = 3

========================================================================
Received Import Request.
  Time since last request: 0.000022 seconds.
  path: Assets/Sprites/props1_637.asset
  artifactKey: Guid(1626a7e107e694a498af041f0bd3fdcb) Importer(815301076,1909f56bfc062723c751e8b465ee728b)
Start importing Assets/Sprites/props1_637.asset using Guid(1626a7e107e694a498af041f0bd3fdcb) Importer(815301076,1909f56bfc062723c751e8b465ee728b) (PreviewImporter) -> (artifact id: 'b4d1a9c1d66565cb3f4c0a32d78f96bf') in 0.012843 seconds
Number of updated asset objects reloaded before import = 0Number of asset objects unloaded after import = 3

========================================================================
Received Import Request.
  Time since last request: 0.000022 seconds.
  path: Assets/Sprites/props1_326.asset
  artifactKey: Guid(cb4d09c0b5c56d14aa48bdfdcd042311) Importer(815301076,1909f56bfc062723c751e8b465ee728b)
Start importing Assets/Sprites/props1_326.asset using Guid(cb4d09c0b5c56d14aa48bdfdcd042311) Importer(815301076,1909f56bfc062723c751e8b465ee728b) (PreviewImporter) -> (artifact id: '6aae5af9f2de7d94de9f5b1379a76a58') in 0.0118961 seconds
Number of updated asset objects reloaded before import = 0Number of asset objects unloaded after import = 3

========================================================================
Received Import Request.
  Time since last request: 0.015610 seconds.
  path: Assets/Sprites/props1_365.asset
  artifactKey: Guid(8b29c7e1b2a3abf48a2c94b87dbb99d7) Importer(815301076,1909f56bfc062723c751e8b465ee728b)
Start importing Assets/Sprites/props1_365.asset using Guid(8b29c7e1b2a3abf48a2c94b87dbb99d7) Importer(815301076,1909f56bfc062723c751e8b465ee728b) (PreviewImporter) -> (artifact id: 'c01649ed4c91383a876d31e5f67fbef8') in 0.0119399 seconds
Number of updated asset objects reloaded before import = 0Number of asset objects unloaded after import = 3

========================================================================
Received Import Request.
  Time since last request: 0.000025 seconds.
  path: Assets/UnitystoreAssets/Cave Platformer Tileset/Individual PNG files/Tileset/objects_misc_animated/object_misc_animated_36.png
  artifactKey: Guid(37b574b05f2cb41498cc826d8d11a48d) Importer(815301076,1909f56bfc062723c751e8b465ee728b)
Start importing Assets/UnitystoreAssets/Cave Platformer Tileset/Individual PNG files/Tileset/objects_misc_animated/object_misc_animated_36.png using Guid(37b574b05f2cb41498cc826d8d11a48d) Importer(815301076,1909f56bfc062723c751e8b465ee728b) (PreviewImporter) -> (artifact id: '3c008cfa71d478aac4c0b32a73647dbe') in 0.0116675 seconds
Number of updated asset objects reloaded before import = 0Number of asset objects unloaded after import = 3

========================================================================
Received Import Request.
  Time since last request: 0.000045 seconds.
  path: Assets/Sprites/props1_476.asset
  artifactKey: Guid(f3d501d74ddde124b9573ae41741b0b5) Importer(815301076,1909f56bfc062723c751e8b465ee728b)
Start importing Assets/Sprites/props1_476.asset using Guid(f3d501d74ddde124b9573ae41741b0b5) Importer(815301076,1909f56bfc062723c751e8b465ee728b) (PreviewImporter) -> (artifact id: '3b815d854e68f3dbe880f06da7ac3dcc') in 0.016354 seconds
Number of updated asset objects reloaded before import = 0Number of asset objects unloaded after import = 3

========================================================================
Received Import Request.
  Time since last request: 0.000029 seconds.
  path: Assets/UnitystoreAssets/2D Pixel Art Platformer Biome - Plains/Tilemap/TileGround4.asset
  artifactKey: Guid(5c6fb09ef79aeeb47bfe32d15bc1f52a) Importer(815301076,1909f56bfc062723c751e8b465ee728b)
Start importing Assets/UnitystoreAssets/2D Pixel Art Platformer Biome - Plains/Tilemap/TileGround4.asset using Guid(5c6fb09ef79aeeb47bfe32d15bc1f52a) Importer(815301076,1909f56bfc062723c751e8b465ee728b) (PreviewImporter) -> (artifact id: 'f066d7efa94e6453e503ba64421eed72') in 0.012311 seconds
Number of updated asset objects reloaded before import = 0Number of asset objects unloaded after import = 3

========================================================================
Received Import Request.
  Time since last request: 0.000033 seconds.
  path: Assets/UnitystoreAssets/Cave Platformer Tileset/Individual PNG files/Tileset/bg_cave_greenish_16x16
  artifactKey: Guid(19f61655e128ee44aa346449185b8ffb) Importer(815301076,1909f56bfc062723c751e8b465ee728b)
Start importing Assets/UnitystoreAssets/Cave Platformer Tileset/Individual PNG files/Tileset/bg_cave_greenish_16x16 using Guid(19f61655e128ee44aa346449185b8ffb) Importer(815301076,1909f56bfc062723c751e8b465ee728b) (PreviewImporter) -> (artifact id: '89fdb13bf493468827cd06b77a114775') in 0.0005348 seconds
Number of updated asset objects reloaded before import = 0Number of asset objects unloaded after import = 0

========================================================================
Received Import Request.
  Time since last request: 0.000025 seconds.
  path: Assets/UnitystoreAssets/2D Pixel Art Platformer Biome - American Forest/Tilemap/TileBackGround6.asset
  artifactKey: Guid(74b826facc8d6814db21d4e1652285b9) Importer(815301076,1909f56bfc062723c751e8b465ee728b)
Start importing Assets/UnitystoreAssets/2D Pixel Art Platformer Biome - American Forest/Tilemap/TileBackGround6.asset using Guid(74b826facc8d6814db21d4e1652285b9) Importer(815301076,1909f56bfc062723c751e8b465ee728b) (PreviewImporter) -> (artifact id: '31cfc863e342f34a35d7b27f9440471e') in 0.0194321 seconds
Number of updated asset objects reloaded before import = 0Number of asset objects unloaded after import = 92

========================================================================
Received Import Request.
  Time since last request: 0.000022 seconds.
  path: Assets/karsiori
  artifactKey: Guid(d158551a79d08b447b4a2b23ce783176) Importer(815301076,1909f56bfc062723c751e8b465ee728b)
Start importing Assets/karsiori using Guid(d158551a79d08b447b4a2b23ce783176) Importer(815301076,1909f56bfc062723c751e8b465ee728b) (PreviewImporter) -> (artifact id: 'c52a913cdc2aa14dc5c2ff2b09010f3e') in 0.0004835 seconds
Number of updated asset objects reloaded before import = 0Number of asset objects unloaded after import = 0

========================================================================
Received Import Request.
  Time since last request: 0.000023 seconds.
  path: Assets/Sprites/props1_274.asset
  artifactKey: Guid(c656c3c0451ad8646847704bd5f7cbdc) Importer(815301076,1909f56bfc062723c751e8b465ee728b)
Start importing Assets/Sprites/props1_274.asset using Guid(c656c3c0451ad8646847704bd5f7cbdc) Importer(815301076,1909f56bfc062723c751e8b465ee728b) (PreviewImporter) -> (artifact id: '1475644170417bbc0489f3b2b9cd98f2') in 0.0137399 seconds
Number of updated asset objects reloaded before import = 0Number of asset objects unloaded after import = 3

========================================================================
Received Import Request.
  Time since last request: 0.000032 seconds.
  path: Assets/Sprites/props1_2054.asset
  artifactKey: Guid(b6ba1590b6fbb3547b777272f1ff4a8a) Importer(815301076,1909f56bfc062723c751e8b465ee728b)
Start importing Assets/Sprites/props1_2054.asset using Guid(b6ba1590b6fbb3547b777272f1ff4a8a) Importer(815301076,1909f56bfc062723c751e8b465ee728b) (PreviewImporter) -> (artifact id: '33b567e973caf625013f954964fbd2b3') in 0.0128849 seconds
Number of updated asset objects reloaded before import = 0Number of asset objects unloaded after import = 3

========================================================================
Received Import Request.
  Time since last request: 0.000025 seconds.
  path: Assets/UnitystoreAssets/Cave Platformer Tileset/Individual PNG files/Tileset/trees-trunk-grey/trees-trunk-grey-62.png
  artifactKey: Guid(7c6ab782db6eaaa4e8b500e0b665a74e) Importer(815301076,1909f56bfc062723c751e8b465ee728b)
Start importing Assets/UnitystoreAssets/Cave Platformer Tileset/Individual PNG files/Tileset/trees-trunk-grey/trees-trunk-grey-62.png using Guid(7c6ab782db6eaaa4e8b500e0b665a74e) Importer(815301076,1909f56bfc062723c751e8b465ee728b) (PreviewImporter) -> (artifact id: '1743a5796c5332e7e5d1bf0e2cde8f43') in 0.0117324 seconds
Number of updated asset objects reloaded before import = 0Number of asset objects unloaded after import = 3

========================================================================
Received Import Request.
  Time since last request: 0.000030 seconds.
  path: Assets/UnitystoreAssets/Cave Platformer Tileset/Individual PNG files/Tileset/bg_cave_greenish_32x16/bg_cave_greenish_32x16_tile_01.png
  artifactKey: Guid(ffedfdee722313543b31a764a2cf9713) Importer(815301076,1909f56bfc062723c751e8b465ee728b)
Start importing Assets/UnitystoreAssets/Cave Platformer Tileset/Individual PNG files/Tileset/bg_cave_greenish_32x16/bg_cave_greenish_32x16_tile_01.png using Guid(ffedfdee722313543b31a764a2cf9713) Importer(815301076,1909f56bfc062723c751e8b465ee728b) (PreviewImporter) -> (artifact id: 'ccb194b8efdd674c0c7376c0f7227ad1') in 0.0112774 seconds
Number of updated asset objects reloaded before import = 0Number of asset objects unloaded after import = 3

========================================================================
Received Import Request.
  Time since last request: 0.000021 seconds.
  path: Assets/Sprites/props1_2219.asset
  artifactKey: Guid(3657a0cf0fb615946800061924a6af41) Importer(815301076,1909f56bfc062723c751e8b465ee728b)
Start importing Assets/Sprites/props1_2219.asset using Guid(3657a0cf0fb615946800061924a6af41) Importer(815301076,1909f56bfc062723c751e8b465ee728b) (PreviewImporter) -> (artifact id: '2e05655f965014aa55fcb231ed9d66c8') in 0.01246 seconds
Number of updated asset objects reloaded before import = 0Number of asset objects unloaded after import = 3

========================================================================
Received Import Request.
  Time since last request: 0.000022 seconds.
  path: Assets/Sprites/props1_578.asset
  artifactKey: Guid(4c9561a28f1babd45b0073ac409d8a6e) Importer(815301076,1909f56bfc062723c751e8b465ee728b)
Start importing Assets/Sprites/props1_578.asset using Guid(4c9561a28f1babd45b0073ac409d8a6e) Importer(815301076,1909f56bfc062723c751e8b465ee728b) (PreviewImporter) -> (artifact id: '700bd5c6a1b4bf896174841fb28f480a') in 0.0122749 seconds
Number of updated asset objects reloaded before import = 0Number of asset objects unloaded after import = 3

========================================================================
Received Import Request.
  Time since last request: 0.000023 seconds.
  path: Assets/Sprites/props1_92.asset
  artifactKey: Guid(fb79cc733e147df43a0f3b2d21d28bc3) Importer(815301076,1909f56bfc062723c751e8b465ee728b)
Start importing Assets/Sprites/props1_92.asset using Guid(fb79cc733e147df43a0f3b2d21d28bc3) Importer(815301076,1909f56bfc062723c751e8b465ee728b) (PreviewImporter) -> (artifact id: '95493381b08ba0ee2d94d1ce536c4e3d') in 0.0128572 seconds
Number of updated asset objects reloaded before import = 0Number of asset objects unloaded after import = 3

========================================================================
Received Import Request.
  Time since last request: 0.000030 seconds.
  path: Assets/Sprites/mainlev_build_706.asset
  artifactKey: Guid(73d61d70ee55e9444aa67bbdbacd3715) Importer(815301076,1909f56bfc062723c751e8b465ee728b)
Start importing Assets/Sprites/mainlev_build_706.asset using Guid(73d61d70ee55e9444aa67bbdbacd3715) Importer(815301076,1909f56bfc062723c751e8b465ee728b) (PreviewImporter) -> (artifact id: '22dbf90087a7d4b9f83ea23301f4ba5c') in 0.0119618 seconds
Number of updated asset objects reloaded before import = 0Number of asset objects unloaded after import = 3

========================================================================
Received Import Request.
  Time since last request: 0.000021 seconds.
  path: Assets/Sprites/props1_1033.asset
  artifactKey: Guid(806e0437a2897064786976c7b37561c9) Importer(815301076,1909f56bfc062723c751e8b465ee728b)
Start importing Assets/Sprites/props1_1033.asset using Guid(806e0437a2897064786976c7b37561c9) Importer(815301076,1909f56bfc062723c751e8b465ee728b) (PreviewImporter) -> (artifact id: '7acc1b96278df5d93ab61fddafbe8818') in 0.0118601 seconds
Number of updated asset objects reloaded before import = 0Number of asset objects unloaded after import = 3

========================================================================
Received Import Request.
  Time since last request: 0.000023 seconds.
  path: Assets/Sprites/props1_1261.asset
  artifactKey: Guid(77d58a06e5f84a645a12cc0b78e8d113) Importer(815301076,1909f56bfc062723c751e8b465ee728b)
Start importing Assets/Sprites/props1_1261.asset using Guid(77d58a06e5f84a645a12cc0b78e8d113) Importer(815301076,1909f56bfc062723c751e8b465ee728b) (PreviewImporter) -> (artifact id: '7183bfc5d1555d31490ca7768f422a87') in 0.0120349 seconds
Number of updated asset objects reloaded before import = 0Number of asset objects unloaded after import = 3

========================================================================
Received Import Request.
  Time since last request: 0.000030 seconds.
  path: Assets/Sprites/mainlev_build_361.asset
  artifactKey: Guid(ea4b46151ca67df4880704e9f56f9c9e) Importer(815301076,1909f56bfc062723c751e8b465ee728b)
Start importing Assets/Sprites/mainlev_build_361.asset using Guid(ea4b46151ca67df4880704e9f56f9c9e) Importer(815301076,1909f56bfc062723c751e8b465ee728b) (PreviewImporter) -> (artifact id: 'f8e7e3222d7271b518be3a85899d6c04') in 0.0108584 seconds
Number of updated asset objects reloaded before import = 0Number of asset objects unloaded after import = 3

========================================================================
Received Import Request.
  Time since last request: 0.000023 seconds.
  path: Assets/Sprites/mainlev_build_753.asset
  artifactKey: Guid(2e6bb5b3decbf50438f65587f56d796d) Importer(815301076,1909f56bfc062723c751e8b465ee728b)
Start importing Assets/Sprites/mainlev_build_753.asset using Guid(2e6bb5b3decbf50438f65587f56d796d) Importer(815301076,1909f56bfc062723c751e8b465ee728b) (PreviewImporter) -> (artifact id: '0cf7611b684e4f34ba7e4f1c7e51b571') in 0.0114096 seconds
Number of updated asset objects reloaded before import = 0Number of asset objects unloaded after import = 3

========================================================================
Received Import Request.
  Time since last request: 0.000024 seconds.
  path: Assets/UnitystoreAssets/2D Pixel Art Platformer Biome - Plains/Tilemap/TileFence1.asset
  artifactKey: Guid(f07677effe364094d85dfe1acdf49e21) Importer(815301076,1909f56bfc062723c751e8b465ee728b)
Start importing Assets/UnitystoreAssets/2D Pixel Art Platformer Biome - Plains/Tilemap/TileFence1.asset using Guid(f07677effe364094d85dfe1acdf49e21) Importer(815301076,1909f56bfc062723c751e8b465ee728b) (PreviewImporter) -> (artifact id: '6daf6cb3666f4c781186a6e1e1b178c8') in 0.0109426 seconds
Number of updated asset objects reloaded before import = 0Number of asset objects unloaded after import = 3

========================================================================
Received Import Request.
  Time since last request: 0.000022 seconds.
  path: Assets/Sprites/props1_216.asset
  artifactKey: Guid(2ec824baf8c5d3c4d934c1b50e2d12ae) Importer(815301076,1909f56bfc062723c751e8b465ee728b)
Start importing Assets/Sprites/props1_216.asset using Guid(2ec824baf8c5d3c4d934c1b50e2d12ae) Importer(815301076,1909f56bfc062723c751e8b465ee728b) (PreviewImporter) -> (artifact id: '7ff233076e035d245ffa1cfa0e7f705d') in 0.0117822 seconds
Number of updated asset objects reloaded before import = 0Number of asset objects unloaded after import = 3

========================================================================
Received Import Request.
  Time since last request: 0.000022 seconds.
  path: Assets/Sprites/mainlev_build_572.asset
  artifactKey: Guid(478641d063ebb794996c6be24beb8423) Importer(815301076,1909f56bfc062723c751e8b465ee728b)
Start importing Assets/Sprites/mainlev_build_572.asset using Guid(478641d063ebb794996c6be24beb8423) Importer(815301076,1909f56bfc062723c751e8b465ee728b) (PreviewImporter) -> (artifact id: '6735bc48b88814078057072028f366a1') in 0.0110711 seconds
Number of updated asset objects reloaded before import = 0Number of asset objects unloaded after import = 3

========================================================================
Received Import Request.
  Time since last request: 0.000030 seconds.
  path: Assets/UnitystoreAssets/2D Pixel Art Platformer Biome - Plains/Tilemap/TilePlant3.asset
  artifactKey: Guid(f041f16b65ad7ae4fb8f497cf7ed797f) Importer(815301076,1909f56bfc062723c751e8b465ee728b)
Start importing Assets/UnitystoreAssets/2D Pixel Art Platformer Biome - Plains/Tilemap/TilePlant3.asset using Guid(f041f16b65ad7ae4fb8f497cf7ed797f) Importer(815301076,1909f56bfc062723c751e8b465ee728b) (PreviewImporter) -> (artifact id: '9ddc5ffe40ad45080ed72449a61c77f0') in 0.0104727 seconds
Number of updated asset objects reloaded before import = 0Number of asset objects unloaded after import = 3

========================================================================
Received Import Request.
  Time since last request: 0.000022 seconds.
  path: Assets/Sprites/mainlev_build_260.asset
  artifactKey: Guid(64cdf2fa7636e1c42ab36e679c7af8bb) Importer(815301076,1909f56bfc062723c751e8b465ee728b)
Start importing Assets/Sprites/mainlev_build_260.asset using Guid(64cdf2fa7636e1c42ab36e679c7af8bb) Importer(815301076,1909f56bfc062723c751e8b465ee728b) (PreviewImporter) -> (artifact id: '54a836dd97889c8fd5dfce3fadc8f4f4') in 0.0125759 seconds
Number of updated asset objects reloaded before import = 0Number of asset objects unloaded after import = 3

========================================================================
Received Import Request.
  Time since last request: 0.000024 seconds.
  path: Assets/Sprites/props1_615.asset
  artifactKey: Guid(4aa41b3d68efc144c89595565b658cf6) Importer(815301076,1909f56bfc062723c751e8b465ee728b)
Start importing Assets/Sprites/props1_615.asset using Guid(4aa41b3d68efc144c89595565b658cf6) Importer(815301076,1909f56bfc062723c751e8b465ee728b) (PreviewImporter) -> (artifact id: 'f9e7115d5c9963a576a62662011dcc43') in 0.0114793 seconds
Number of updated asset objects reloaded before import = 0Number of asset objects unloaded after import = 3

========================================================================
Received Import Request.
  Time since last request: 0.000031 seconds.
  path: Assets/UnitystoreAssets/Cave Platformer Tileset/Individual PNG files/Tileset/bg_cave_blueish_16x32/bg_cave_blueish_16x32_tile_04.png
  artifactKey: Guid(9b71ecedd1fe08b4880369a00256fbb8) Importer(815301076,1909f56bfc062723c751e8b465ee728b)
Start importing Assets/UnitystoreAssets/Cave Platformer Tileset/Individual PNG files/Tileset/bg_cave_blueish_16x32/bg_cave_blueish_16x32_tile_04.png using Guid(9b71ecedd1fe08b4880369a00256fbb8) Importer(815301076,1909f56bfc062723c751e8b465ee728b) (PreviewImporter) -> (artifact id: 'eee7e1e11ea4c4cc20258a317a66479c') in 0.01089 seconds
Number of updated asset objects reloaded before import = 0Number of asset objects unloaded after import = 3

========================================================================
Received Import Request.
  Time since last request: 0.000020 seconds.
  path: Assets/Sprites/props1_1884.asset
  artifactKey: Guid(8d99682dadc6e244bbd9f4f25ed874bd) Importer(815301076,1909f56bfc062723c751e8b465ee728b)
Start importing Assets/Sprites/props1_1884.asset using Guid(8d99682dadc6e244bbd9f4f25ed874bd) Importer(815301076,1909f56bfc062723c751e8b465ee728b) (PreviewImporter) -> (artifact id: '8aee37b1ce93e1b7707968f518e11ef2') in 0.011587 seconds
Number of updated asset objects reloaded before import = 0Number of asset objects unloaded after import = 3

========================================================================
Received Import Request.
  Time since last request: 0.000022 seconds.
  path: Assets/Sprites/props1_536.asset
  artifactKey: Guid(5e39d9d6459298f459269044aa8128e9) Importer(815301076,1909f56bfc062723c751e8b465ee728b)
Start importing Assets/Sprites/props1_536.asset using Guid(5e39d9d6459298f459269044aa8128e9) Importer(815301076,1909f56bfc062723c751e8b465ee728b) (PreviewImporter) -> (artifact id: '4305192f9ad8f15bc99e7c91a0407f6f') in 0.0118025 seconds
Number of updated asset objects reloaded before import = 0Number of asset objects unloaded after import = 3

========================================================================
Received Import Request.
  Time since last request: 0.000022 seconds.
  path: Assets/Sprites/props1_436.asset
  artifactKey: Guid(3971c8fa079d9a84bb1011fc334d00a5) Importer(815301076,1909f56bfc062723c751e8b465ee728b)
Start importing Assets/Sprites/props1_436.asset using Guid(3971c8fa079d9a84bb1011fc334d00a5) Importer(815301076,1909f56bfc062723c751e8b465ee728b) (PreviewImporter) -> (artifact id: '546bf651bcce6ada6752179bbc502b99') in 0.0114234 seconds
Number of updated asset objects reloaded before import = 0Number of asset objects unloaded after import = 3

========================================================================
Received Import Request.
  Time since last request: 0.000023 seconds.
  path: Assets/Sprites/props1_438.asset
  artifactKey: Guid(954e02ca36f600844b360212ca0591ba) Importer(815301076,1909f56bfc062723c751e8b465ee728b)
Start importing Assets/Sprites/props1_438.asset using Guid(954e02ca36f600844b360212ca0591ba) Importer(815301076,1909f56bfc062723c751e8b465ee728b) (PreviewImporter) -> (artifact id: '04c659a2197eb98226da2aeb5bd6d319') in 0.0125168 seconds
Number of updated asset objects reloaded before import = 0Number of asset objects unloaded after import = 3

========================================================================
Received Import Request.
  Time since last request: 0.000022 seconds.
  path: Assets/UnitystoreAssets/Asset FTTGR/Palettes/Blocks/GroundWinter45.asset
  artifactKey: Guid(99e443d8a1101b849a0e36f9d6f9d0b9) Importer(815301076,1909f56bfc062723c751e8b465ee728b)
Start importing Assets/UnitystoreAssets/Asset FTTGR/Palettes/Blocks/GroundWinter45.asset using Guid(99e443d8a1101b849a0e36f9d6f9d0b9) Importer(815301076,1909f56bfc062723c751e8b465ee728b) (PreviewImporter) -> (artifact id: 'da215846b39925d7010495218c0f5b04') in 0.0094001 seconds
Number of updated asset objects reloaded before import = 0Number of asset objects unloaded after import = 3

========================================================================
Received Import Request.
  Time since last request: 0.000023 seconds.
  path: Assets/Sprites/props1_741.asset
  artifactKey: Guid(16f50ae8c02c70c4d95d959c2d5c1871) Importer(815301076,1909f56bfc062723c751e8b465ee728b)
Start importing Assets/Sprites/props1_741.asset using Guid(16f50ae8c02c70c4d95d959c2d5c1871) Importer(815301076,1909f56bfc062723c751e8b465ee728b) (PreviewImporter) -> (artifact id: 'a9d985fc2bffefd98d34dad09634174b') in 0.0123019 seconds
Number of updated asset objects reloaded before import = 0Number of asset objects unloaded after import = 3

========================================================================
Received Import Request.
  Time since last request: 0.000025 seconds.
  path: Assets/Sprites/mainlev_build_884.asset
  artifactKey: Guid(f231f17a2a7a34a43a8295fb8dcd3ec8) Importer(815301076,1909f56bfc062723c751e8b465ee728b)
Start importing Assets/Sprites/mainlev_build_884.asset using Guid(f231f17a2a7a34a43a8295fb8dcd3ec8) Importer(815301076,1909f56bfc062723c751e8b465ee728b) (PreviewImporter) -> (artifact id: '5a9950a5b337d99ab264b7c337628586') in 0.0108339 seconds
Number of updated asset objects reloaded before import = 0Number of asset objects unloaded after import = 3

========================================================================
Received Import Request.
  Time since last request: 0.000031 seconds.
  path: Assets/Sprites/props1_926.asset
  artifactKey: Guid(87c3c6f5988ee7f4db64cde0b99197d0) Importer(815301076,1909f56bfc062723c751e8b465ee728b)
Start importing Assets/Sprites/props1_926.asset using Guid(87c3c6f5988ee7f4db64cde0b99197d0) Importer(815301076,1909f56bfc062723c751e8b465ee728b) (PreviewImporter) -> (artifact id: '97aaca44005d8ea6b0ab8c7b4f486944') in 0.0124024 seconds
Number of updated asset objects reloaded before import = 0Number of asset objects unloaded after import = 3

========================================================================
Received Import Request.
  Time since last request: 0.000022 seconds.
  path: Assets/Sprites/mainlev_build_817.asset
  artifactKey: Guid(f68675c8d001faf419d6b649f4e2f2f4) Importer(815301076,1909f56bfc062723c751e8b465ee728b)
Start importing Assets/Sprites/mainlev_build_817.asset using Guid(f68675c8d001faf419d6b649f4e2f2f4) Importer(815301076,1909f56bfc062723c751e8b465ee728b) (PreviewImporter) -> (artifact id: 'e0984e9255051784b29e99d628d3b4f2') in 0.0108021 seconds
Number of updated asset objects reloaded before import = 0Number of asset objects unloaded after import = 3

========================================================================
Received Import Request.
  Time since last request: 0.000022 seconds.
  path: Assets/Sprites/mainlev_build_791.asset
  artifactKey: Guid(db88206226c3135419cac91e3ad823c1) Importer(815301076,1909f56bfc062723c751e8b465ee728b)
Start importing Assets/Sprites/mainlev_build_791.asset using Guid(db88206226c3135419cac91e3ad823c1) Importer(815301076,1909f56bfc062723c751e8b465ee728b) (PreviewImporter) -> (artifact id: '3ec44de186960bb540bd54192599b6d7') in 0.011265 seconds
Number of updated asset objects reloaded before import = 0Number of asset objects unloaded after import = 3

========================================================================
Received Import Request.
  Time since last request: 0.000022 seconds.
  path: Assets/Sprites/props1_197.asset
  artifactKey: Guid(4bd6626c5d703fb40933b4fe9e22b510) Importer(815301076,1909f56bfc062723c751e8b465ee728b)
Start importing Assets/Sprites/props1_197.asset using Guid(4bd6626c5d703fb40933b4fe9e22b510) Importer(815301076,1909f56bfc062723c751e8b465ee728b) (PreviewImporter) -> (artifact id: 'da4b3933f4322db69fc921f215283e89') in 0.0115929 seconds
Number of updated asset objects reloaded before import = 0Number of asset objects unloaded after import = 3

========================================================================
Received Import Request.
  Time since last request: 0.000022 seconds.
  path: Assets/Sprites/props1_678.asset
  artifactKey: Guid(0c8de60bd5cd46747ad6870049514875) Importer(815301076,1909f56bfc062723c751e8b465ee728b)
Start importing Assets/Sprites/props1_678.asset using Guid(0c8de60bd5cd46747ad6870049514875) Importer(815301076,1909f56bfc062723c751e8b465ee728b) (PreviewImporter) -> (artifact id: '0cb26bdbea8a7838e3b5d9668f6edf06') in 0.0124277 seconds
Number of updated asset objects reloaded before import = 0Number of asset objects unloaded after import = 3

========================================================================
Received Import Request.
  Time since last request: 0.000036 seconds.
  path: Assets/UnitystoreAssets/Cave Platformer Tileset/Individual PNG files/Tileset/trees-trunk-darkbrown/trees-trunk-darkbrown-51.png
  artifactKey: Guid(88d019756f85a844783a3bdd50e34e57) Importer(815301076,1909f56bfc062723c751e8b465ee728b)
Start importing Assets/UnitystoreAssets/Cave Platformer Tileset/Individual PNG files/Tileset/trees-trunk-darkbrown/trees-trunk-darkbrown-51.png using Guid(88d019756f85a844783a3bdd50e34e57) Importer(815301076,1909f56bfc062723c751e8b465ee728b) (PreviewImporter) -> (artifact id: 'b505dca28d8c83a7c5b2a34aa40d696c') in 0.0131254 seconds
Number of updated asset objects reloaded before import = 0Number of asset objects unloaded after import = 3

========================================================================
Received Import Request.
  Time since last request: 0.000020 seconds.
  path: Assets/UnitystoreAssets/Cave Platformer Tileset/Individual PNG files/Tileset/trees-trunk-dark/trees-trunk-dark-55.png
  artifactKey: Guid(03deb07659140be4cb64be984250a194) Importer(815301076,1909f56bfc062723c751e8b465ee728b)
Start importing Assets/UnitystoreAssets/Cave Platformer Tileset/Individual PNG files/Tileset/trees-trunk-dark/trees-trunk-dark-55.png using Guid(03deb07659140be4cb64be984250a194) Importer(815301076,1909f56bfc062723c751e8b465ee728b) (PreviewImporter) -> (artifact id: '6443e79ccfa4b00dbcfff892c9df62c3') in 0.011351 seconds
Number of updated asset objects reloaded before import = 0Number of asset objects unloaded after import = 3

========================================================================
Received Import Request.
  Time since last request: 0.000024 seconds.
  path: Assets/UnitystoreAssets/Asset FTTGR/Palettes/Blocks/MudGround21.asset
  artifactKey: Guid(168b270fb279b4546bedc5d07022447c) Importer(815301076,1909f56bfc062723c751e8b465ee728b)
Start importing Assets/UnitystoreAssets/Asset FTTGR/Palettes/Blocks/MudGround21.asset using Guid(168b270fb279b4546bedc5d07022447c) Importer(815301076,1909f56bfc062723c751e8b465ee728b) (PreviewImporter) -> (artifact id: 'a7a6e7731306fcc16f243061cedbd775') in 0.0101256 seconds
Number of updated asset objects reloaded before import = 0Number of asset objects unloaded after import = 3

========================================================================
Received Import Request.
  Time since last request: 0.000029 seconds.
  path: Assets/Sprites/props1_654.asset
  artifactKey: Guid(85fb10cd06d3dc84089b2bd7073c6a49) Importer(815301076,1909f56bfc062723c751e8b465ee728b)
Start importing Assets/Sprites/props1_654.asset using Guid(85fb10cd06d3dc84089b2bd7073c6a49) Importer(815301076,1909f56bfc062723c751e8b465ee728b) (PreviewImporter) -> (artifact id: '3a2898f89a9efe5ccc6dad09c428ad80') in 0.0149146 seconds
Number of updated asset objects reloaded before import = 0Number of asset objects unloaded after import = 3

========================================================================
Received Import Request.
  Time since last request: 0.000022 seconds.
  path: Assets/UnitystoreAssets/Cave Platformer Tileset/Individual PNG files/Monster/scorpion-black/scorpion-black-17.png
  artifactKey: Guid(8db232215c4bb3e43be10fd153a965a0) Importer(815301076,1909f56bfc062723c751e8b465ee728b)
Start importing Assets/UnitystoreAssets/Cave Platformer Tileset/Individual PNG files/Monster/scorpion-black/scorpion-black-17.png using Guid(8db232215c4bb3e43be10fd153a965a0) Importer(815301076,1909f56bfc062723c751e8b465ee728b) (PreviewImporter) -> (artifact id: '78f2f3adcb38f94c9ca3437aca19f6d9') in 0.0110359 seconds
Number of updated asset objects reloaded before import = 0Number of asset objects unloaded after import = 3

========================================================================
Received Import Request.
  Time since last request: 0.000021 seconds.
  path: Assets/Sprites/props1_1276.asset
  artifactKey: Guid(fca55a722d643eb4ea5f0a7a96636ab3) Importer(815301076,1909f56bfc062723c751e8b465ee728b)
Start importing Assets/Sprites/props1_1276.asset using Guid(fca55a722d643eb4ea5f0a7a96636ab3) Importer(815301076,1909f56bfc062723c751e8b465ee728b) (PreviewImporter) -> (artifact id: '3464b30da24310040b7cf932e68b614e') in 0.0115586 seconds
Number of updated asset objects reloaded before import = 0Number of asset objects unloaded after import = 3

========================================================================
Received Import Request.
  Time since last request: 0.000022 seconds.
  path: Assets/Sprites/props1_2187.asset
  artifactKey: Guid(38dc72f44f95b5c4d89b70059c2af320) Importer(815301076,1909f56bfc062723c751e8b465ee728b)
Start importing Assets/Sprites/props1_2187.asset using Guid(38dc72f44f95b5c4d89b70059c2af320) Importer(815301076,1909f56bfc062723c751e8b465ee728b) (PreviewImporter) -> (artifact id: 'f3fb9e0b45e8fe53486e14109b869eca') in 0.0134644 seconds
Number of updated asset objects reloaded before import = 0Number of asset objects unloaded after import = 3

========================================================================
Received Import Request.
  Time since last request: 0.000022 seconds.
  path: Assets/Sprites/props1_2245.asset
  artifactKey: Guid(dfb6be0650f249c40a051a2a97e4761a) Importer(815301076,1909f56bfc062723c751e8b465ee728b)
Start importing Assets/Sprites/props1_2245.asset using Guid(dfb6be0650f249c40a051a2a97e4761a) Importer(815301076,1909f56bfc062723c751e8b465ee728b) (PreviewImporter) -> (artifact id: 'e45c3f56eb549c90178c20ebfe69d814') in 0.0114344 seconds
Number of updated asset objects reloaded before import = 0Number of asset objects unloaded after import = 3

========================================================================
Received Import Request.
  Time since last request: 0.000038 seconds.
  path: Assets/karsiori/TileMap/Tiles/Tilesheet - WOODS_22.asset
  artifactKey: Guid(918b83baafdb8df4fb83a2a397fdfb9a) Importer(815301076,1909f56bfc062723c751e8b465ee728b)
Start importing Assets/karsiori/TileMap/Tiles/Tilesheet - WOODS_22.asset using Guid(918b83baafdb8df4fb83a2a397fdfb9a) Importer(815301076,1909f56bfc062723c751e8b465ee728b) (PreviewImporter) -> (artifact id: '5a6c2ec96ac0d8036cc109cc30b4c5bf') in 0.0095178 seconds
Number of updated asset objects reloaded before import = 0Number of asset objects unloaded after import = 3

========================================================================
Received Import Request.
  Time since last request: 0.000033 seconds.
  path: Assets/UnitystoreAssets/Asset FTTGR/Palettes/Blocks/MudGround18.asset
  artifactKey: Guid(6555c28df8e242b42bff37a110ac2873) Importer(815301076,1909f56bfc062723c751e8b465ee728b)
Start importing Assets/UnitystoreAssets/Asset FTTGR/Palettes/Blocks/MudGround18.asset using Guid(6555c28df8e242b42bff37a110ac2873) Importer(815301076,1909f56bfc062723c751e8b465ee728b) (PreviewImporter) -> (artifact id: '647f7464cbc477226ff456c37fe255a0') in 0.0093002 seconds
Number of updated asset objects reloaded before import = 0Number of asset objects unloaded after import = 3

========================================================================
Received Import Request.
  Time since last request: 0.000029 seconds.
  path: Assets/Sprites/props1_993.asset
  artifactKey: Guid(e8df6ae389d88f24ea72f3a060133b99) Importer(815301076,1909f56bfc062723c751e8b465ee728b)
Start importing Assets/Sprites/props1_993.asset using Guid(e8df6ae389d88f24ea72f3a060133b99) Importer(815301076,1909f56bfc062723c751e8b465ee728b) (PreviewImporter) -> (artifact id: '390cdd9a6915944c644bffbbcc4e8dda') in 0.012362 seconds
Number of updated asset objects reloaded before import = 0Number of asset objects unloaded after import = 3

========================================================================
Received Import Request.
  Time since last request: 0.000022 seconds.
  path: Assets/Sprites/props1_1284.asset
  artifactKey: Guid(28b52e25ee166de47b5a4c80ccd02d71) Importer(815301076,1909f56bfc062723c751e8b465ee728b)
Start importing Assets/Sprites/props1_1284.asset using Guid(28b52e25ee166de47b5a4c80ccd02d71) Importer(815301076,1909f56bfc062723c751e8b465ee728b) (PreviewImporter) -> (artifact id: '837d07c4d166ed88b7dae5e0fd4750aa') in 0.0121673 seconds
Number of updated asset objects reloaded before import = 0Number of asset objects unloaded after import = 3

========================================================================
Received Import Request.
  Time since last request: 0.000022 seconds.
  path: Assets/Sprites/props1_220.asset
  artifactKey: Guid(df0656cce66c95843aef62d500c55e15) Importer(815301076,1909f56bfc062723c751e8b465ee728b)
Start importing Assets/Sprites/props1_220.asset using Guid(df0656cce66c95843aef62d500c55e15) Importer(815301076,1909f56bfc062723c751e8b465ee728b) (PreviewImporter) -> (artifact id: 'dfdb830c79baed4fdf3f7969a28eff80') in 0.0125035 seconds
Number of updated asset objects reloaded before import = 0Number of asset objects unloaded after import = 3

========================================================================
Received Import Request.
  Time since last request: 0.000023 seconds.
  path: Assets/Sprites/mainlev_build_300.asset
  artifactKey: Guid(7014b432beb82674f868bedab9af0a9a) Importer(815301076,1909f56bfc062723c751e8b465ee728b)
Start importing Assets/Sprites/mainlev_build_300.asset using Guid(7014b432beb82674f868bedab9af0a9a) Importer(815301076,1909f56bfc062723c751e8b465ee728b) (PreviewImporter) -> (artifact id: '65ad3239d04a2c8ceae044e5f094df05') in 0.0108246 seconds
Number of updated asset objects reloaded before import = 0Number of asset objects unloaded after import = 3

========================================================================
Received Import Request.
  Time since last request: 0.000021 seconds.
  path: Assets/Sprites/props1_1273.asset
  artifactKey: Guid(a185be556cd62024a91367f512102ff4) Importer(815301076,1909f56bfc062723c751e8b465ee728b)
Start importing Assets/Sprites/props1_1273.asset using Guid(a185be556cd62024a91367f512102ff4) Importer(815301076,1909f56bfc062723c751e8b465ee728b) (PreviewImporter) -> (artifact id: 'e8f1c5306b1dc3a012b910978b9a962a') in 0.0116835 seconds
Number of updated asset objects reloaded before import = 0Number of asset objects unloaded after import = 3

========================================================================
Received Import Request.
  Time since last request: 0.000027 seconds.
  path: Assets/UnitystoreAssets/Cave Platformer Tileset/Individual PNG files/Tileset/bg_objects/bg_objects_04.png
  artifactKey: Guid(f27ee14e07897c24eaabd98120e1cf79) Importer(815301076,1909f56bfc062723c751e8b465ee728b)
Start importing Assets/UnitystoreAssets/Cave Platformer Tileset/Individual PNG files/Tileset/bg_objects/bg_objects_04.png using Guid(f27ee14e07897c24eaabd98120e1cf79) Importer(815301076,1909f56bfc062723c751e8b465ee728b) (PreviewImporter) -> (artifact id: '51142b97d301299c311eea4aa032d4c2') in 0.0110275 seconds
Number of updated asset objects reloaded before import = 0Number of asset objects unloaded after import = 3

========================================================================
Received Import Request.
  Time since last request: 0.000023 seconds.
  path: Assets/UnitystoreAssets/Cave Platformer Tileset/Individual PNG files/Tileset/trees-trunk-dark/trees-trunk-dark-33.png
  artifactKey: Guid(0529b125959270c489b1a6c75ba0fa07) Importer(815301076,1909f56bfc062723c751e8b465ee728b)
Start importing Assets/UnitystoreAssets/Cave Platformer Tileset/Individual PNG files/Tileset/trees-trunk-dark/trees-trunk-dark-33.png using Guid(0529b125959270c489b1a6c75ba0fa07) Importer(815301076,1909f56bfc062723c751e8b465ee728b) (PreviewImporter) -> (artifact id: '23f2252ded73a0aadf3097b248f0a1a9') in 0.0111818 seconds
Number of updated asset objects reloaded before import = 0Number of asset objects unloaded after import = 3

========================================================================
Received Import Request.
  Time since last request: 0.000034 seconds.
  path: Assets/Sprites/props1_1151.asset
  artifactKey: Guid(80674ecb0762e4f45831652eb3d033f3) Importer(815301076,1909f56bfc062723c751e8b465ee728b)
Start importing Assets/Sprites/props1_1151.asset using Guid(80674ecb0762e4f45831652eb3d033f3) Importer(815301076,1909f56bfc062723c751e8b465ee728b) (PreviewImporter) -> (artifact id: 'a0d07d3412d8d7712dd9f369b922ceba') in 0.0122073 seconds
Number of updated asset objects reloaded before import = 0Number of asset objects unloaded after import = 3

========================================================================
Received Import Request.
  Time since last request: 0.000022 seconds.
  path: Assets/Sprites/props1_1789.asset
  artifactKey: Guid(c64128d7e9eb68f4888f5eeb8765c02d) Importer(815301076,1909f56bfc062723c751e8b465ee728b)
Start importing Assets/Sprites/props1_1789.asset using Guid(c64128d7e9eb68f4888f5eeb8765c02d) Importer(815301076,1909f56bfc062723c751e8b465ee728b) (PreviewImporter) -> (artifact id: 'f6c5451cf8f26bedcd58ac3e2e784254') in 0.0122 seconds
Number of updated asset objects reloaded before import = 0Number of asset objects unloaded after import = 3

========================================================================
Received Import Request.
  Time since last request: 0.000021 seconds.
  path: Assets/Sprites/mainlev_build_718.asset
  artifactKey: Guid(a45e62beabec32249941eb71e57f335b) Importer(815301076,1909f56bfc062723c751e8b465ee728b)
Start importing Assets/Sprites/mainlev_build_718.asset using Guid(a45e62beabec32249941eb71e57f335b) Importer(815301076,1909f56bfc062723c751e8b465ee728b) (PreviewImporter) -> (artifact id: '7fcda579fdc215d320d98ded20fd7903') in 0.0051547 seconds
Number of updated asset objects reloaded before import = 0Number of asset objects unloaded after import = 3

========================================================================
Received Import Request.
  Time since last request: 0.000021 seconds.
  path: Assets/Sprites/props1_1869.asset
  artifactKey: Guid(e4a3fcf84a2480a46b553cc4ae45ccd3) Importer(815301076,1909f56bfc062723c751e8b465ee728b)
Start importing Assets/Sprites/props1_1869.asset using Guid(e4a3fcf84a2480a46b553cc4ae45ccd3) Importer(815301076,1909f56bfc062723c751e8b465ee728b) (PreviewImporter) -> (artifact id: 'a5b5e1061ea39e52b2c06f02a7de23a0') in 0.0119732 seconds
Number of updated asset objects reloaded before import = 0Number of asset objects unloaded after import = 3

========================================================================
Received Import Request.
  Time since last request: 0.000022 seconds.
  path: Assets/Sprites/props1_1326.asset
  artifactKey: Guid(39c7bba44808e24449530c77ada4093e) Importer(815301076,1909f56bfc062723c751e8b465ee728b)
Start importing Assets/Sprites/props1_1326.asset using Guid(39c7bba44808e24449530c77ada4093e) Importer(815301076,1909f56bfc062723c751e8b465ee728b) (PreviewImporter) -> (artifact id: '8f637b38f3e75b6ded6c775afbb4c38f') in 0.0116876 seconds
Number of updated asset objects reloaded before import = 0Number of asset objects unloaded after import = 3

========================================================================
Received Import Request.
  Time since last request: 0.000022 seconds.
  path: Assets/UnitystoreAssets/Cainos/Third Party/Lucid Editor/Editor/Experimental
  artifactKey: Guid(168c31088fec14fb3aac63ab5a655dde) Importer(815301076,1909f56bfc062723c751e8b465ee728b)
Start importing Assets/UnitystoreAssets/Cainos/Third Party/Lucid Editor/Editor/Experimental using Guid(168c31088fec14fb3aac63ab5a655dde) Importer(815301076,1909f56bfc062723c751e8b465ee728b) (PreviewImporter) -> (artifact id: '1478ceeb843c655ce2073509dbde9543') in 0.0004972 seconds
Number of updated asset objects reloaded before import = 0Number of asset objects unloaded after import = 0

========================================================================
Received Import Request.
  Time since last request: 0.000022 seconds.
  path: Assets/Sprites/props1_2146.asset
  artifactKey: Guid(21c234a724dc783419236178586b3917) Importer(815301076,1909f56bfc062723c751e8b465ee728b)
Start importing Assets/Sprites/props1_2146.asset using Guid(21c234a724dc783419236178586b3917) Importer(815301076,1909f56bfc062723c751e8b465ee728b) (PreviewImporter) -> (artifact id: '7d7b1053e6c83354310a4998298c50e6') in 0.0118147 seconds
Number of updated asset objects reloaded before import = 0Number of asset objects unloaded after import = 3

========================================================================
Received Import Request.
  Time since last request: 0.000024 seconds.
  path: Assets/UnitystoreAssets/Cave Platformer Tileset/Individual PNG files/Tileset/trees-trunk-white/trees-trunk-white-30.png
  artifactKey: Guid(729ee6feebcb7b84bb754384fe63e3e8) Importer(815301076,1909f56bfc062723c751e8b465ee728b)
Start importing Assets/UnitystoreAssets/Cave Platformer Tileset/Individual PNG files/Tileset/trees-trunk-white/trees-trunk-white-30.png using Guid(729ee6feebcb7b84bb754384fe63e3e8) Importer(815301076,1909f56bfc062723c751e8b465ee728b) (PreviewImporter) -> (artifact id: 'dfeed1c3dbba57011c2756e2c8b4beec') in 0.0116019 seconds
Number of updated asset objects reloaded before import = 0Number of asset objects unloaded after import = 3

========================================================================
Received Import Request.
  Time since last request: 0.000029 seconds.
  path: Assets/Sprites/props1_1027.asset
  artifactKey: Guid(ca232527a7d2be2489b024d2028bf706) Importer(815301076,1909f56bfc062723c751e8b465ee728b)
Start importing Assets/Sprites/props1_1027.asset using Guid(ca232527a7d2be2489b024d2028bf706) Importer(815301076,1909f56bfc062723c751e8b465ee728b) (PreviewImporter) -> (artifact id: 'da6a4d8c6cae34378b502ac26a317730') in 0.0116694 seconds
Number of updated asset objects reloaded before import = 0Number of asset objects unloaded after import = 3

========================================================================
Received Import Request.
  Time since last request: 0.000021 seconds.
  path: Assets/Sprites/mainlev_build_440.asset
  artifactKey: Guid(a15674112b697a345b6b8d860973f4ae) Importer(815301076,1909f56bfc062723c751e8b465ee728b)
Start importing Assets/Sprites/mainlev_build_440.asset using Guid(a15674112b697a345b6b8d860973f4ae) Importer(815301076,1909f56bfc062723c751e8b465ee728b) (PreviewImporter) -> (artifact id: '742055afcbe3dbdd8dcc41bac27c8eeb') in 0.0110416 seconds
Number of updated asset objects reloaded before import = 0Number of asset objects unloaded after import = 3

========================================================================
Received Import Request.
  Time since last request: 0.000022 seconds.
  path: Assets/Sprites/props1_497.asset
  artifactKey: Guid(1ea19dffda9a43740b5c8248e5614123) Importer(815301076,1909f56bfc062723c751e8b465ee728b)
Start importing Assets/Sprites/props1_497.asset using Guid(1ea19dffda9a43740b5c8248e5614123) Importer(815301076,1909f56bfc062723c751e8b465ee728b) (PreviewImporter) -> (artifact id: '1636786cc467daa4e32f48783952c344') in 0.0116618 seconds
Number of updated asset objects reloaded before import = 0Number of asset objects unloaded after import = 3

========================================================================
Received Import Request.
  Time since last request: 0.000023 seconds.
  path: Assets/Sprites/mainlev_build_178.asset
  artifactKey: Guid(06367bdc77c4c6144926fcf7af5a7709) Importer(815301076,1909f56bfc062723c751e8b465ee728b)
Start importing Assets/Sprites/mainlev_build_178.asset using Guid(06367bdc77c4c6144926fcf7af5a7709) Importer(815301076,1909f56bfc062723c751e8b465ee728b) (PreviewImporter) -> (artifact id: '909523158e3130c052492e898f370d24') in 0.0103455 seconds
Number of updated asset objects reloaded before import = 0Number of asset objects unloaded after import = 3

========================================================================
Received Import Request.
  Time since last request: 0.000022 seconds.
  path: Assets/Sprites/mainlev_build_823.asset
  artifactKey: Guid(b7ce9f8211057b94b888d5a7aab46a6f) Importer(815301076,1909f56bfc062723c751e8b465ee728b)
Start importing Assets/Sprites/mainlev_build_823.asset using Guid(b7ce9f8211057b94b888d5a7aab46a6f) Importer(815301076,1909f56bfc062723c751e8b465ee728b) (PreviewImporter) -> (artifact id: '76136d3aea8b8c4d7905ae3767e1be39') in 0.0116858 seconds
Number of updated asset objects reloaded before import = 0Number of asset objects unloaded after import = 3

========================================================================
Received Import Request.
  Time since last request: 0.000026 seconds.
  path: Assets/Sprites/props1_182.asset
  artifactKey: Guid(251abbe493975cf44b60eaf9f0a1bbe5) Importer(815301076,1909f56bfc062723c751e8b465ee728b)
Start importing Assets/Sprites/props1_182.asset using Guid(251abbe493975cf44b60eaf9f0a1bbe5) Importer(815301076,1909f56bfc062723c751e8b465ee728b) (PreviewImporter) -> (artifact id: '2ae688e6f1e5ce01dd1300dc89d161e7') in 0.0121354 seconds
Number of updated asset objects reloaded before import = 0Number of asset objects unloaded after import = 3

========================================================================
Received Import Request.
  Time since last request: 0.000021 seconds.
  path: Assets/Sprites/props1_778.asset
  artifactKey: Guid(3b7e7db9294915840aeeb808eca6fb91) Importer(815301076,1909f56bfc062723c751e8b465ee728b)
Start importing Assets/Sprites/props1_778.asset using Guid(3b7e7db9294915840aeeb808eca6fb91) Importer(815301076,1909f56bfc062723c751e8b465ee728b) (PreviewImporter) -> (artifact id: '6e7c6c4c357b2470c5f4f209bfba9a13') in 0.0170697 seconds
Number of updated asset objects reloaded before import = 0Number of asset objects unloaded after import = 3

========================================================================
Received Import Request.
  Time since last request: 0.000026 seconds.
  path: Assets/Sprites/props1_1493.asset
  artifactKey: Guid(cef37dbf67e6bca4ea7c9f564d4da5ef) Importer(815301076,1909f56bfc062723c751e8b465ee728b)
Start importing Assets/Sprites/props1_1493.asset using Guid(cef37dbf67e6bca4ea7c9f564d4da5ef) Importer(815301076,1909f56bfc062723c751e8b465ee728b) (PreviewImporter) -> (artifact id: '408413b760861fb8e81925c58a9864ad') in 0.0168747 seconds
Number of updated asset objects reloaded before import = 0Number of asset objects unloaded after import = 3

========================================================================
Received Import Request.
  Time since last request: 0.000042 seconds.
  path: Assets/UnitystoreAssets/Asset FTTGR/Palettes/Decorations/GroundInBackground30.asset
  artifactKey: Guid(b2965686f96c75d4094449027f1e1363) Importer(815301076,1909f56bfc062723c751e8b465ee728b)
Start importing Assets/UnitystoreAssets/Asset FTTGR/Palettes/Decorations/GroundInBackground30.asset using Guid(b2965686f96c75d4094449027f1e1363) Importer(815301076,1909f56bfc062723c751e8b465ee728b) (PreviewImporter) -> (artifact id: 'bcc1af753267a0798ee2074fef523421') in 0.009367 seconds
Number of updated asset objects reloaded before import = 0Number of asset objects unloaded after import = 3

========================================================================
Received Import Request.
  Time since last request: 0.000022 seconds.
  path: Assets/UnitystoreAssets/Cave Platformer Tileset/Individual PNG files/Tileset/objects_fountain_animated/objects_fountain_animated_0.png
  artifactKey: Guid(f98840542cc087942aaf63b10abb43f4) Importer(815301076,1909f56bfc062723c751e8b465ee728b)
Start importing Assets/UnitystoreAssets/Cave Platformer Tileset/Individual PNG files/Tileset/objects_fountain_animated/objects_fountain_animated_0.png using Guid(f98840542cc087942aaf63b10abb43f4) Importer(815301076,1909f56bfc062723c751e8b465ee728b) (PreviewImporter) -> (artifact id: '4c60cf115641c738aea2925b9c705e41') in 0.0119098 seconds
Number of updated asset objects reloaded before import = 0Number of asset objects unloaded after import = 3

========================================================================
Received Import Request.
  Time since last request: 0.000025 seconds.
  path: Assets/UnitystoreAssets/Cave Platformer Tileset/Individual PNG files/Tileset/bg_cave_greenish_32x32/bg_cave_greenish_32x32_tile_06.png
  artifactKey: Guid(c1973b74d6fbafa4da0b88e5f47ca665) Importer(815301076,1909f56bfc062723c751e8b465ee728b)
Start importing Assets/UnitystoreAssets/Cave Platformer Tileset/Individual PNG files/Tileset/bg_cave_greenish_32x32/bg_cave_greenish_32x32_tile_06.png using Guid(c1973b74d6fbafa4da0b88e5f47ca665) Importer(815301076,1909f56bfc062723c751e8b465ee728b) (PreviewImporter) -> (artifact id: 'd8e406903ac17455fc847dff6311923e') in 0.0150016 seconds
Number of updated asset objects reloaded before import = 0Number of asset objects unloaded after import = 3

========================================================================
Received Import Request.
  Time since last request: 0.000034 seconds.
  path: Assets/UnitystoreAssets/Cave Platformer Tileset/Individual PNG files/Tileset/trees-trunk-grey/trees-trunk-grey-13.png
  artifactKey: Guid(bca5f73fa5119c245b06a6b015b355a4) Importer(815301076,1909f56bfc062723c751e8b465ee728b)
Start importing Assets/UnitystoreAssets/Cave Platformer Tileset/Individual PNG files/Tileset/trees-trunk-grey/trees-trunk-grey-13.png using Guid(bca5f73fa5119c245b06a6b015b355a4) Importer(815301076,1909f56bfc062723c751e8b465ee728b) (PreviewImporter) -> (artifact id: '32a839d08cd033fe2f56321084d1a5e6') in 0.0117101 seconds
Number of updated asset objects reloaded before import = 0Number of asset objects unloaded after import = 3

========================================================================
Received Import Request.
  Time since last request: 0.000035 seconds.
  path: Assets/GifToUnity/ezgif-1e6aa3c59b1d1a/ezgif-1e6aa3c59b1d1a_7.png
  artifactKey: Guid(2690c5fa8a310e14d8c98bba26d351d9) Importer(815301076,1909f56bfc062723c751e8b465ee728b)
Start importing Assets/GifToUnity/ezgif-1e6aa3c59b1d1a/ezgif-1e6aa3c59b1d1a_7.png using Guid(2690c5fa8a310e14d8c98bba26d351d9) Importer(815301076,1909f56bfc062723c751e8b465ee728b) (PreviewImporter) -> (artifact id: '3c5a4658a5dee7f9c7e91760eef0aa05') in 0.0225117 seconds
Number of updated asset objects reloaded before import = 0Number of asset objects unloaded after import = 3

========================================================================
Received Import Request.
  Time since last request: 0.000022 seconds.
  path: Assets/Sprites/props1_1934.asset
  artifactKey: Guid(b80f33b3d07c15443ab766bfdebf75c9) Importer(815301076,1909f56bfc062723c751e8b465ee728b)
Start importing Assets/Sprites/props1_1934.asset using Guid(b80f33b3d07c15443ab766bfdebf75c9) Importer(815301076,1909f56bfc062723c751e8b465ee728b) (PreviewImporter) -> (artifact id: '6862b0ea11a2888c4f1559ba951565d4') in 0.012819 seconds
Number of updated asset objects reloaded before import = 0Number of asset objects unloaded after import = 3

========================================================================
Received Import Request.
  Time since last request: 0.000025 seconds.
  path: Assets/UnitystoreAssets/Cainos/Pixel Art Platformer - Village Props/Tileset Palette/TP Ground/TX Tileset Ground_48.asset
  artifactKey: Guid(648b81db682e5ca4d994d7ec64ca3cb4) Importer(815301076,1909f56bfc062723c751e8b465ee728b)
Start importing Assets/UnitystoreAssets/Cainos/Pixel Art Platformer - Village Props/Tileset Palette/TP Ground/TX Tileset Ground_48.asset using Guid(648b81db682e5ca4d994d7ec64ca3cb4) Importer(815301076,1909f56bfc062723c751e8b465ee728b) (PreviewImporter) -> (artifact id: 'ad3e79ebb15cbf2970e33104a3bbc730') in 0.0109029 seconds
Number of updated asset objects reloaded before import = 0Number of asset objects unloaded after import = 3

========================================================================
Received Import Request.
  Time since last request: 0.000030 seconds.
  path: Assets/UnitystoreAssets/Cainos/Pixel Art Platformer - Village Props/Tileset Palette/TP Ground/TX Tileset Ground_1.asset
  artifactKey: Guid(2246b6170bb9dd24bbc3c9c3c90624cc) Importer(815301076,1909f56bfc062723c751e8b465ee728b)
Start importing Assets/UnitystoreAssets/Cainos/Pixel Art Platformer - Village Props/Tileset Palette/TP Ground/TX Tileset Ground_1.asset using Guid(2246b6170bb9dd24bbc3c9c3c90624cc) Importer(815301076,1909f56bfc062723c751e8b465ee728b) (PreviewImporter) -> (artifact id: '5bf16d44b11c4bb262020491cd23cc36') in 0.0105237 seconds
Number of updated asset objects reloaded before import = 0Number of asset objects unloaded after import = 3

========================================================================
Received Import Request.
  Time since last request: 0.000027 seconds.
  path: Assets/Sprites/mainlev_build_455.asset
  artifactKey: Guid(bfabf804179617943811f4913ebfdc9f) Importer(815301076,1909f56bfc062723c751e8b465ee728b)
Start importing Assets/Sprites/mainlev_build_455.asset using Guid(bfabf804179617943811f4913ebfdc9f) Importer(815301076,1909f56bfc062723c751e8b465ee728b) (PreviewImporter) -> (artifact id: 'd08dd5cb6e314cb13c393d8a06c7642c') in 0.012941 seconds
Number of updated asset objects reloaded before import = 0Number of asset objects unloaded after import = 3

========================================================================
Received Import Request.
  Time since last request: 0.000024 seconds.
  path: Assets/Sprites/props1_1735.asset
  artifactKey: Guid(2970d98e3e4648442b9d0c32570e9665) Importer(815301076,1909f56bfc062723c751e8b465ee728b)
Start importing Assets/Sprites/props1_1735.asset using Guid(2970d98e3e4648442b9d0c32570e9665) Importer(815301076,1909f56bfc062723c751e8b465ee728b) (PreviewImporter) -> (artifact id: 'e2f10cce2c2d9a148c417788a5551feb') in 0.0132273 seconds
Number of updated asset objects reloaded before import = 0Number of asset objects unloaded after import = 3

========================================================================
Received Import Request.
  Time since last request: 0.000032 seconds.
  path: Assets/Sprites/mainlev_build_72.asset
  artifactKey: Guid(7bece63583d1eb24db9a0a6cd9fbc72c) Importer(815301076,1909f56bfc062723c751e8b465ee728b)
Start importing Assets/Sprites/mainlev_build_72.asset using Guid(7bece63583d1eb24db9a0a6cd9fbc72c) Importer(815301076,1909f56bfc062723c751e8b465ee728b) (PreviewImporter) -> (artifact id: 'c68c581aa809ea2abdc98f394104fb35') in 0.0162006 seconds
Number of updated asset objects reloaded before import = 0Number of asset objects unloaded after import = 3

========================================================================
Received Import Request.
  Time since last request: 0.000053 seconds.
  path: Assets/Sprites/props1_1020.asset
  artifactKey: Guid(7caea863e62d00a46aa4c67ae9b65691) Importer(815301076,1909f56bfc062723c751e8b465ee728b)
Start importing Assets/Sprites/props1_1020.asset using Guid(7caea863e62d00a46aa4c67ae9b65691) Importer(815301076,1909f56bfc062723c751e8b465ee728b) (PreviewImporter) -> (artifact id: 'fe71bdb6683ecdfdf9fb045b920b033d') in 0.018699 seconds
Number of updated asset objects reloaded before import = 0Number of asset objects unloaded after import = 3

========================================================================
Received Import Request.
  Time since last request: 0.000037 seconds.
  path: Assets/Sprites/props1_724.asset
  artifactKey: Guid(8360e7c149382fc44b7597add1caff1b) Importer(815301076,1909f56bfc062723c751e8b465ee728b)
Start importing Assets/Sprites/props1_724.asset using Guid(8360e7c149382fc44b7597add1caff1b) Importer(815301076,1909f56bfc062723c751e8b465ee728b) (PreviewImporter) -> (artifact id: '1ccf19c28832ce9e73a465b3e007dde4') in 0.0152174 seconds
Number of updated asset objects reloaded before import = 0Number of asset objects unloaded after import = 3

========================================================================
Received Import Request.
  Time since last request: 0.000038 seconds.
  path: Assets/Sprites/props1_2089.asset
  artifactKey: Guid(6e21db26ea8198e458668a59bf6bc659) Importer(815301076,1909f56bfc062723c751e8b465ee728b)
Start importing Assets/Sprites/props1_2089.asset using Guid(6e21db26ea8198e458668a59bf6bc659) Importer(815301076,1909f56bfc062723c751e8b465ee728b) (PreviewImporter) -> (artifact id: '331c65b5959cceed2cbc264bf5f840aa') in 0.0140115 seconds
Number of updated asset objects reloaded before import = 0Number of asset objects unloaded after import = 3

========================================================================
Received Import Request.
  Time since last request: 0.000025 seconds.
  path: Assets/Sprites/props1_813.asset
  artifactKey: Guid(db9647d648fd6e244832bb4748ddab3c) Importer(815301076,1909f56bfc062723c751e8b465ee728b)
Start importing Assets/Sprites/props1_813.asset using Guid(db9647d648fd6e244832bb4748ddab3c) Importer(815301076,1909f56bfc062723c751e8b465ee728b) (PreviewImporter) -> (artifact id: '27948f68bec5c5c2fce01ae318e60279') in 0.013523 seconds
Number of updated asset objects reloaded before import = 0Number of asset objects unloaded after import = 3

========================================================================
Received Import Request.
  Time since last request: 0.000023 seconds.
  path: Assets/UnitystoreAssets/Cave Platformer Tileset/Individual PNG files/Tileset/bg_objects/bg_objects_05.png
  artifactKey: Guid(9e339511130ae884abee204bfdcb82f3) Importer(815301076,1909f56bfc062723c751e8b465ee728b)
Start importing Assets/UnitystoreAssets/Cave Platformer Tileset/Individual PNG files/Tileset/bg_objects/bg_objects_05.png using Guid(9e339511130ae884abee204bfdcb82f3) Importer(815301076,1909f56bfc062723c751e8b465ee728b) (PreviewImporter) -> (artifact id: '909f5b1909c294e478943fd53f2eb83b') in 0.0123087 seconds
Number of updated asset objects reloaded before import = 0Number of asset objects unloaded after import = 3

========================================================================
Received Import Request.
  Time since last request: 0.000023 seconds.
  path: Assets/UnitystoreAssets/Cave Platformer Tileset/Individual PNG files/Tileset/trees-trunk-white/trees-trunk-white-39.png
  artifactKey: Guid(cb1044d9f62b52342b85b93c77c715b7) Importer(815301076,1909f56bfc062723c751e8b465ee728b)
Start importing Assets/UnitystoreAssets/Cave Platformer Tileset/Individual PNG files/Tileset/trees-trunk-white/trees-trunk-white-39.png using Guid(cb1044d9f62b52342b85b93c77c715b7) Importer(815301076,1909f56bfc062723c751e8b465ee728b) (PreviewImporter) -> (artifact id: 'a4c42af4a057ec179975356f451cde0d') in 0.011716 seconds
Number of updated asset objects reloaded before import = 0Number of asset objects unloaded after import = 3

========================================================================
Received Import Request.
  Time since last request: 0.000023 seconds.
  path: Assets/Sprites/mainlev_build_594.asset
  artifactKey: Guid(1834961e496185a419dd170eabc94111) Importer(815301076,1909f56bfc062723c751e8b465ee728b)
Start importing Assets/Sprites/mainlev_build_594.asset using Guid(1834961e496185a419dd170eabc94111) Importer(815301076,1909f56bfc062723c751e8b465ee728b) (PreviewImporter) -> (artifact id: 'f3c67596960d3a7143682833e9661e5e') in 0.0134305 seconds
Number of updated asset objects reloaded before import = 0Number of asset objects unloaded after import = 3

========================================================================
Received Import Request.
  Time since last request: 0.000022 seconds.
  path: Assets/Sprites/props1_1454.asset
  artifactKey: Guid(e971311cd11835a47963d39b5361cf09) Importer(815301076,1909f56bfc062723c751e8b465ee728b)
Start importing Assets/Sprites/props1_1454.asset using Guid(e971311cd11835a47963d39b5361cf09) Importer(815301076,1909f56bfc062723c751e8b465ee728b) (PreviewImporter) -> (artifact id: '2d0ccc2d0aa8edc0a5b05a32d6bf1f0a') in 0.0131891 seconds
Number of updated asset objects reloaded before import = 0Number of asset objects unloaded after import = 3

========================================================================
Received Import Request.
  Time since last request: 0.000025 seconds.
  path: Assets/Sprites/props1_154.asset
  artifactKey: Guid(d3034a55a56e5c44a8b6bb203be80105) Importer(815301076,1909f56bfc062723c751e8b465ee728b)
Start importing Assets/Sprites/props1_154.asset using Guid(d3034a55a56e5c44a8b6bb203be80105) Importer(815301076,1909f56bfc062723c751e8b465ee728b) (PreviewImporter) -> (artifact id: '8dfc5246e05ba13fa19e04679a83fda7') in 0.0129867 seconds
Number of updated asset objects reloaded before import = 0Number of asset objects unloaded after import = 3

========================================================================
Received Import Request.
  Time since last request: 0.000044 seconds.
  path: Assets/Sprites/mainlev_build_174.asset
  artifactKey: Guid(88cc455e7113587478d1edcef93126b3) Importer(815301076,1909f56bfc062723c751e8b465ee728b)
Start importing Assets/Sprites/mainlev_build_174.asset using Guid(88cc455e7113587478d1edcef93126b3) Importer(815301076,1909f56bfc062723c751e8b465ee728b) (PreviewImporter) -> (artifact id: '79526038148053ec810a3d6b8c225b9b') in 0.0119675 seconds
Number of updated asset objects reloaded before import = 0Number of asset objects unloaded after import = 3

========================================================================
Received Import Request.
  Time since last request: 0.000024 seconds.
  path: Assets/Sprites/props1_179.asset
  artifactKey: Guid(a681e4a2c8773f7428459ac30689e124) Importer(815301076,1909f56bfc062723c751e8b465ee728b)
Start importing Assets/Sprites/props1_179.asset using Guid(a681e4a2c8773f7428459ac30689e124) Importer(815301076,1909f56bfc062723c751e8b465ee728b) (PreviewImporter) -> (artifact id: 'f0567c88264a40a960cdbaedff886dd9') in 0.0174457 seconds
Number of updated asset objects reloaded before import = 0Number of asset objects unloaded after import = 3

========================================================================
Received Import Request.
  Time since last request: 0.000054 seconds.
  path: Assets/UnitystoreAssets/Cave Platformer Tileset/Individual PNG files/Monster/scorpion-red/scorpion-red-0.png
  artifactKey: Guid(fbb7516acfb66364f9a8c8df6641077d) Importer(815301076,1909f56bfc062723c751e8b465ee728b)
Start importing Assets/UnitystoreAssets/Cave Platformer Tileset/Individual PNG files/Monster/scorpion-red/scorpion-red-0.png using Guid(fbb7516acfb66364f9a8c8df6641077d) Importer(815301076,1909f56bfc062723c751e8b465ee728b) (PreviewImporter) -> (artifact id: '8d5500824884a3085f49cbcca5c450a2') in 0.015247 seconds
Number of updated asset objects reloaded before import = 0Number of asset objects unloaded after import = 3

========================================================================
Received Import Request.
  Time since last request: 0.000023 seconds.
  path: Assets/Sprites/mainlev_build_304.asset
  artifactKey: Guid(91928e34b7294d045aacdf458d67fc7c) Importer(815301076,1909f56bfc062723c751e8b465ee728b)
Start importing Assets/Sprites/mainlev_build_304.asset using Guid(91928e34b7294d045aacdf458d67fc7c) Importer(815301076,1909f56bfc062723c751e8b465ee728b) (PreviewImporter) -> (artifact id: '0e3d473f3d572accf455fc09e2c97c62') in 0.0123291 seconds
Number of updated asset objects reloaded before import = 0Number of asset objects unloaded after import = 3

========================================================================
Received Import Request.
  Time since last request: 0.000083 seconds.
  path: Assets/karsiori/TileMap/Backgrounds
  artifactKey: Guid(d74bfa70216838f48920b22d92b9b272) Importer(815301076,1909f56bfc062723c751e8b465ee728b)
Start importing Assets/karsiori/TileMap/Backgrounds using Guid(d74bfa70216838f48920b22d92b9b272) Importer(815301076,1909f56bfc062723c751e8b465ee728b) (PreviewImporter) -> (artifact id: 'b1051fda4c0268ae5482cf3e102339d6') in 0.0010777 seconds
Number of updated asset objects reloaded before import = 0Number of asset objects unloaded after import = 0

========================================================================
Received Import Request.
  Time since last request: 0.000025 seconds.
  path: Assets/karsiori/TileMap/Tiles/Tilesheet - WOODS_20.asset
  artifactKey: Guid(a67930f876cbfed41b64d76170a83c9a) Importer(815301076,1909f56bfc062723c751e8b465ee728b)
Start importing Assets/karsiori/TileMap/Tiles/Tilesheet - WOODS_20.asset using Guid(a67930f876cbfed41b64d76170a83c9a) Importer(815301076,1909f56bfc062723c751e8b465ee728b) (PreviewImporter) -> (artifact id: 'b1a49d2b96582b1105b36f20c8377805') in 0.0155339 seconds
Number of updated asset objects reloaded before import = 0Number of asset objects unloaded after import = 3

========================================================================
Received Import Request.
  Time since last request: 0.000026 seconds.
  path: Assets/UnitystoreAssets/Asset FTTGR/Palettes/Blocks/Bricks18.asset
  artifactKey: Guid(aa03136c99e57b64dbad2ea424755c99) Importer(815301076,1909f56bfc062723c751e8b465ee728b)
Start importing Assets/UnitystoreAssets/Asset FTTGR/Palettes/Blocks/Bricks18.asset using Guid(aa03136c99e57b64dbad2ea424755c99) Importer(815301076,1909f56bfc062723c751e8b465ee728b) (PreviewImporter) -> (artifact id: '3929445917899e63f6fcb4009691a61a') in 0.0110555 seconds
Number of updated asset objects reloaded before import = 0Number of asset objects unloaded after import = 3

========================================================================
Received Import Request.
  Time since last request: 0.000041 seconds.
  path: Assets/Sprites/props1_1962.asset
  artifactKey: Guid(84607ed9f082254408cd1ef5fb71420a) Importer(815301076,1909f56bfc062723c751e8b465ee728b)
Start importing Assets/Sprites/props1_1962.asset using Guid(84607ed9f082254408cd1ef5fb71420a) Importer(815301076,1909f56bfc062723c751e8b465ee728b) (PreviewImporter) -> (artifact id: 'ef375ec77a48b5b45e9fcf535dec8d12') in 0.0160739 seconds
Number of updated asset objects reloaded before import = 0Number of asset objects unloaded after import = 3

========================================================================
Received Import Request.
  Time since last request: 0.000030 seconds.
  path: Assets/UnitystoreAssets/Asset FTTGR/Palettes/Blocks/Bricks11.asset
  artifactKey: Guid(f5fa4b1147f831a4a9f1d5ed5553a7ae) Importer(815301076,1909f56bfc062723c751e8b465ee728b)
Start importing Assets/UnitystoreAssets/Asset FTTGR/Palettes/Blocks/Bricks11.asset using Guid(f5fa4b1147f831a4a9f1d5ed5553a7ae) Importer(815301076,1909f56bfc062723c751e8b465ee728b) (PreviewImporter) -> (artifact id: '84d049a1d0e03c83cc13c748094ef4c2') in 0.0104364 seconds
Number of updated asset objects reloaded before import = 0Number of asset objects unloaded after import = 3

========================================================================
Received Import Request.
  Time since last request: 0.000022 seconds.
  path: Assets/Sprites/mainlev_build_256.asset
  artifactKey: Guid(6972295c1ff6ad4409d719e62a072735) Importer(815301076,1909f56bfc062723c751e8b465ee728b)
Start importing Assets/Sprites/mainlev_build_256.asset using Guid(6972295c1ff6ad4409d719e62a072735) Importer(815301076,1909f56bfc062723c751e8b465ee728b) (PreviewImporter) -> (artifact id: '379caa1fd04b4e93e1ad11cc3d5f58fa') in 0.0135943 seconds
Number of updated asset objects reloaded before import = 0Number of asset objects unloaded after import = 3

========================================================================
Received Import Request.
  Time since last request: 0.000039 seconds.
  path: Assets/Sprites/props1_306.asset
  artifactKey: Guid(05045d9e89ee39741a256ff4b0010aec) Importer(815301076,1909f56bfc062723c751e8b465ee728b)
Start importing Assets/Sprites/props1_306.asset using Guid(05045d9e89ee39741a256ff4b0010aec) Importer(815301076,1909f56bfc062723c751e8b465ee728b) (PreviewImporter) -> (artifact id: 'cf23fc5de9e8c3d1910a7c2b3b751293') in 0.0147751 seconds
Number of updated asset objects reloaded before import = 0Number of asset objects unloaded after import = 3

========================================================================
Received Import Request.
  Time since last request: 0.000027 seconds.
  path: Assets/Sprites/props1_19.asset
  artifactKey: Guid(b411266e8d145c74fb7ee0434c91c7e9) Importer(815301076,1909f56bfc062723c751e8b465ee728b)
Start importing Assets/Sprites/props1_19.asset using Guid(b411266e8d145c74fb7ee0434c91c7e9) Importer(815301076,1909f56bfc062723c751e8b465ee728b) (PreviewImporter) -> (artifact id: '2dd561da08844dbc94d6e34cb3373973') in 0.0166733 seconds
Number of updated asset objects reloaded before import = 0Number of asset objects unloaded after import = 3

========================================================================
Received Import Request.
  Time since last request: 0.000028 seconds.
  path: Assets/Sprites/props1_2239.asset
  artifactKey: Guid(7d6f3aee66e9dd34385e9919ad0df271) Importer(815301076,1909f56bfc062723c751e8b465ee728b)
Start importing Assets/Sprites/props1_2239.asset using Guid(7d6f3aee66e9dd34385e9919ad0df271) Importer(815301076,1909f56bfc062723c751e8b465ee728b) (PreviewImporter) -> (artifact id: '06485c5a65f7831d3a261115821cd61c') in 0.0196055 seconds
Number of updated asset objects reloaded before import = 0Number of asset objects unloaded after import = 3

========================================================================
Received Import Request.
  Time since last request: 0.000036 seconds.
  path: Assets/Sprites/mainlev_build_400.asset
  artifactKey: Guid(9583da08125007644a44b860e3961fe6) Importer(815301076,1909f56bfc062723c751e8b465ee728b)
Start importing Assets/Sprites/mainlev_build_400.asset using Guid(9583da08125007644a44b860e3961fe6) Importer(815301076,1909f56bfc062723c751e8b465ee728b) (PreviewImporter) -> (artifact id: '5a1f89581f7e2aa0169c9ba32c0da0ee') in 0.0149265 seconds
Number of updated asset objects reloaded before import = 0Number of asset objects unloaded after import = 3

========================================================================
Received Import Request.
  Time since last request: 0.000025 seconds.
  path: Assets/Sprites/props1_1110.asset
  artifactKey: Guid(18e00182a2dc1e44dba4b8cc3c7a42ab) Importer(815301076,1909f56bfc062723c751e8b465ee728b)
Start importing Assets/Sprites/props1_1110.asset using Guid(18e00182a2dc1e44dba4b8cc3c7a42ab) Importer(815301076,1909f56bfc062723c751e8b465ee728b) (PreviewImporter) -> (artifact id: '40d2cb5f8d0414cbeeee6da3b526804b') in 0.0190402 seconds
Number of updated asset objects reloaded before import = 0Number of asset objects unloaded after import = 3

========================================================================
Received Import Request.
  Time since last request: 0.000045 seconds.
  path: Assets/Sprites/props1_127.asset
  artifactKey: Guid(0ce53450e71f36243ad0678843998c36) Importer(815301076,1909f56bfc062723c751e8b465ee728b)
Start importing Assets/Sprites/props1_127.asset using Guid(0ce53450e71f36243ad0678843998c36) Importer(815301076,1909f56bfc062723c751e8b465ee728b) (PreviewImporter) -> (artifact id: '514145265192c346ca91f7dd5ef645ec') in 0.0142945 seconds
Number of updated asset objects reloaded before import = 0Number of asset objects unloaded after import = 3

========================================================================
Received Import Request.
  Time since last request: 0.000023 seconds.
  path: Assets/Sprites/props1_1775.asset
  artifactKey: Guid(51a0d49511fffd94f9752acca7fab10c) Importer(815301076,1909f56bfc062723c751e8b465ee728b)
Start importing Assets/Sprites/props1_1775.asset using Guid(51a0d49511fffd94f9752acca7fab10c) Importer(815301076,1909f56bfc062723c751e8b465ee728b) (PreviewImporter) -> (artifact id: 'ac37267f5de33fe9c47b8c805b28618f') in 0.0136965 seconds
Number of updated asset objects reloaded before import = 0Number of asset objects unloaded after import = 3

========================================================================
Received Import Request.
  Time since last request: 0.000022 seconds.
  path: Assets/Sprites/props1_2260.asset
  artifactKey: Guid(38c7c4f243b41bb4ca92c6f20f92ede9) Importer(815301076,1909f56bfc062723c751e8b465ee728b)
Start importing Assets/Sprites/props1_2260.asset using Guid(38c7c4f243b41bb4ca92c6f20f92ede9) Importer(815301076,1909f56bfc062723c751e8b465ee728b) (PreviewImporter) -> (artifact id: '51b099e59915728626cf322079c09103') in 0.0138538 seconds
Number of updated asset objects reloaded before import = 0Number of asset objects unloaded after import = 3

========================================================================
Received Import Request.
  Time since last request: 0.000038 seconds.
  path: Assets/Sprites/mainlev_build_894.asset
  artifactKey: Guid(ae1120c92a8b20d4299341f5ab947cbb) Importer(815301076,1909f56bfc062723c751e8b465ee728b)
Start importing Assets/Sprites/mainlev_build_894.asset using Guid(ae1120c92a8b20d4299341f5ab947cbb) Importer(815301076,1909f56bfc062723c751e8b465ee728b) (PreviewImporter) -> (artifact id: '4cd6b8a8cb15a9e65a5512e3aec46e66') in 0.014145 seconds
Number of updated asset objects reloaded before import = 0Number of asset objects unloaded after import = 3

========================================================================
Received Import Request.
  Time since last request: 0.000025 seconds.
  path: Assets/Sprites/mainlev_build_691.asset
  artifactKey: Guid(54fa5b2697947d14b9ceeb3acc2e23b4) Importer(815301076,1909f56bfc062723c751e8b465ee728b)
Start importing Assets/Sprites/mainlev_build_691.asset using Guid(54fa5b2697947d14b9ceeb3acc2e23b4) Importer(815301076,1909f56bfc062723c751e8b465ee728b) (PreviewImporter) -> (artifact id: '98af287da1c3551fcc8b1925a8e93034') in 0.0123105 seconds
Number of updated asset objects reloaded before import = 0Number of asset objects unloaded after import = 3

========================================================================
Received Import Request.
  Time since last request: 0.000030 seconds.
  path: Assets/Sprites/mainlev_build_418.asset
  artifactKey: Guid(95cf1c8ee1f7fd64c932e8b3b17427b5) Importer(815301076,1909f56bfc062723c751e8b465ee728b)
Start importing Assets/Sprites/mainlev_build_418.asset using Guid(95cf1c8ee1f7fd64c932e8b3b17427b5) Importer(815301076,1909f56bfc062723c751e8b465ee728b) (PreviewImporter) -> (artifact id: '9e30003854374fa6851941ca3c7f545b') in 0.012281 seconds
Number of updated asset objects reloaded before import = 0Number of asset objects unloaded after import = 3

========================================================================
Received Import Request.
  Time since last request: 0.000022 seconds.
  path: Assets/Sprites/mainlev_build_424.asset
  artifactKey: Guid(f0e17354055a53c4893035cf3799c8cd) Importer(815301076,1909f56bfc062723c751e8b465ee728b)
Start importing Assets/Sprites/mainlev_build_424.asset using Guid(f0e17354055a53c4893035cf3799c8cd) Importer(815301076,1909f56bfc062723c751e8b465ee728b) (PreviewImporter) -> (artifact id: '0f5b125dca67240a995c3a7ff3b5085c') in 0.0131255 seconds
Number of updated asset objects reloaded before import = 0Number of asset objects unloaded after import = 3

========================================================================
Received Import Request.
  Time since last request: 0.000024 seconds.
  path: Assets/UnitystoreAssets/Asset FTTGR/Palettes/Blocks/GroundWinter70.asset
  artifactKey: Guid(729fc9f171b6c994ea0727dd864bbbcf) Importer(815301076,1909f56bfc062723c751e8b465ee728b)
Start importing Assets/UnitystoreAssets/Asset FTTGR/Palettes/Blocks/GroundWinter70.asset using Guid(729fc9f171b6c994ea0727dd864bbbcf) Importer(815301076,1909f56bfc062723c751e8b465ee728b) (PreviewImporter) -> (artifact id: '5baf5c6d582509050e7505f4730a8712') in 0.0092041 seconds
Number of updated asset objects reloaded before import = 0Number of asset objects unloaded after import = 3

========================================================================
Received Import Request.
  Time since last request: 0.000022 seconds.
  path: Assets/Sprites/props1_1636.asset
  artifactKey: Guid(995e0da84f8b2394c9fb42bd2ba42c58) Importer(815301076,1909f56bfc062723c751e8b465ee728b)
Start importing Assets/Sprites/props1_1636.asset using Guid(995e0da84f8b2394c9fb42bd2ba42c58) Importer(815301076,1909f56bfc062723c751e8b465ee728b) (PreviewImporter) -> (artifact id: '65ef09b961d419e1778265609c7aa555') in 0.013888 seconds
Number of updated asset objects reloaded before import = 0Number of asset objects unloaded after import = 3

========================================================================
Received Import Request.
  Time since last request: 0.000022 seconds.
  path: Assets/UnitystoreAssets/2D Pixel Art Platformer Biome - American Forest/Tilemap/TileBackGround13.asset
  artifactKey: Guid(c1262a9f725f2214794065ba0db8aa98) Importer(815301076,1909f56bfc062723c751e8b465ee728b)
Start importing Assets/UnitystoreAssets/2D Pixel Art Platformer Biome - American Forest/Tilemap/TileBackGround13.asset using Guid(c1262a9f725f2214794065ba0db8aa98) Importer(815301076,1909f56bfc062723c751e8b465ee728b) (PreviewImporter) -> (artifact id: 'facd1b912eb8585ee82a74d389804225') in 0.0130363 seconds
Number of updated asset objects reloaded before import = 0Number of asset objects unloaded after import = 92

========================================================================
Received Import Request.
  Time since last request: 0.000023 seconds.
  path: Assets/UnitystoreAssets/Cave Platformer Tileset/Individual PNG files/Tileset/trees-trunk-dark/trees-trunk-dark-3.png
  artifactKey: Guid(5a52690ded6add5408e216363327b39a) Importer(815301076,1909f56bfc062723c751e8b465ee728b)
Start importing Assets/UnitystoreAssets/Cave Platformer Tileset/Individual PNG files/Tileset/trees-trunk-dark/trees-trunk-dark-3.png using Guid(5a52690ded6add5408e216363327b39a) Importer(815301076,1909f56bfc062723c751e8b465ee728b) (PreviewImporter) -> (artifact id: '9ce3ce51844a6dcc5d59a717b42a2f0b') in 0.01264 seconds
Number of updated asset objects reloaded before import = 0Number of asset objects unloaded after import = 3

========================================================================
Received Import Request.
  Time since last request: 0.000021 seconds.
  path: Assets/Sprites/props1_1350.asset
  artifactKey: Guid(41d013281301e7f44b885cb00db2b9d1) Importer(815301076,1909f56bfc062723c751e8b465ee728b)
Start importing Assets/Sprites/props1_1350.asset using Guid(41d013281301e7f44b885cb00db2b9d1) Importer(815301076,1909f56bfc062723c751e8b465ee728b) (PreviewImporter) -> (artifact id: '19123aad464fc26a538c1a2addfaea11') in 0.013823 seconds
Number of updated asset objects reloaded before import = 0Number of asset objects unloaded after import = 3

========================================================================
Received Import Request.
  Time since last request: 0.000025 seconds.
  path: Assets/UnitystoreAssets/Cave Platformer Tileset/Individual PNG files/Monster/scorpion-brown/scorpion-brown-5.png
  artifactKey: Guid(0686fde57012f3d4a93dc8dc4589b83b) Importer(815301076,1909f56bfc062723c751e8b465ee728b)
Start importing Assets/UnitystoreAssets/Cave Platformer Tileset/Individual PNG files/Monster/scorpion-brown/scorpion-brown-5.png using Guid(0686fde57012f3d4a93dc8dc4589b83b) Importer(815301076,1909f56bfc062723c751e8b465ee728b) (PreviewImporter) -> (artifact id: 'f7ad73da556d5328ad79b640b4e1bd17') in 0.0124109 seconds
Number of updated asset objects reloaded before import = 0Number of asset objects unloaded after import = 3

========================================================================
Received Import Request.
  Time since last request: 0.000026 seconds.
  path: Assets/UnitystoreAssets/Cave Platformer Tileset/Individual PNG files/Tileset/bg_cave_blueish_32x32/New Palette.prefab
  artifactKey: Guid(2d6c0d6bb4904b547af4937af680a209) Importer(815301076,1909f56bfc062723c751e8b465ee728b)
Start importing Assets/UnitystoreAssets/Cave Platformer Tileset/Individual PNG files/Tileset/bg_cave_blueish_32x32/New Palette.prefab using Guid(2d6c0d6bb4904b547af4937af680a209) Importer(815301076,1909f56bfc062723c751e8b465ee728b) (PreviewImporter) -> (artifact id: 'd1cab29fa5ab0fbc3277c8bc81c8c957') in 0.0143492 seconds
Number of updated asset objects reloaded before import = 0Number of asset objects unloaded after import = 33

========================================================================
Received Import Request.
  Time since last request: 0.000030 seconds.
  path: Assets/Sprites/props1_1710.asset
  artifactKey: Guid(2e620ead5ac897c44b01916a19529bad) Importer(815301076,1909f56bfc062723c751e8b465ee728b)
Start importing Assets/Sprites/props1_1710.asset using Guid(2e620ead5ac897c44b01916a19529bad) Importer(815301076,1909f56bfc062723c751e8b465ee728b) (PreviewImporter) -> (artifact id: '0e5e029b0eb77911fe27948d6d3437be') in 0.013916 seconds
Number of updated asset objects reloaded before import = 0Number of asset objects unloaded after import = 3

========================================================================
Received Import Request.
  Time since last request: 0.000022 seconds.
  path: Assets/Sprites/props1_1336.asset
  artifactKey: Guid(0f59af7480c4be643847c61a8764b6da) Importer(815301076,1909f56bfc062723c751e8b465ee728b)
Start importing Assets/Sprites/props1_1336.asset using Guid(0f59af7480c4be643847c61a8764b6da) Importer(815301076,1909f56bfc062723c751e8b465ee728b) (PreviewImporter) -> (artifact id: 'be1680d8d28cf5ccd2c07edb2d3a7627') in 0.0161972 seconds
Number of updated asset objects reloaded before import = 0Number of asset objects unloaded after import = 3

========================================================================
Received Import Request.
  Time since last request: 0.000022 seconds.
  path: Assets/UnitystoreAssets/Cainos/Pixel Art Platformer - Village Props/Animation/Chest Wooden/AM Chest Wooden - Opened.anim
  artifactKey: Guid(c8c79bea693f0a740bbca9576e84def9) Importer(815301076,1909f56bfc062723c751e8b465ee728b)
Start importing Assets/UnitystoreAssets/Cainos/Pixel Art Platformer - Village Props/Animation/Chest Wooden/AM Chest Wooden - Opened.anim using Guid(c8c79bea693f0a740bbca9576e84def9) Importer(815301076,1909f56bfc062723c751e8b465ee728b) (PreviewImporter) -> (artifact id: 'b9a9b3aa73bc0eb0d4d7fe9ab2c88bb5') in 0.000932 seconds
Number of updated asset objects reloaded before import = 0Number of asset objects unloaded after import = 1

========================================================================
Received Import Request.
  Time since last request: 0.000026 seconds.
  path: Assets/UnitystoreAssets/Asset FTTGR/Palettes/Blocks/GrassGround33.asset
  artifactKey: Guid(10dd91682ea8cf448aaff1f32a567c7a) Importer(815301076,1909f56bfc062723c751e8b465ee728b)
Start importing Assets/UnitystoreAssets/Asset FTTGR/Palettes/Blocks/GrassGround33.asset using Guid(10dd91682ea8cf448aaff1f32a567c7a) Importer(815301076,1909f56bfc062723c751e8b465ee728b) (PreviewImporter) -> (artifact id: 'b395f5bfb20ca6ba1703838f0b2184eb') in 0.0090419 seconds
Number of updated asset objects reloaded before import = 0Number of asset objects unloaded after import = 3

========================================================================
Received Import Request.
  Time since last request: 0.000021 seconds.
  path: Assets/UnitystoreAssets/Cave Platformer Tileset/Individual PNG files/Tileset/trees-trunk-dark/trees-trunk-dark-42.png
  artifactKey: Guid(c1fb14fc029d45c4da96b2fd06c21ada) Importer(815301076,1909f56bfc062723c751e8b465ee728b)
Start importing Assets/UnitystoreAssets/Cave Platformer Tileset/Individual PNG files/Tileset/trees-trunk-dark/trees-trunk-dark-42.png using Guid(c1fb14fc029d45c4da96b2fd06c21ada) Importer(815301076,1909f56bfc062723c751e8b465ee728b) (PreviewImporter) -> (artifact id: 'f560ab80817af1c0c75278dcedf20160') in 0.0121046 seconds
Number of updated asset objects reloaded before import = 0Number of asset objects unloaded after import = 3

========================================================================
Received Import Request.
  Time since last request: 0.000020 seconds.
  path: Assets/Sprites/mainlev_build_398.asset
  artifactKey: Guid(f66a21394a1cca648a2f1ae7aebcd565) Importer(815301076,1909f56bfc062723c751e8b465ee728b)
Start importing Assets/Sprites/mainlev_build_398.asset using Guid(f66a21394a1cca648a2f1ae7aebcd565) Importer(815301076,1909f56bfc062723c751e8b465ee728b) (PreviewImporter) -> (artifact id: '27cd6e4e6eadffcd70843da7d5504ad8') in 0.0118959 seconds
Number of updated asset objects reloaded before import = 0Number of asset objects unloaded after import = 3

========================================================================
Received Import Request.
  Time since last request: 0.000024 seconds.
  path: Assets/Sprites/props1_570.asset
  artifactKey: Guid(97a88d2ab8dd1234cb14bab74dd58a8e) Importer(815301076,1909f56bfc062723c751e8b465ee728b)
Start importing Assets/Sprites/props1_570.asset using Guid(97a88d2ab8dd1234cb14bab74dd58a8e) Importer(815301076,1909f56bfc062723c751e8b465ee728b) (PreviewImporter) -> (artifact id: '0ccd304d063ec23650665aa573c1849f') in 0.013226 seconds
Number of updated asset objects reloaded before import = 0Number of asset objects unloaded after import = 3

========================================================================
Received Import Request.
  Time since last request: 0.000031 seconds.
  path: Assets/Sprites/props1_2141.asset
  artifactKey: Guid(ea00bc693be30094ba16558c4ad7cb99) Importer(815301076,1909f56bfc062723c751e8b465ee728b)
Start importing Assets/Sprites/props1_2141.asset using Guid(ea00bc693be30094ba16558c4ad7cb99) Importer(815301076,1909f56bfc062723c751e8b465ee728b) (PreviewImporter) -> (artifact id: '19d172918afa62e1e69a94ed27595bdd') in 0.0135354 seconds
Number of updated asset objects reloaded before import = 0Number of asset objects unloaded after import = 3

========================================================================
Received Import Request.
  Time since last request: 0.000022 seconds.
  path: Assets/Sprites/props1_343.asset
  artifactKey: Guid(5485f129661e8344d8cdb768d758a76e) Importer(815301076,1909f56bfc062723c751e8b465ee728b)
Start importing Assets/Sprites/props1_343.asset using Guid(5485f129661e8344d8cdb768d758a76e) Importer(815301076,1909f56bfc062723c751e8b465ee728b) (PreviewImporter) -> (artifact id: '9c0220c1f9d3ba2afb13841bc6708b38') in 0.0154949 seconds
Number of updated asset objects reloaded before import = 0Number of asset objects unloaded after import = 3

========================================================================
Received Import Request.
  Time since last request: 0.000022 seconds.
  path: Assets/Sprites/mainlev_build_658.asset
  artifactKey: Guid(55bb981197297c1429a526efb11f42c9) Importer(815301076,1909f56bfc062723c751e8b465ee728b)
Start importing Assets/Sprites/mainlev_build_658.asset using Guid(55bb981197297c1429a526efb11f42c9) Importer(815301076,1909f56bfc062723c751e8b465ee728b) (PreviewImporter) -> (artifact id: 'b664659c8337804340f6a4f69db938d4') in 0.0118996 seconds
Number of updated asset objects reloaded before import = 0Number of asset objects unloaded after import = 3

========================================================================
Received Import Request.
  Time since last request: 0.000021 seconds.
  path: Assets/UnitystoreAssets/Cave Platformer Tileset/Individual PNG files/Tileset/cave_tileset/main_tiles_16x16_20.png
  artifactKey: Guid(62c6478cdb66d624b9f130e7dcce38d3) Importer(815301076,1909f56bfc062723c751e8b465ee728b)
Start importing Assets/UnitystoreAssets/Cave Platformer Tileset/Individual PNG files/Tileset/cave_tileset/main_tiles_16x16_20.png using Guid(62c6478cdb66d624b9f130e7dcce38d3) Importer(815301076,1909f56bfc062723c751e8b465ee728b) (PreviewImporter) -> (artifact id: '4fea7123c07820b43f24a7b20c3ab070') in 0.0121161 seconds
Number of updated asset objects reloaded before import = 0Number of asset objects unloaded after import = 3

========================================================================
Received Import Request.
  Time since last request: 0.000021 seconds.
  path: Assets/Sprites/props1_1499.asset
  artifactKey: Guid(27369e630ee007449b04a10ac580d069) Importer(815301076,1909f56bfc062723c751e8b465ee728b)
Start importing Assets/Sprites/props1_1499.asset using Guid(27369e630ee007449b04a10ac580d069) Importer(815301076,1909f56bfc062723c751e8b465ee728b) (PreviewImporter) -> (artifact id: '541cfb943f89b6ad45045a24dd2633be') in 0.0135754 seconds
Number of updated asset objects reloaded before import = 0Number of asset objects unloaded after import = 3

========================================================================
Received Import Request.
  Time since last request: 0.000022 seconds.
  path: Assets/UnitystoreAssets/Cave Platformer Tileset/Individual PNG files/Tileset/bg_objects/bg_objects_10.png
  artifactKey: Guid(890635f299dfb83428e4249762c78405) Importer(815301076,1909f56bfc062723c751e8b465ee728b)
Start importing Assets/UnitystoreAssets/Cave Platformer Tileset/Individual PNG files/Tileset/bg_objects/bg_objects_10.png using Guid(890635f299dfb83428e4249762c78405) Importer(815301076,1909f56bfc062723c751e8b465ee728b) (PreviewImporter) -> (artifact id: 'a98933be39bb9f8bbbd1b1576c9448b0') in 0.012995 seconds
Number of updated asset objects reloaded before import = 0Number of asset objects unloaded after import = 3

========================================================================
Received Import Request.
  Time since last request: 0.000023 seconds.
  path: Assets/Sprites/props1_397.asset
  artifactKey: Guid(5436127fd1fe62d45801fe81b44174c3) Importer(815301076,1909f56bfc062723c751e8b465ee728b)
Start importing Assets/Sprites/props1_397.asset using Guid(5436127fd1fe62d45801fe81b44174c3) Importer(815301076,1909f56bfc062723c751e8b465ee728b) (PreviewImporter) -> (artifact id: 'd0b8f94c3d4975e0d508200756eed189') in 0.0140609 seconds
Number of updated asset objects reloaded before import = 0Number of asset objects unloaded after import = 3

========================================================================
Received Import Request.
  Time since last request: 0.000031 seconds.
  path: Assets/Sprites/props1_782.asset
  artifactKey: Guid(9c46b9b41159afe4fb0ef65f8b1111bd) Importer(815301076,1909f56bfc062723c751e8b465ee728b)
Start importing Assets/Sprites/props1_782.asset using Guid(9c46b9b41159afe4fb0ef65f8b1111bd) Importer(815301076,1909f56bfc062723c751e8b465ee728b) (PreviewImporter) -> (artifact id: '974e8290028ac8cdbcff07e34a267110') in 0.0182599 seconds
Number of updated asset objects reloaded before import = 0Number of asset objects unloaded after import = 3

========================================================================
Received Import Request.
  Time since last request: 0.000022 seconds.
  path: Assets/Sprites/mainlev_build_370.asset
  artifactKey: Guid(ba8b200c9158e4945b2b1821bfcc7b6c) Importer(815301076,1909f56bfc062723c751e8b465ee728b)
Start importing Assets/Sprites/mainlev_build_370.asset using Guid(ba8b200c9158e4945b2b1821bfcc7b6c) Importer(815301076,1909f56bfc062723c751e8b465ee728b) (PreviewImporter) -> (artifact id: '1b6e4cfe11e5bc353922c076a8a381ce') in 0.0122964 seconds
Number of updated asset objects reloaded before import = 0Number of asset objects unloaded after import = 3

========================================================================
Received Import Request.
  Time since last request: 0.000022 seconds.
  path: Assets/Sprites/props1_471.asset
  artifactKey: Guid(01c1b4775f4c51d48bf743bf7e7ebe4a) Importer(815301076,1909f56bfc062723c751e8b465ee728b)
Start importing Assets/Sprites/props1_471.asset using Guid(01c1b4775f4c51d48bf743bf7e7ebe4a) Importer(815301076,1909f56bfc062723c751e8b465ee728b) (PreviewImporter) -> (artifact id: '0862b5d08e480ce8ed16ab585111cc41') in 0.0155847 seconds
Number of updated asset objects reloaded before import = 0Number of asset objects unloaded after import = 3

========================================================================
Received Import Request.
  Time since last request: 0.000023 seconds.
  path: Assets/UnitystoreAssets/Cave Platformer Tileset/Individual PNG files/Tileset/trees-trunk-white/trees-trunk-white-51.png
  artifactKey: Guid(d865e2b8baa27554cb4a8d5fdc88ced6) Importer(815301076,1909f56bfc062723c751e8b465ee728b)
Start importing Assets/UnitystoreAssets/Cave Platformer Tileset/Individual PNG files/Tileset/trees-trunk-white/trees-trunk-white-51.png using Guid(d865e2b8baa27554cb4a8d5fdc88ced6) Importer(815301076,1909f56bfc062723c751e8b465ee728b) (PreviewImporter) -> (artifact id: 'ab8908351c55998c307ca2d25ee538f6') in 0.0123979 seconds
Number of updated asset objects reloaded before import = 0Number of asset objects unloaded after import = 3

========================================================================
Received Import Request.
  Time since last request: 0.000022 seconds.
  path: Assets/Sprites/mainlev_build_770.asset
  artifactKey: Guid(4b2b850357e0cb74bab5aaee700dca69) Importer(815301076,1909f56bfc062723c751e8b465ee728b)
Start importing Assets/Sprites/mainlev_build_770.asset using Guid(4b2b850357e0cb74bab5aaee700dca69) Importer(815301076,1909f56bfc062723c751e8b465ee728b) (PreviewImporter) -> (artifact id: 'd7debefa5d376f5c45697a3dbb667297') in 0.0123293 seconds
Number of updated asset objects reloaded before import = 0Number of asset objects unloaded after import = 3

========================================================================
Received Import Request.
  Time since last request: 0.000021 seconds.
  path: Assets/Sprites/mainlev_build_850.asset
  artifactKey: Guid(e696836bd68cf3d47bae639d61ab1ba8) Importer(815301076,1909f56bfc062723c751e8b465ee728b)
Start importing Assets/Sprites/mainlev_build_850.asset using Guid(e696836bd68cf3d47bae639d61ab1ba8) Importer(815301076,1909f56bfc062723c751e8b465ee728b) (PreviewImporter) -> (artifact id: '4f4920a0cb75d85d77281c46167b3fbf') in 0.0067279 seconds
Number of updated asset objects reloaded before import = 0Number of asset objects unloaded after import = 3

========================================================================
Received Import Request.
  Time since last request: 0.000023 seconds.
  path: Assets/UnitystoreAssets/Cave Platformer Tileset/Individual PNG files/Monster/scorpion-violet/scorpion-violet-4.png
  artifactKey: Guid(2c08031fc40380e4c86e6e300d167369) Importer(815301076,1909f56bfc062723c751e8b465ee728b)
Start importing Assets/UnitystoreAssets/Cave Platformer Tileset/Individual PNG files/Monster/scorpion-violet/scorpion-violet-4.png using Guid(2c08031fc40380e4c86e6e300d167369) Importer(815301076,1909f56bfc062723c751e8b465ee728b) (PreviewImporter) -> (artifact id: 'dbd7140db93ed9cc5567913fa7083449') in 0.0142194 seconds
Number of updated asset objects reloaded before import = 0Number of asset objects unloaded after import = 3

========================================================================
Received Import Request.
  Time since last request: 0.000034 seconds.
  path: Assets/Sprites/props1_1523.asset
  artifactKey: Guid(a292ce42a9fe2de4bb9d040eb38b6987) Importer(815301076,1909f56bfc062723c751e8b465ee728b)
Start importing Assets/Sprites/props1_1523.asset using Guid(a292ce42a9fe2de4bb9d040eb38b6987) Importer(815301076,1909f56bfc062723c751e8b465ee728b) (PreviewImporter) -> (artifact id: '75f78b24827ea0a30aa6005065e22aab') in 0.0146287 seconds
Number of updated asset objects reloaded before import = 0Number of asset objects unloaded after import = 3

========================================================================
Received Import Request.
  Time since last request: 0.000024 seconds.
  path: Assets/Sprites/mainlev_build_417.asset
  artifactKey: Guid(3cfb529fb09ae8a4bb195f8d23f36cce) Importer(815301076,1909f56bfc062723c751e8b465ee728b)
Start importing Assets/Sprites/mainlev_build_417.asset using Guid(3cfb529fb09ae8a4bb195f8d23f36cce) Importer(815301076,1909f56bfc062723c751e8b465ee728b) (PreviewImporter) -> (artifact id: '316e6e04112b1b3f5c81705673dd165d') in 0.0127857 seconds
Number of updated asset objects reloaded before import = 0Number of asset objects unloaded after import = 3

========================================================================
Received Import Request.
  Time since last request: 0.000047 seconds.
  path: Assets/Sprites/props1_2169.asset
  artifactKey: Guid(3dc7cf462a60aec479f59e6a7e1ddd12) Importer(815301076,1909f56bfc062723c751e8b465ee728b)
Start importing Assets/Sprites/props1_2169.asset using Guid(3dc7cf462a60aec479f59e6a7e1ddd12) Importer(815301076,1909f56bfc062723c751e8b465ee728b) (PreviewImporter) -> (artifact id: '3a320f5bc159a7da4f1233caffabc348') in 0.0153548 seconds
Number of updated asset objects reloaded before import = 0Number of asset objects unloaded after import = 3

========================================================================
Received Import Request.
  Time since last request: 0.000026 seconds.
  path: Assets/Sprites/props1_474.asset
  artifactKey: Guid(bdb5a1e62f516ce49aaa9aefae6ebc4d) Importer(815301076,1909f56bfc062723c751e8b465ee728b)
Start importing Assets/Sprites/props1_474.asset using Guid(bdb5a1e62f516ce49aaa9aefae6ebc4d) Importer(815301076,1909f56bfc062723c751e8b465ee728b) (PreviewImporter) -> (artifact id: '38fca33b39179b370776938a0786054f') in 0.0169758 seconds
Number of updated asset objects reloaded before import = 0Number of asset objects unloaded after import = 3

========================================================================
Received Import Request.
  Time since last request: 0.000023 seconds.
  path: Assets/karsiori/TileMap/Backgrounds/WOODS - Third.png
  artifactKey: Guid(45367da5e1f745b4daacb977484a3704) Importer(815301076,1909f56bfc062723c751e8b465ee728b)
Start importing Assets/karsiori/TileMap/Backgrounds/WOODS - Third.png using Guid(45367da5e1f745b4daacb977484a3704) Importer(815301076,1909f56bfc062723c751e8b465ee728b) (PreviewImporter) -> (artifact id: '96f96e30296c0aecb29f80d325b8f01e') in 0.0154191 seconds
Number of updated asset objects reloaded before import = 0Number of asset objects unloaded after import = 3

========================================================================
Received Import Request.
  Time since last request: 0.000022 seconds.
  path: Assets/UnitystoreAssets/Asset FTTGR/Palettes/Blocks/GrassGround19.asset
  artifactKey: Guid(cd79f715d414ca94498326e959c2e6ae) Importer(815301076,1909f56bfc062723c751e8b465ee728b)
Start importing Assets/UnitystoreAssets/Asset FTTGR/Palettes/Blocks/GrassGround19.asset using Guid(cd79f715d414ca94498326e959c2e6ae) Importer(815301076,1909f56bfc062723c751e8b465ee728b) (PreviewImporter) -> (artifact id: '315a4437f2e41b7f73f883592d3d129b') in 0.0098861 seconds
Number of updated asset objects reloaded before import = 0Number of asset objects unloaded after import = 3

========================================================================
Received Import Request.
  Time since last request: 0.000023 seconds.
  path: Assets/Sprites/mainlev_build_27.asset
  artifactKey: Guid(c43d66453f997bc44b6e5200fc1c1c21) Importer(815301076,1909f56bfc062723c751e8b465ee728b)
Start importing Assets/Sprites/mainlev_build_27.asset using Guid(c43d66453f997bc44b6e5200fc1c1c21) Importer(815301076,1909f56bfc062723c751e8b465ee728b) (PreviewImporter) -> (artifact id: '4a72e59348c14767ede4b1c3b3d21b9e') in 0.0116827 seconds
Number of updated asset objects reloaded before import = 0Number of asset objects unloaded after import = 3

========================================================================
Received Import Request.
  Time since last request: 0.000030 seconds.
  path: Assets/Sprites/props1_1274.asset
  artifactKey: Guid(9db48f495e621c147bd28e13c3878976) Importer(815301076,1909f56bfc062723c751e8b465ee728b)
Start importing Assets/Sprites/props1_1274.asset using Guid(9db48f495e621c147bd28e13c3878976) Importer(815301076,1909f56bfc062723c751e8b465ee728b) (PreviewImporter) -> (artifact id: '6cd8640c447ca4d7bd0ae66eba418634') in 0.0142966 seconds
Number of updated asset objects reloaded before import = 0Number of asset objects unloaded after import = 3

========================================================================
Received Import Request.
  Time since last request: 0.000022 seconds.
  path: Assets/Sprites/props1_54.asset
  artifactKey: Guid(1292128dab9a32041b26e4e39907aa39) Importer(815301076,1909f56bfc062723c751e8b465ee728b)
Start importing Assets/Sprites/props1_54.asset using Guid(1292128dab9a32041b26e4e39907aa39) Importer(815301076,1909f56bfc062723c751e8b465ee728b) (PreviewImporter) -> (artifact id: 'f9e3d797379d170af79949853b2e645f') in 0.014207 seconds
Number of updated asset objects reloaded before import = 0Number of asset objects unloaded after import = 3

========================================================================
Received Import Request.
  Time since last request: 0.000022 seconds.
  path: Assets/UnitystoreAssets/2D Pixel Art Platformer Biome - Plains/Tilemap/TileBackGround13.asset
  artifactKey: Guid(4d41f0ed146e8854bad65bf4398f9bcd) Importer(815301076,1909f56bfc062723c751e8b465ee728b)
Start importing Assets/UnitystoreAssets/2D Pixel Art Platformer Biome - Plains/Tilemap/TileBackGround13.asset using Guid(4d41f0ed146e8854bad65bf4398f9bcd) Importer(815301076,1909f56bfc062723c751e8b465ee728b) (PreviewImporter) -> (artifact id: 'd17f6e14facb09571c38dfab6eeb4f46') in 0.0113537 seconds
Number of updated asset objects reloaded before import = 0Number of asset objects unloaded after import = 3

========================================================================
Received Import Request.
  Time since last request: 0.000027 seconds.
  path: Assets/UnitystoreAssets/Cave Platformer Tileset/Individual PNG files/Tileset/trees-trunk-darkbrown/trees-trunk-darkbrown-15.png
  artifactKey: Guid(432a8a1bbf211f24580b4b5e5662021e) Importer(815301076,1909f56bfc062723c751e8b465ee728b)
Start importing Assets/UnitystoreAssets/Cave Platformer Tileset/Individual PNG files/Tileset/trees-trunk-darkbrown/trees-trunk-darkbrown-15.png using Guid(432a8a1bbf211f24580b4b5e5662021e) Importer(815301076,1909f56bfc062723c751e8b465ee728b) (PreviewImporter) -> (artifact id: '213cbf16c0dab25b5aaa3281af160188') in 0.0233712 seconds
Number of updated asset objects reloaded before import = 0Number of asset objects unloaded after import = 3

========================================================================
Received Import Request.
  Time since last request: 0.004789 seconds.
  path: Assets/UnitystoreAssets/Asset FTTGR/Palettes/Blocks/GroundWinter15.asset
  artifactKey: Guid(9dc99a3bc3c7d3d4cb87d7cb49c639eb) Importer(815301076,1909f56bfc062723c751e8b465ee728b)
Start importing Assets/UnitystoreAssets/Asset FTTGR/Palettes/Blocks/GroundWinter15.asset using Guid(9dc99a3bc3c7d3d4cb87d7cb49c639eb) Importer(815301076,1909f56bfc062723c751e8b465ee728b) (PreviewImporter) -> (artifact id: '71cb4ca4e279798713f67362237031a0') in 0.0097712 seconds
Number of updated asset objects reloaded before import = 0Number of asset objects unloaded after import = 3

========================================================================
Received Import Request.
  Time since last request: 0.000021 seconds.
  path: Assets/UnitystoreAssets/Cainos/Pixel Art Platformer - Village Props/Animation/Chest Silver
  artifactKey: Guid(2d1e315e32594834ebb09a788e4340d4) Importer(815301076,1909f56bfc062723c751e8b465ee728b)
Start importing Assets/UnitystoreAssets/Cainos/Pixel Art Platformer - Village Props/Animation/Chest Silver using Guid(2d1e315e32594834ebb09a788e4340d4) Importer(815301076,1909f56bfc062723c751e8b465ee728b) (PreviewImporter) -> (artifact id: 'f5113c8998c57d297a32940d0a2dde6b') in 0.0005124 seconds
Number of updated asset objects reloaded before import = 0Number of asset objects unloaded after import = 0

========================================================================
Received Import Request.
  Time since last request: 0.000023 seconds.
  path: Assets/UnitystoreAssets/Cave Platformer Tileset/Individual PNG files/Tileset/trees-trunk-dark/trees-trunk-dark-59.png
  artifactKey: Guid(175040cdd066fd2429db3072b635c05a) Importer(815301076,1909f56bfc062723c751e8b465ee728b)
Start importing Assets/UnitystoreAssets/Cave Platformer Tileset/Individual PNG files/Tileset/trees-trunk-dark/trees-trunk-dark-59.png using Guid(175040cdd066fd2429db3072b635c05a) Importer(815301076,1909f56bfc062723c751e8b465ee728b) (PreviewImporter) -> (artifact id: 'fe134720c149ad2860cadc790c59b840') in 0.0121659 seconds
Number of updated asset objects reloaded before import = 0Number of asset objects unloaded after import = 3

========================================================================
Received Import Request.
  Time since last request: 0.000029 seconds.
  path: Assets/Sprites/props1_1903.asset
  artifactKey: Guid(344ed70e9ab72fc469aa84003478e4d8) Importer(815301076,1909f56bfc062723c751e8b465ee728b)
Start importing Assets/Sprites/props1_1903.asset using Guid(344ed70e9ab72fc469aa84003478e4d8) Importer(815301076,1909f56bfc062723c751e8b465ee728b) (PreviewImporter) -> (artifact id: 'f8b58081cb6e3de29300871f10ab6e38') in 0.0136668 seconds
Number of updated asset objects reloaded before import = 0Number of asset objects unloaded after import = 3

========================================================================
Received Import Request.
  Time since last request: 0.000023 seconds.
  path: Assets/UnitystoreAssets/Cave Platformer Tileset/Individual PNG files/Monster/scorpion-gold/scorpion-gold-19.png
  artifactKey: Guid(d65883744cf160446bc808b878c76419) Importer(815301076,1909f56bfc062723c751e8b465ee728b)
Start importing Assets/UnitystoreAssets/Cave Platformer Tileset/Individual PNG files/Monster/scorpion-gold/scorpion-gold-19.png using Guid(d65883744cf160446bc808b878c76419) Importer(815301076,1909f56bfc062723c751e8b465ee728b) (PreviewImporter) -> (artifact id: '99a3cf57c73c773bec39b229b53ef573') in 0.011936 seconds
Number of updated asset objects reloaded before import = 0Number of asset objects unloaded after import = 3

========================================================================
Received Import Request.
  Time since last request: 0.000021 seconds.
  path: Assets/Sprites/mainlev_build_206.asset
  artifactKey: Guid(127e808ac4a5eba4c86c0d2112372e64) Importer(815301076,1909f56bfc062723c751e8b465ee728b)
Start importing Assets/Sprites/mainlev_build_206.asset using Guid(127e808ac4a5eba4c86c0d2112372e64) Importer(815301076,1909f56bfc062723c751e8b465ee728b) (PreviewImporter) -> (artifact id: '785431ca40da0060eb8f5ce79426d41b') in 0.0141551 seconds
Number of updated asset objects reloaded before import = 0Number of asset objects unloaded after import = 3

========================================================================
Received Import Request.
  Time since last request: 0.000022 seconds.
  path: Assets/Sprites/props1_2019.asset
  artifactKey: Guid(355ee028ed3bda84c95f12f81b0cdc22) Importer(815301076,1909f56bfc062723c751e8b465ee728b)
Start importing Assets/Sprites/props1_2019.asset using Guid(355ee028ed3bda84c95f12f81b0cdc22) Importer(815301076,1909f56bfc062723c751e8b465ee728b) (PreviewImporter) -> (artifact id: '6892117c84d48f6c06d7b8a60f4125d9') in 0.0137919 seconds
Number of updated asset objects reloaded before import = 0Number of asset objects unloaded after import = 3

========================================================================
Received Import Request.
  Time since last request: 0.000022 seconds.
  path: Assets/Sprites/props1_297.asset
  artifactKey: Guid(ec826b78d3bedc541b1a6d8cb1af2208) Importer(815301076,1909f56bfc062723c751e8b465ee728b)
Start importing Assets/Sprites/props1_297.asset using Guid(ec826b78d3bedc541b1a6d8cb1af2208) Importer(815301076,1909f56bfc062723c751e8b465ee728b) (PreviewImporter) -> (artifact id: '9df4807ddd5ff808cb71e8e51a5ad164') in 0.008228 seconds
Number of updated asset objects reloaded before import = 0Number of asset objects unloaded after import = 3

========================================================================
Received Import Request.
  Time since last request: 0.029958 seconds.
  path: Assets/TextMesh Pro/Fonts/LiberationSans - OFL.txt
  artifactKey: Guid(6e59c59b81ab47f9b6ec5781fa725d2c) Importer(815301076,1909f56bfc062723c751e8b465ee728b)
Start importing Assets/TextMesh Pro/Fonts/LiberationSans - OFL.txt using Guid(6e59c59b81ab47f9b6ec5781fa725d2c) Importer(815301076,1909f56bfc062723c751e8b465ee728b) (PreviewImporter) -> (artifact id: '485a8dc9b1cd6037bad70432a9b68083') in 0.0010439 seconds
Number of updated asset objects reloaded before import = 0Number of asset objects unloaded after import = 1

========================================================================
Received Import Request.
  Time since last request: 0.000023 seconds.
  path: Assets/Sprites/props1_1848.asset
  artifactKey: Guid(351e78c1f63533648a8f683062e0ec66) Importer(815301076,1909f56bfc062723c751e8b465ee728b)
Start importing Assets/Sprites/props1_1848.asset using Guid(351e78c1f63533648a8f683062e0ec66) Importer(815301076,1909f56bfc062723c751e8b465ee728b) (PreviewImporter) -> (artifact id: '747b79d26b764438dcd031a6eb461185') in 0.015209 seconds
Number of updated asset objects reloaded before import = 0Number of asset objects unloaded after import = 3

========================================================================
Received Import Request.
  Time since last request: 0.000032 seconds.
  path: Assets/Sprites/props1_379.asset
  artifactKey: Guid(67a03ccadbb64db478291788dc90be7e) Importer(815301076,1909f56bfc062723c751e8b465ee728b)
Start importing Assets/Sprites/props1_379.asset using Guid(67a03ccadbb64db478291788dc90be7e) Importer(815301076,1909f56bfc062723c751e8b465ee728b) (PreviewImporter) -> (artifact id: '9353929f03ef31d665e269808c13de56') in 0.0143288 seconds
Number of updated asset objects reloaded before import = 0Number of asset objects unloaded after import = 3

========================================================================
Received Import Request.
  Time since last request: 0.000025 seconds.
  path: Assets/UnitystoreAssets/Asset FTTGR/Palettes/Blocks/Bricks8.asset
  artifactKey: Guid(1028e1ab4b00fdc44b7ead48c5f4a7d6) Importer(815301076,1909f56bfc062723c751e8b465ee728b)
Start importing Assets/UnitystoreAssets/Asset FTTGR/Palettes/Blocks/Bricks8.asset using Guid(1028e1ab4b00fdc44b7ead48c5f4a7d6) Importer(815301076,1909f56bfc062723c751e8b465ee728b) (PreviewImporter) -> (artifact id: 'a2c2128411ca34200887a23a8df9b789') in 0.0109154 seconds
Number of updated asset objects reloaded before import = 0Number of asset objects unloaded after import = 3

========================================================================
Received Import Request.
  Time since last request: 0.000051 seconds.
  path: Assets/UnitystoreAssets/Cave Platformer Tileset/Individual PNG files/Tileset/bg_cave_greenish_16x32/bg_cave_greenish_16x32_tile_18.png
  artifactKey: Guid(65f361faa5c13064d82cc5ad9bab1035) Importer(815301076,1909f56bfc062723c751e8b465ee728b)
Start importing Assets/UnitystoreAssets/Cave Platformer Tileset/Individual PNG files/Tileset/bg_cave_greenish_16x32/bg_cave_greenish_16x32_tile_18.png using Guid(65f361faa5c13064d82cc5ad9bab1035) Importer(815301076,1909f56bfc062723c751e8b465ee728b) (PreviewImporter) -> (artifact id: '70bb713508459f10fc3c48c04d400f94') in 0.012464 seconds
Number of updated asset objects reloaded before import = 0Number of asset objects unloaded after import = 3

========================================================================
Received Import Request.
  Time since last request: 0.000020 seconds.
  path: Assets/Sprites/props1_688.asset
  artifactKey: Guid(9afccbc49a719194e9349ebb6e0792a7) Importer(815301076,1909f56bfc062723c751e8b465ee728b)
Start importing Assets/Sprites/props1_688.asset using Guid(9afccbc49a719194e9349ebb6e0792a7) Importer(815301076,1909f56bfc062723c751e8b465ee728b) (PreviewImporter) -> (artifact id: '340a0054f691caba37d3d765f2c8aba3') in 0.0135753 seconds
Number of updated asset objects reloaded before import = 0Number of asset objects unloaded after import = 3

========================================================================
Received Import Request.
  Time since last request: 0.000022 seconds.
  path: Assets/UnitystoreAssets/Cave Platformer Tileset/Individual PNG files/Tileset/objects_bigchest_animated/objects_bigchest_animated_12.png
  artifactKey: Guid(14876620d10336545bb4e0f80dbf91f4) Importer(815301076,1909f56bfc062723c751e8b465ee728b)
Start importing Assets/UnitystoreAssets/Cave Platformer Tileset/Individual PNG files/Tileset/objects_bigchest_animated/objects_bigchest_animated_12.png using Guid(14876620d10336545bb4e0f80dbf91f4) Importer(815301076,1909f56bfc062723c751e8b465ee728b) (PreviewImporter) -> (artifact id: 'f54e999846d2981003c775172b299d46') in 0.0118604 seconds
Number of updated asset objects reloaded before import = 0Number of asset objects unloaded after import = 3

========================================================================
Received Import Request.
  Time since last request: 0.000021 seconds.
  path: Assets/Sprites/props1_133.asset
  artifactKey: Guid(e6f1a70b581850041acc21b0ffd99a59) Importer(815301076,1909f56bfc062723c751e8b465ee728b)
Start importing Assets/Sprites/props1_133.asset using Guid(e6f1a70b581850041acc21b0ffd99a59) Importer(815301076,1909f56bfc062723c751e8b465ee728b) (PreviewImporter) -> (artifact id: '295556037ca26e03f9be57c71154987f') in 0.0135105 seconds
Number of updated asset objects reloaded before import = 0Number of asset objects unloaded after import = 3

========================================================================
Received Import Request.
  Time since last request: 0.000022 seconds.
  path: Assets/Sprites/props1_681.asset
  artifactKey: Guid(f267ed41d65ac424d9019b2cda167c72) Importer(815301076,1909f56bfc062723c751e8b465ee728b)
Start importing Assets/Sprites/props1_681.asset using Guid(f267ed41d65ac424d9019b2cda167c72) Importer(815301076,1909f56bfc062723c751e8b465ee728b) (PreviewImporter) -> (artifact id: 'ab9cccc0a65fff4df3be8ac761421e50') in 0.0146653 seconds
Number of updated asset objects reloaded before import = 0Number of asset objects unloaded after import = 3

========================================================================
Received Import Request.
  Time since last request: 0.000024 seconds.
  path: Assets/Sprites/props1_580.asset
  artifactKey: Guid(d06bd69bc819b6047a1216842162f11e) Importer(815301076,1909f56bfc062723c751e8b465ee728b)
Start importing Assets/Sprites/props1_580.asset using Guid(d06bd69bc819b6047a1216842162f11e) Importer(815301076,1909f56bfc062723c751e8b465ee728b) (PreviewImporter) -> (artifact id: '71532fcbed1e682cf7de16bbb7dd2bf4') in 0.0162374 seconds
Number of updated asset objects reloaded before import = 0Number of asset objects unloaded after import = 3

========================================================================
Received Import Request.
  Time since last request: 0.000030 seconds.
  path: Assets/Sprites/props1_1386.asset
  artifactKey: Guid(d813e82ba38b8ad4d874d845690beffa) Importer(815301076,1909f56bfc062723c751e8b465ee728b)
Start importing Assets/Sprites/props1_1386.asset using Guid(d813e82ba38b8ad4d874d845690beffa) Importer(815301076,1909f56bfc062723c751e8b465ee728b) (PreviewImporter) -> (artifact id: 'e3f1da23e71f7558bd22f902b90e5132') in 0.0133778 seconds
Number of updated asset objects reloaded before import = 0Number of asset objects unloaded after import = 3

========================================================================
Received Import Request.
  Time since last request: 0.000022 seconds.
  path: Assets/Sprites/props1_814.asset
  artifactKey: Guid(df72c2fc08b7efd49baed94a92250cc9) Importer(815301076,1909f56bfc062723c751e8b465ee728b)
Start importing Assets/Sprites/props1_814.asset using Guid(df72c2fc08b7efd49baed94a92250cc9) Importer(815301076,1909f56bfc062723c751e8b465ee728b) (PreviewImporter) -> (artifact id: '42462eb63aa5264969a2a46e100979aa') in 0.0139587 seconds
Number of updated asset objects reloaded before import = 0Number of asset objects unloaded after import = 3

========================================================================
Received Import Request.
  Time since last request: 0.000022 seconds.
  path: Assets/Sprites/props1_1330.asset
  artifactKey: Guid(b6592162a73f65049a1d89c618560c9f) Importer(815301076,1909f56bfc062723c751e8b465ee728b)
Start importing Assets/Sprites/props1_1330.asset using Guid(b6592162a73f65049a1d89c618560c9f) Importer(815301076,1909f56bfc062723c751e8b465ee728b) (PreviewImporter) -> (artifact id: '42fc36bc2e3466436d8e0aaa5ae41a9d') in 0.0131764 seconds
Number of updated asset objects reloaded before import = 0Number of asset objects unloaded after import = 3

========================================================================
Received Import Request.
  Time since last request: 0.000025 seconds.
  path: Assets/UnitystoreAssets/Cave Platformer Tileset/Individual PNG files/Tileset/trees-trunk-dark/trees-trunk-dark-22.png
  artifactKey: Guid(71b96ed3c42ad3343bb468d471539f28) Importer(815301076,1909f56bfc062723c751e8b465ee728b)
Start importing Assets/UnitystoreAssets/Cave Platformer Tileset/Individual PNG files/Tileset/trees-trunk-dark/trees-trunk-dark-22.png using Guid(71b96ed3c42ad3343bb468d471539f28) Importer(815301076,1909f56bfc062723c751e8b465ee728b) (PreviewImporter) -> (artifact id: '3f7d75871ace630ef5fba6741ef3b78a') in 0.0123881 seconds
Number of updated asset objects reloaded before import = 0Number of asset objects unloaded after import = 3

========================================================================
Received Import Request.
  Time since last request: 0.000021 seconds.
  path: Assets/UnitystoreAssets/Cave Platformer Tileset/Individual PNG files/Tileset/objects_misc_animated/object_misc_animated_51.png
  artifactKey: Guid(82839f6a2e3caef4688051b25d6753cf) Importer(815301076,1909f56bfc062723c751e8b465ee728b)
Start importing Assets/UnitystoreAssets/Cave Platformer Tileset/Individual PNG files/Tileset/objects_misc_animated/object_misc_animated_51.png using Guid(82839f6a2e3caef4688051b25d6753cf) Importer(815301076,1909f56bfc062723c751e8b465ee728b) (PreviewImporter) -> (artifact id: '7135b77baa183148e43f697cbcaff9fd') in 0.0119995 seconds
Number of updated asset objects reloaded before import = 0Number of asset objects unloaded after import = 3

========================================================================
Received Import Request.
  Time since last request: 0.000021 seconds.
  path: Assets/UnitystoreAssets/Cainos/Pixel Art Platformer - Village Props/Tileset Palette/TP Ground/TX Tileset Ground_129.asset
  artifactKey: Guid(e1c286eb85795ea4bb28552652a6337e) Importer(815301076,1909f56bfc062723c751e8b465ee728b)
Start importing Assets/UnitystoreAssets/Cainos/Pixel Art Platformer - Village Props/Tileset Palette/TP Ground/TX Tileset Ground_129.asset using Guid(e1c286eb85795ea4bb28552652a6337e) Importer(815301076,1909f56bfc062723c751e8b465ee728b) (PreviewImporter) -> (artifact id: 'd9e9728e8687279aab9fb9e721eb1e3b') in 0.0111803 seconds
Number of updated asset objects reloaded before import = 0Number of asset objects unloaded after import = 3

========================================================================
Received Import Request.
  Time since last request: 0.000027 seconds.
  path: Assets/UnitystoreAssets/Cave Platformer Tileset/Individual PNG files/Tileset/trees-trunk-grey/trees-trunk-grey-40.png
  artifactKey: Guid(4de2ac8b00fe69b468dd13b0f3929677) Importer(815301076,1909f56bfc062723c751e8b465ee728b)
Start importing Assets/UnitystoreAssets/Cave Platformer Tileset/Individual PNG files/Tileset/trees-trunk-grey/trees-trunk-grey-40.png using Guid(4de2ac8b00fe69b468dd13b0f3929677) Importer(815301076,1909f56bfc062723c751e8b465ee728b) (PreviewImporter) -> (artifact id: '1f824fa58069228b5223829d78c8db37') in 0.0122522 seconds
Number of updated asset objects reloaded before import = 0Number of asset objects unloaded after import = 3

========================================================================
Received Import Request.
  Time since last request: 0.000029 seconds.
  path: Assets/karsiori/TileMap/Material
  artifactKey: Guid(a7b2b8e7d0ef390448020c207c7d666c) Importer(815301076,1909f56bfc062723c751e8b465ee728b)
Start importing Assets/karsiori/TileMap/Material using Guid(a7b2b8e7d0ef390448020c207c7d666c) Importer(815301076,1909f56bfc062723c751e8b465ee728b) (PreviewImporter) -> (artifact id: '586b2a7fd460e8ec6869a69bb5d4d77c') in 0.000506 seconds
Number of updated asset objects reloaded before import = 0Number of asset objects unloaded after import = 0

========================================================================
Received Import Request.
  Time since last request: 0.000022 seconds.
  path: Assets/UnitystoreAssets/Cave Platformer Tileset/Individual PNG files/Tileset/cave_tileset/main_tiles_16x16_17.png
  artifactKey: Guid(f32b50527bda4f341b8b81ca5747bccf) Importer(815301076,1909f56bfc062723c751e8b465ee728b)
Start importing Assets/UnitystoreAssets/Cave Platformer Tileset/Individual PNG files/Tileset/cave_tileset/main_tiles_16x16_17.png using Guid(f32b50527bda4f341b8b81ca5747bccf) Importer(815301076,1909f56bfc062723c751e8b465ee728b) (PreviewImporter) -> (artifact id: 'd6cfbe7fe96af0b352b6fd564608927c') in 0.0119904 seconds
Number of updated asset objects reloaded before import = 0Number of asset objects unloaded after import = 3

========================================================================
Received Import Request.
  Time since last request: 0.000021 seconds.
  path: Assets/Sprites/props1_1255.asset
  artifactKey: Guid(1070c9b75a336fb4a8227e8dc00893ac) Importer(815301076,1909f56bfc062723c751e8b465ee728b)
Start importing Assets/Sprites/props1_1255.asset using Guid(1070c9b75a336fb4a8227e8dc00893ac) Importer(815301076,1909f56bfc062723c751e8b465ee728b) (PreviewImporter) -> (artifact id: '90f352683637318a10dc88e07b5dd2c4') in 0.0141914 seconds
Number of updated asset objects reloaded before import = 0Number of asset objects unloaded after import = 3

========================================================================
Received Import Request.
  Time since last request: 0.000022 seconds.
  path: Assets/Sprites/mainlev_build_485.asset
  artifactKey: Guid(bfad81f096909144794325a98870d785) Importer(815301076,1909f56bfc062723c751e8b465ee728b)
Start importing Assets/Sprites/mainlev_build_485.asset using Guid(bfad81f096909144794325a98870d785) Importer(815301076,1909f56bfc062723c751e8b465ee728b) (PreviewImporter) -> (artifact id: '4f3c445a933c5eb888a566b3dea2dcc9') in 0.0129897 seconds
Number of updated asset objects reloaded before import = 0Number of asset objects unloaded after import = 3

========================================================================
Received Import Request.
  Time since last request: 0.000023 seconds.
  path: Assets/Sprites/props1_36.asset
  artifactKey: Guid(532c7472fb2dc9940991e71ec573400b) Importer(815301076,1909f56bfc062723c751e8b465ee728b)
Start importing Assets/Sprites/props1_36.asset using Guid(532c7472fb2dc9940991e71ec573400b) Importer(815301076,1909f56bfc062723c751e8b465ee728b) (PreviewImporter) -> (artifact id: 'b4f4e2df405b0e99c1ea9499ef4ccd1a') in 0.0152202 seconds
Number of updated asset objects reloaded before import = 0Number of asset objects unloaded after import = 3

========================================================================
Received Import Request.
  Time since last request: 0.000022 seconds.
  path: Assets/UnitystoreAssets/2D Pixel Art Platformer Biome - American Forest/Tilemap/TileGround15.asset
  artifactKey: Guid(d195d91c69c79394e962597873b6825c) Importer(815301076,1909f56bfc062723c751e8b465ee728b)
Start importing Assets/UnitystoreAssets/2D Pixel Art Platformer Biome - American Forest/Tilemap/TileGround15.asset using Guid(d195d91c69c79394e962597873b6825c) Importer(815301076,1909f56bfc062723c751e8b465ee728b) (PreviewImporter) -> (artifact id: '4fa8811f0f14dfcbda3e9d6bf62fe2a5') in 0.0135371 seconds
Number of updated asset objects reloaded before import = 0Number of asset objects unloaded after import = 92

========================================================================
Received Import Request.
  Time since last request: 0.000021 seconds.
  path: Assets/Sprites/props1_1537.asset
  artifactKey: Guid(7d5b21f12abbc8a47adff3bb421bd993) Importer(815301076,1909f56bfc062723c751e8b465ee728b)
Start importing Assets/Sprites/props1_1537.asset using Guid(7d5b21f12abbc8a47adff3bb421bd993) Importer(815301076,1909f56bfc062723c751e8b465ee728b) (PreviewImporter) -> (artifact id: '5035f18f225e49b2f65ca5fd4fb893b9') in 0.0142069 seconds
Number of updated asset objects reloaded before import = 0Number of asset objects unloaded after import = 3

========================================================================
Received Import Request.
  Time since last request: 0.000025 seconds.
  path: Assets/Sprites/props1_195.asset
  artifactKey: Guid(b8203390bc63d4641b0689e38917edfc) Importer(815301076,1909f56bfc062723c751e8b465ee728b)
Start importing Assets/Sprites/props1_195.asset using Guid(b8203390bc63d4641b0689e38917edfc) Importer(815301076,1909f56bfc062723c751e8b465ee728b) (PreviewImporter) -> (artifact id: '2944e837d58edd112ac4afebd7fd5e01') in 0.0149093 seconds
Number of updated asset objects reloaded before import = 0Number of asset objects unloaded after import = 3

========================================================================
Received Import Request.
  Time since last request: 0.000031 seconds.
  path: Assets/Sprites/props1_652.asset
  artifactKey: Guid(be428a5f18350864eb51110c5546a772) Importer(815301076,1909f56bfc062723c751e8b465ee728b)
Start importing Assets/Sprites/props1_652.asset using Guid(be428a5f18350864eb51110c5546a772) Importer(815301076,1909f56bfc062723c751e8b465ee728b) (PreviewImporter) -> (artifact id: 'c3f861b8fb924f1271633cb23ad6753d') in 0.0149268 seconds
Number of updated asset objects reloaded before import = 0Number of asset objects unloaded after import = 3

========================================================================
Received Import Request.
  Time since last request: 0.000026 seconds.
  path: Assets/Sprites/props1_142.asset
  artifactKey: Guid(d51a1e413c3f1d24da7bfca7e228adc3) Importer(815301076,1909f56bfc062723c751e8b465ee728b)
Start importing Assets/Sprites/props1_142.asset using Guid(d51a1e413c3f1d24da7bfca7e228adc3) Importer(815301076,1909f56bfc062723c751e8b465ee728b) (PreviewImporter) -> (artifact id: 'decb3a09c6962dc5440abf55d2bee177') in 0.014254 seconds
Number of updated asset objects reloaded before import = 0Number of asset objects unloaded after import = 3

========================================================================
Received Import Request.
  Time since last request: 0.024057 seconds.
  path: Assets/Sprites/props1_524.asset
  artifactKey: Guid(a7c1c65444ac36d47b260b838d9f959d) Importer(815301076,1909f56bfc062723c751e8b465ee728b)
Start importing Assets/Sprites/props1_524.asset using Guid(a7c1c65444ac36d47b260b838d9f959d) Importer(815301076,1909f56bfc062723c751e8b465ee728b) (PreviewImporter) -> (artifact id: '6ee9cb829683a63c9d12ed19ce45cad7') in 0.019821 seconds
Number of updated asset objects reloaded before import = 0Number of asset objects unloaded after import = 3

========================================================================
Received Import Request.
  Time since last request: 0.054932 seconds.
  path: Assets/UnitystoreAssets/Cave Platformer Tileset/Individual PNG files/Tileset/bg_cave_greenish_16x32/bg_cave_greenish_16x32_tile_10.png
  artifactKey: Guid(e2fd8889f6acb774180529d7b1e0ea50) Importer(815301076,1909f56bfc062723c751e8b465ee728b)
Start importing Assets/UnitystoreAssets/Cave Platformer Tileset/Individual PNG files/Tileset/bg_cave_greenish_16x32/bg_cave_greenish_16x32_tile_10.png using Guid(e2fd8889f6acb774180529d7b1e0ea50) Importer(815301076,1909f56bfc062723c751e8b465ee728b) (PreviewImporter) -> (artifact id: '581357d0fda8ace930696cc8079cc132') in 0.0280057 seconds
Number of updated asset objects reloaded before import = 0Number of asset objects unloaded after import = 3

========================================================================
Received Import Request.
  Time since last request: 0.000033 seconds.
  path: Assets/Sprites/props1_709.asset
  artifactKey: Guid(d6cc184e70662fe47a8a3facdb1610b6) Importer(815301076,1909f56bfc062723c751e8b465ee728b)
Start importing Assets/Sprites/props1_709.asset using Guid(d6cc184e70662fe47a8a3facdb1610b6) Importer(815301076,1909f56bfc062723c751e8b465ee728b) (PreviewImporter) -> (artifact id: '3788e08c27732499b5fc534f6b901cd8') in 0.05855 seconds
Number of updated asset objects reloaded before import = 0Number of asset objects unloaded after import = 3

========================================================================
Received Import Request.
  Time since last request: 0.000027 seconds.
  path: Assets/UnitystoreAssets/Cave Platformer Tileset/Individual PNG files/Monster/scorpion-gold/scorpion-gold-1.png
  artifactKey: Guid(213201dbe97b3fb4ca836f526defe32d) Importer(815301076,1909f56bfc062723c751e8b465ee728b)
Start importing Assets/UnitystoreAssets/Cave Platformer Tileset/Individual PNG files/Monster/scorpion-gold/scorpion-gold-1.png using Guid(213201dbe97b3fb4ca836f526defe32d) Importer(815301076,1909f56bfc062723c751e8b465ee728b) (PreviewImporter) -> (artifact id: 'b37717e05c6825e421aeff97b99d6155') in 0.0161253 seconds
Number of updated asset objects reloaded before import = 0Number of asset objects unloaded after import = 3

========================================================================
Received Import Request.
  Time since last request: 0.035932 seconds.
  path: Assets/Sprites/mainlev_build_808.asset
  artifactKey: Guid(f13fe4538d764f54995d378d2bede073) Importer(815301076,1909f56bfc062723c751e8b465ee728b)
Start importing Assets/Sprites/mainlev_build_808.asset using Guid(f13fe4538d764f54995d378d2bede073) Importer(815301076,1909f56bfc062723c751e8b465ee728b) (PreviewImporter) -> (artifact id: 'c847bbc2cfda40344177667c963d51de') in 0.0069806 seconds
Number of updated asset objects reloaded before import = 0Number of asset objects unloaded after import = 3

========================================================================
Received Import Request.
  Time since last request: 0.000021 seconds.
  path: Assets/Sprites/mainlev_build_719.asset
  artifactKey: Guid(971fd058e8c60ab4482c15c91df92676) Importer(815301076,1909f56bfc062723c751e8b465ee728b)
Start importing Assets/Sprites/mainlev_build_719.asset using Guid(971fd058e8c60ab4482c15c91df92676) Importer(815301076,1909f56bfc062723c751e8b465ee728b) (PreviewImporter) -> (artifact id: '146da8628864c9ed1acbfe2d67e6caf9') in 0.0247612 seconds
Number of updated asset objects reloaded before import = 0Number of asset objects unloaded after import = 3

========================================================================
Received Import Request.
  Time since last request: 0.029399 seconds.
  path: Assets/Sprites/props1_240.asset
  artifactKey: Guid(d2986e793b4ba7c4daa90eb1e9e956bf) Importer(815301076,1909f56bfc062723c751e8b465ee728b)
Start importing Assets/Sprites/props1_240.asset using Guid(d2986e793b4ba7c4daa90eb1e9e956bf) Importer(815301076,1909f56bfc062723c751e8b465ee728b) (PreviewImporter) -> (artifact id: '0906dcb5427f4dedad8098f0af07a86b') in 0.0142187 seconds
Number of updated asset objects reloaded before import = 0Number of asset objects unloaded after import = 3

========================================================================
Received Import Request.
  Time since last request: 0.134198 seconds.
  path: Assets/Sprites/mainlev_build_863.asset
  artifactKey: Guid(e162052f572c6c246a07867cd8005e0c) Importer(815301076,1909f56bfc062723c751e8b465ee728b)
Start importing Assets/Sprites/mainlev_build_863.asset using Guid(e162052f572c6c246a07867cd8005e0c) Importer(815301076,1909f56bfc062723c751e8b465ee728b) (PreviewImporter) -> (artifact id: '376726e1421ddb2ab109b654ba4f0b17') in 0.0138245 seconds
Number of updated asset objects reloaded before import = 0Number of asset objects unloaded after import = 3

========================================================================
Received Import Request.
  Time since last request: 0.096723 seconds.
  path: Assets/Sprites/mainlev_build_902.asset
  artifactKey: Guid(3293224537625344e87ceb3d3a78db43) Importer(815301076,1909f56bfc062723c751e8b465ee728b)
Start importing Assets/Sprites/mainlev_build_902.asset using Guid(3293224537625344e87ceb3d3a78db43) Importer(815301076,1909f56bfc062723c751e8b465ee728b) (PreviewImporter) -> (artifact id: '3c0f1db1706aae426529b991e4356ec9') in 0.0148795 seconds
Number of updated asset objects reloaded before import = 0Number of asset objects unloaded after import = 3

========================================================================
Received Import Request.
  Time since last request: 0.000023 seconds.
  path: Assets/Sprites/props1_779.asset
  artifactKey: Guid(40e67a2f1a7af3547aa263d8e93d297e) Importer(815301076,1909f56bfc062723c751e8b465ee728b)
Start importing Assets/Sprites/props1_779.asset using Guid(40e67a2f1a7af3547aa263d8e93d297e) Importer(815301076,1909f56bfc062723c751e8b465ee728b) (PreviewImporter) -> (artifact id: 'cb206ccdbf55a98309c588721c777d9e') in 0.0141019 seconds
Number of updated asset objects reloaded before import = 0Number of asset objects unloaded after import = 3

========================================================================
Received Import Request.
  Time since last request: 0.017013 seconds.
  path: Assets/Sprites/props1_439.asset
  artifactKey: Guid(c288d39d418e67246975ae36b0c9811e) Importer(815301076,1909f56bfc062723c751e8b465ee728b)
Start importing Assets/Sprites/props1_439.asset using Guid(c288d39d418e67246975ae36b0c9811e) Importer(815301076,1909f56bfc062723c751e8b465ee728b) (PreviewImporter) -> (artifact id: 'f6fec8a33665022f3c8bbf590adb438b') in 0.0159611 seconds
Number of updated asset objects reloaded before import = 0Number of asset objects unloaded after import = 3

========================================================================
Received Import Request.
  Time since last request: 0.000021 seconds.
  path: Assets/UnitystoreAssets/Cave Platformer Tileset/Individual PNG files/Tileset/bg_cave_blueish_16x32/bg_cave_blueish_16x32_tile_01.png
  artifactKey: Guid(27132f1495450814da08717e563ccd09) Importer(815301076,1909f56bfc062723c751e8b465ee728b)
Start importing Assets/UnitystoreAssets/Cave Platformer Tileset/Individual PNG files/Tileset/bg_cave_blueish_16x32/bg_cave_blueish_16x32_tile_01.png using Guid(27132f1495450814da08717e563ccd09) Importer(815301076,1909f56bfc062723c751e8b465ee728b) (PreviewImporter) -> (artifact id: '5293872b35e50d2dd508a9af08989c15') in 0.0151308 seconds
Number of updated asset objects reloaded before import = 0Number of asset objects unloaded after import = 3

========================================================================
Received Import Request.
  Time since last request: 0.000025 seconds.
  path: Assets/Sprites/props1_806.asset
  artifactKey: Guid(44d2a8064c21b9e4dbb6ac76554aedbe) Importer(815301076,1909f56bfc062723c751e8b465ee728b)
Start importing Assets/Sprites/props1_806.asset using Guid(44d2a8064c21b9e4dbb6ac76554aedbe) Importer(815301076,1909f56bfc062723c751e8b465ee728b) (PreviewImporter) -> (artifact id: '8610f3b3944c24e950bdfe64db5c30cb') in 0.0144838 seconds
Number of updated asset objects reloaded before import = 0Number of asset objects unloaded after import = 3

========================================================================
Received Import Request.
  Time since last request: 0.000027 seconds.
  path: Assets/UnitystoreAssets/Cave Platformer Tileset/Individual PNG files/Tileset/bg_cave_greenish_16x32/bg_cave_greenish_16x32_tile_24.png
  artifactKey: Guid(bea4697b04f4527498bc037ea9da7280) Importer(815301076,1909f56bfc062723c751e8b465ee728b)
Start importing Assets/UnitystoreAssets/Cave Platformer Tileset/Individual PNG files/Tileset/bg_cave_greenish_16x32/bg_cave_greenish_16x32_tile_24.png using Guid(bea4697b04f4527498bc037ea9da7280) Importer(815301076,1909f56bfc062723c751e8b465ee728b) (PreviewImporter) -> (artifact id: '5bceebe3eb3d0946ab42371b68c9fa5d') in 0.0163679 seconds
Number of updated asset objects reloaded before import = 0Number of asset objects unloaded after import = 3

========================================================================
Received Import Request.
  Time since last request: 0.000021 seconds.
  path: Assets/UnitystoreAssets/Cave Platformer Tileset/Individual PNG files/Tileset/trees-trunk-white/trees-trunk-white-48.png
  artifactKey: Guid(d73fcb00d39c40946957ab17050bd71e) Importer(815301076,1909f56bfc062723c751e8b465ee728b)
Start importing Assets/UnitystoreAssets/Cave Platformer Tileset/Individual PNG files/Tileset/trees-trunk-white/trees-trunk-white-48.png using Guid(d73fcb00d39c40946957ab17050bd71e) Importer(815301076,1909f56bfc062723c751e8b465ee728b) (PreviewImporter) -> (artifact id: 'a0a2e938565d5c922f00a0fbb48ce394') in 0.0177077 seconds
Number of updated asset objects reloaded before import = 0Number of asset objects unloaded after import = 3

========================================================================
Received Import Request.
  Time since last request: 0.000021 seconds.
  path: Assets/UnitystoreAssets/Cave Platformer Tileset/Individual PNG files/Tileset/trees-trunk-dark/trees-trunk-dark-23.png
  artifactKey: Guid(0fbba13e254325245996c32fa4184539) Importer(815301076,1909f56bfc062723c751e8b465ee728b)
Start importing Assets/UnitystoreAssets/Cave Platformer Tileset/Individual PNG files/Tileset/trees-trunk-dark/trees-trunk-dark-23.png using Guid(0fbba13e254325245996c32fa4184539) Importer(815301076,1909f56bfc062723c751e8b465ee728b) (PreviewImporter) -> (artifact id: '5d7bec30068520098df214c4b3b27765') in 0.0238641 seconds
Number of updated asset objects reloaded before import = 0Number of asset objects unloaded after import = 3

========================================================================
Received Import Request.
  Time since last request: 0.000021 seconds.
  path: Assets/Sprites/mainlev_build_427.asset
  artifactKey: Guid(e3829ed3aaf3bc749aac40b7f2943f07) Importer(815301076,1909f56bfc062723c751e8b465ee728b)
Start importing Assets/Sprites/mainlev_build_427.asset using Guid(e3829ed3aaf3bc749aac40b7f2943f07) Importer(815301076,1909f56bfc062723c751e8b465ee728b) (PreviewImporter) -> (artifact id: 'd705df0dbf40af549b181a88c9688bc2') in 0.0125384 seconds
Number of updated asset objects reloaded before import = 0Number of asset objects unloaded after import = 3

========================================================================
Received Import Request.
  Time since last request: 0.000019 seconds.
  path: Assets/Sprites/mainlev_build_318.asset
  artifactKey: Guid(9c915e0e5a99ea546a396cb1432430d7) Importer(815301076,1909f56bfc062723c751e8b465ee728b)
Start importing Assets/Sprites/mainlev_build_318.asset using Guid(9c915e0e5a99ea546a396cb1432430d7) Importer(815301076,1909f56bfc062723c751e8b465ee728b) (PreviewImporter) -> (artifact id: '32c5d53d321a5a108e377f6740d05708') in 0.0129986 seconds
Number of updated asset objects reloaded before import = 0Number of asset objects unloaded after import = 3

========================================================================
Received Import Request.
  Time since last request: 0.000024 seconds.
  path: Assets/Sprites/props1_1340.asset
  artifactKey: Guid(ecdc1450c59009745bebacc61f38c4b5) Importer(815301076,1909f56bfc062723c751e8b465ee728b)
Start importing Assets/Sprites/props1_1340.asset using Guid(ecdc1450c59009745bebacc61f38c4b5) Importer(815301076,1909f56bfc062723c751e8b465ee728b) (PreviewImporter) -> (artifact id: 'f21a9ed3863c5c49b3e6464a428f9cbd') in 0.0141605 seconds
Number of updated asset objects reloaded before import = 0Number of asset objects unloaded after import = 3

========================================================================
Received Import Request.
  Time since last request: 0.000021 seconds.
  path: Assets/karsiori/TileMap/Decorations/MUSHROOM 2-1.png
  artifactKey: Guid(bf1ec6d0f702cf64aa0dcef1dde074e1) Importer(815301076,1909f56bfc062723c751e8b465ee728b)
Start importing Assets/karsiori/TileMap/Decorations/MUSHROOM 2-1.png using Guid(bf1ec6d0f702cf64aa0dcef1dde074e1) Importer(815301076,1909f56bfc062723c751e8b465ee728b) (PreviewImporter) -> (artifact id: '027ea425d2f718d57312f57de96ed063') in 0.0157895 seconds
Number of updated asset objects reloaded before import = 0Number of asset objects unloaded after import = 3

========================================================================
Received Import Request.
  Time since last request: 0.000030 seconds.
  path: Assets/Sprites/props1_1635.asset
  artifactKey: Guid(f11285ae428168f4fab3d083250cbf48) Importer(815301076,1909f56bfc062723c751e8b465ee728b)
Start importing Assets/Sprites/props1_1635.asset using Guid(f11285ae428168f4fab3d083250cbf48) Importer(815301076,1909f56bfc062723c751e8b465ee728b) (PreviewImporter) -> (artifact id: 'a0f2347118131ebff8d4f921ad98097e') in 0.0141167 seconds
Number of updated asset objects reloaded before import = 0Number of asset objects unloaded after import = 3

========================================================================
Received Import Request.
  Time since last request: 0.000020 seconds.
  path: Assets/Sprites/props1_1449.asset
  artifactKey: Guid(20d0acf70de544144b8811780f538e3b) Importer(815301076,1909f56bfc062723c751e8b465ee728b)
Start importing Assets/Sprites/props1_1449.asset using Guid(20d0acf70de544144b8811780f538e3b) Importer(815301076,1909f56bfc062723c751e8b465ee728b) (PreviewImporter) -> (artifact id: '92a236c37e28cd0719a926a5845d55b7') in 0.0159211 seconds
Number of updated asset objects reloaded before import = 0Number of asset objects unloaded after import = 3

========================================================================
Received Import Request.
  Time since last request: 0.000021 seconds.
  path: Assets/Sprites/props1_72.asset
  artifactKey: Guid(af7f0eb5adf6ee94484fc216ca2e6e60) Importer(815301076,1909f56bfc062723c751e8b465ee728b)
Start importing Assets/Sprites/props1_72.asset using Guid(af7f0eb5adf6ee94484fc216ca2e6e60) Importer(815301076,1909f56bfc062723c751e8b465ee728b) (PreviewImporter) -> (artifact id: '8fc1fac33337b1f185b4fbfcd4619533') in 0.0139612 seconds
Number of updated asset objects reloaded before import = 0Number of asset objects unloaded after import = 3

========================================================================
Received Import Request.
  Time since last request: 0.000020 seconds.
  path: Assets/Sprites/mainlev_build_559.asset
  artifactKey: Guid(b35b9bd796c35504a9df3941caaa9c43) Importer(815301076,1909f56bfc062723c751e8b465ee728b)
Start importing Assets/Sprites/mainlev_build_559.asset using Guid(b35b9bd796c35504a9df3941caaa9c43) Importer(815301076,1909f56bfc062723c751e8b465ee728b) (PreviewImporter) -> (artifact id: '8d857d4f17b850c140f7d98d2db636d4') in 0.0121822 seconds
Number of updated asset objects reloaded before import = 0Number of asset objects unloaded after import = 3

========================================================================
Received Import Request.
  Time since last request: 0.000023 seconds.
  path: Assets/Sprites/props1_1542.asset
  artifactKey: Guid(cb3efc1ff88784a4285ad9399dbb7875) Importer(815301076,1909f56bfc062723c751e8b465ee728b)
Start importing Assets/Sprites/props1_1542.asset using Guid(cb3efc1ff88784a4285ad9399dbb7875) Importer(815301076,1909f56bfc062723c751e8b465ee728b) (PreviewImporter) -> (artifact id: 'b968cc32c2b7007e81bc202200fccc54') in 0.0138451 seconds
Number of updated asset objects reloaded before import = 0Number of asset objects unloaded after import = 3

========================================================================
Received Import Request.
  Time since last request: 0.000021 seconds.
  path: Assets/UnitystoreAssets/Cave Platformer Tileset/Individual PNG files/Monster/scorpion-red/scorpion-red-14.png
  artifactKey: Guid(3f03beba1a93d9e4abf960ae09b1d3d5) Importer(815301076,1909f56bfc062723c751e8b465ee728b)
Start importing Assets/UnitystoreAssets/Cave Platformer Tileset/Individual PNG files/Monster/scorpion-red/scorpion-red-14.png using Guid(3f03beba1a93d9e4abf960ae09b1d3d5) Importer(815301076,1909f56bfc062723c751e8b465ee728b) (PreviewImporter) -> (artifact id: '819353d1c1961cfce0227f1514f8230d') in 0.0130577 seconds
Number of updated asset objects reloaded before import = 0Number of asset objects unloaded after import = 3

========================================================================
Received Import Request.
  Time since last request: 0.000024 seconds.
  path: Assets/Sprites/props1_1919.asset
  artifactKey: Guid(d9aba8247ffcf3e4cbe37977a8086faa) Importer(815301076,1909f56bfc062723c751e8b465ee728b)
Start importing Assets/Sprites/props1_1919.asset using Guid(d9aba8247ffcf3e4cbe37977a8086faa) Importer(815301076,1909f56bfc062723c751e8b465ee728b) (PreviewImporter) -> (artifact id: 'cf729b79f2e13762ff8278fc8e0cb259') in 0.0141386 seconds
Number of updated asset objects reloaded before import = 0Number of asset objects unloaded after import = 3

========================================================================
Received Import Request.
  Time since last request: 0.000034 seconds.
  path: Assets/UnitystoreAssets/Cave Platformer Tileset/Individual PNG files/Monster/scorpion-red/scorpion-red-2.png
  artifactKey: Guid(761034e73e8132843bdd998b8c5075d5) Importer(815301076,1909f56bfc062723c751e8b465ee728b)
Start importing Assets/UnitystoreAssets/Cave Platformer Tileset/Individual PNG files/Monster/scorpion-red/scorpion-red-2.png using Guid(761034e73e8132843bdd998b8c5075d5) Importer(815301076,1909f56bfc062723c751e8b465ee728b) (PreviewImporter) -> (artifact id: '7c8960bba8ed39a076cf12b1df8cbd97') in 0.0233116 seconds
Number of updated asset objects reloaded before import = 0Number of asset objects unloaded after import = 3

========================================================================
Received Import Request.
  Time since last request: 0.000021 seconds.
  path: Assets/Sprites/props1_1939.asset
  artifactKey: Guid(3188b6376b918d0478403efe8f1066dc) Importer(815301076,1909f56bfc062723c751e8b465ee728b)
Start importing Assets/Sprites/props1_1939.asset using Guid(3188b6376b918d0478403efe8f1066dc) Importer(815301076,1909f56bfc062723c751e8b465ee728b) (PreviewImporter) -> (artifact id: '87ce9f562ae3b5d5f8bd550e66e31a8b') in 0.0141292 seconds
Number of updated asset objects reloaded before import = 0Number of asset objects unloaded after import = 3

========================================================================
Received Import Request.
  Time since last request: 0.000022 seconds.
  path: Assets/UnitystoreAssets/Cainos/Pixel Art Platformer - Village Props/Tileset Palette/TP Ground/TX Tileset Ground_0.asset
  artifactKey: Guid(9c5983ebc89f8aa4a9de8dbb31c0e7c1) Importer(815301076,1909f56bfc062723c751e8b465ee728b)
Start importing Assets/UnitystoreAssets/Cainos/Pixel Art Platformer - Village Props/Tileset Palette/TP Ground/TX Tileset Ground_0.asset using Guid(9c5983ebc89f8aa4a9de8dbb31c0e7c1) Importer(815301076,1909f56bfc062723c751e8b465ee728b) (PreviewImporter) -> (artifact id: '9d6c84cb58c06209e199f27649bbedad') in 0.0108456 seconds
Number of updated asset objects reloaded before import = 0Number of asset objects unloaded after import = 3

========================================================================
Received Import Request.
  Time since last request: 0.000022 seconds.
  path: Assets/Sprites/mainlev_build_781.asset
  artifactKey: Guid(848ace5f0f7535d4a804b428399fa501) Importer(815301076,1909f56bfc062723c751e8b465ee728b)
Start importing Assets/Sprites/mainlev_build_781.asset using Guid(848ace5f0f7535d4a804b428399fa501) Importer(815301076,1909f56bfc062723c751e8b465ee728b) (PreviewImporter) -> (artifact id: 'd5561d9b118753187f762cb5ca328436') in 0.013051 seconds
Number of updated asset objects reloaded before import = 0Number of asset objects unloaded after import = 3

========================================================================
Received Import Request.
  Time since last request: 0.000022 seconds.
  path: Assets/UnitystoreAssets/Cave Platformer Tileset/Individual PNG files/Tileset/trees-trunk-lightbrown/trees-trunk-lightbrown-15.png
  artifactKey: Guid(4597ab7c7cf8a0443bfc3d4cf5f70078) Importer(815301076,1909f56bfc062723c751e8b465ee728b)
Start importing Assets/UnitystoreAssets/Cave Platformer Tileset/Individual PNG files/Tileset/trees-trunk-lightbrown/trees-trunk-lightbrown-15.png using Guid(4597ab7c7cf8a0443bfc3d4cf5f70078) Importer(815301076,1909f56bfc062723c751e8b465ee728b) (PreviewImporter) -> (artifact id: 'bdcb09aad4986be7a5d681722e78f265') in 0.01257 seconds
Number of updated asset objects reloaded before import = 0Number of asset objects unloaded after import = 3

========================================================================
Received Import Request.
  Time since last request: 0.000021 seconds.
  path: Assets/Sprites/mainlev_build_887.asset
  artifactKey: Guid(a4a000902bacd9c44a1eda1bfedd66c5) Importer(815301076,1909f56bfc062723c751e8b465ee728b)
Start importing Assets/Sprites/mainlev_build_887.asset using Guid(a4a000902bacd9c44a1eda1bfedd66c5) Importer(815301076,1909f56bfc062723c751e8b465ee728b) (PreviewImporter) -> (artifact id: 'e51ce5461b99361d76050e808cf6cd86') in 0.0123799 seconds
Number of updated asset objects reloaded before import = 0Number of asset objects unloaded after import = 3

========================================================================
Received Import Request.
  Time since last request: 0.000023 seconds.
  path: Assets/Sprites/mainlev_build_209.asset
  artifactKey: Guid(0032fd3901eac8b48965f05addec8c0e) Importer(815301076,1909f56bfc062723c751e8b465ee728b)
Start importing Assets/Sprites/mainlev_build_209.asset using Guid(0032fd3901eac8b48965f05addec8c0e) Importer(815301076,1909f56bfc062723c751e8b465ee728b) (PreviewImporter) -> (artifact id: '9c94c9335b59d1dd348025419d9d7fe1') in 0.0133179 seconds
Number of updated asset objects reloaded before import = 0Number of asset objects unloaded after import = 3

========================================================================
Received Import Request.
  Time since last request: 0.000032 seconds.
  path: Assets/Sprites/props1_769.asset
  artifactKey: Guid(ae054a4ba01a4c243965c761c616922f) Importer(815301076,1909f56bfc062723c751e8b465ee728b)
Start importing Assets/Sprites/props1_769.asset using Guid(ae054a4ba01a4c243965c761c616922f) Importer(815301076,1909f56bfc062723c751e8b465ee728b) (PreviewImporter) -> (artifact id: 'f2ccf5095d1c7e6e8ff1deeb48977669') in 0.014054 seconds
Number of updated asset objects reloaded before import = 0Number of asset objects unloaded after import = 3

========================================================================
Received Import Request.
  Time since last request: 0.000022 seconds.
  path: Assets/Sprites/mainlev_build_289.asset
  artifactKey: Guid(9f5cd42da60866e419016b6e01882ce1) Importer(815301076,1909f56bfc062723c751e8b465ee728b)
Start importing Assets/Sprites/mainlev_build_289.asset using Guid(9f5cd42da60866e419016b6e01882ce1) Importer(815301076,1909f56bfc062723c751e8b465ee728b) (PreviewImporter) -> (artifact id: '8bc667884ede629cb2120f12af68564c') in 0.0123757 seconds
Number of updated asset objects reloaded before import = 0Number of asset objects unloaded after import = 3

========================================================================
Received Import Request.
  Time since last request: 0.000022 seconds.
  path: Assets/Sprites/props1_953.asset
  artifactKey: Guid(71a784dbbc62c90459184a975a81d683) Importer(815301076,1909f56bfc062723c751e8b465ee728b)
Start importing Assets/Sprites/props1_953.asset using Guid(71a784dbbc62c90459184a975a81d683) Importer(815301076,1909f56bfc062723c751e8b465ee728b) (PreviewImporter) -> (artifact id: '3d794f6c631d8161750cdd2a941469ba') in 0.0137951 seconds
Number of updated asset objects reloaded before import = 0Number of asset objects unloaded after import = 3

========================================================================
Received Import Request.
  Time since last request: 0.000023 seconds.
  path: Assets/UnitystoreAssets/Asset FTTGR/Palettes/Decorations/GroundInBackground12.asset
  artifactKey: Guid(397c5ae33717cb345a0aed70e9bc28c7) Importer(815301076,1909f56bfc062723c751e8b465ee728b)
Start importing Assets/UnitystoreAssets/Asset FTTGR/Palettes/Decorations/GroundInBackground12.asset using Guid(397c5ae33717cb345a0aed70e9bc28c7) Importer(815301076,1909f56bfc062723c751e8b465ee728b) (PreviewImporter) -> (artifact id: 'c9a9d01f3801e1e35491d2f319c9f756') in 0.0096643 seconds
Number of updated asset objects reloaded before import = 0Number of asset objects unloaded after import = 3

========================================================================
Received Import Request.
  Time since last request: 0.000021 seconds.
  path: Assets/Sprites/mainlev_build_458.asset
  artifactKey: Guid(a69e97889a3a0ee4e8ff45fdcff9c63b) Importer(815301076,1909f56bfc062723c751e8b465ee728b)
Start importing Assets/Sprites/mainlev_build_458.asset using Guid(a69e97889a3a0ee4e8ff45fdcff9c63b) Importer(815301076,1909f56bfc062723c751e8b465ee728b) (PreviewImporter) -> (artifact id: 'd2077783eb0341d78f387c6a5a290342') in 0.0123314 seconds
Number of updated asset objects reloaded before import = 0Number of asset objects unloaded after import = 3

========================================================================
Received Import Request.
  Time since last request: 0.000021 seconds.
  path: Assets/UnitystoreAssets/Cave Platformer Tileset/Individual PNG files/Tileset/trees-trunk-grey/trees-trunk-grey-57.png
  artifactKey: Guid(4198edc228534aa4c99ad33c1ba8f35e) Importer(815301076,1909f56bfc062723c751e8b465ee728b)
Start importing Assets/UnitystoreAssets/Cave Platformer Tileset/Individual PNG files/Tileset/trees-trunk-grey/trees-trunk-grey-57.png using Guid(4198edc228534aa4c99ad33c1ba8f35e) Importer(815301076,1909f56bfc062723c751e8b465ee728b) (PreviewImporter) -> (artifact id: '2451fb707612cc85de6b3fd428c35883') in 0.0130768 seconds
Number of updated asset objects reloaded before import = 0Number of asset objects unloaded after import = 3

========================================================================
Received Import Request.
  Time since last request: 0.000023 seconds.
  path: Assets/Sprites/props1_66.asset
  artifactKey: Guid(435df82dc2d83094b91035c3454d6860) Importer(815301076,1909f56bfc062723c751e8b465ee728b)
Start importing Assets/Sprites/props1_66.asset using Guid(435df82dc2d83094b91035c3454d6860) Importer(815301076,1909f56bfc062723c751e8b465ee728b) (PreviewImporter) -> (artifact id: '22a91c4eb74fd23129e8ab3e3adc49d4') in 0.014247 seconds
Number of updated asset objects reloaded before import = 0Number of asset objects unloaded after import = 3

========================================================================
Received Import Request.
  Time since last request: 0.000031 seconds.
  path: Assets/UnitystoreAssets/Cave Platformer Tileset/Individual PNG files/Tileset/object_misc/objects_misc_15.png
  artifactKey: Guid(3e5a5f4d33fd02b4a8286c76673e75fa) Importer(815301076,1909f56bfc062723c751e8b465ee728b)
Start importing Assets/UnitystoreAssets/Cave Platformer Tileset/Individual PNG files/Tileset/object_misc/objects_misc_15.png using Guid(3e5a5f4d33fd02b4a8286c76673e75fa) Importer(815301076,1909f56bfc062723c751e8b465ee728b) (PreviewImporter) -> (artifact id: '8427182daf4c97a29bc43a08c14c4194') in 0.0123675 seconds
Number of updated asset objects reloaded before import = 0Number of asset objects unloaded after import = 3

========================================================================
Received Import Request.
  Time since last request: 0.000021 seconds.
  path: Assets/UnitystoreAssets/Pixel Fantasy Caves/background4b.png
  artifactKey: Guid(f2c63cd02a5021e4aa78859519eef703) Importer(815301076,1909f56bfc062723c751e8b465ee728b)
Start importing Assets/UnitystoreAssets/Pixel Fantasy Caves/background4b.png using Guid(f2c63cd02a5021e4aa78859519eef703) Importer(815301076,1909f56bfc062723c751e8b465ee728b) (PreviewImporter) -> (artifact id: '3550b81733ef5a70419d6218e4a414f4') in 0.0158502 seconds
Number of updated asset objects reloaded before import = 0Number of asset objects unloaded after import = 3

========================================================================
Received Import Request.
  Time since last request: 0.000021 seconds.
  path: Assets/Sprites/props1_91.asset
  artifactKey: Guid(a404bcdb56c2fd8448330fdb5e715993) Importer(815301076,1909f56bfc062723c751e8b465ee728b)
Start importing Assets/Sprites/props1_91.asset using Guid(a404bcdb56c2fd8448330fdb5e715993) Importer(815301076,1909f56bfc062723c751e8b465ee728b) (PreviewImporter) -> (artifact id: 'ee811ffdc20962e6fbbdcfb26b87eb98') in 0.0143116 seconds
Number of updated asset objects reloaded before import = 0Number of asset objects unloaded after import = 3

========================================================================
Received Import Request.
  Time since last request: 0.000022 seconds.
  path: Assets/UnitystoreAssets/Cave Platformer Tileset/Individual PNG files/Tileset/trees-trunk-grey/trees-trunk-grey-23.png
  artifactKey: Guid(d51820c07e405464e86133ae7e67e1a7) Importer(815301076,1909f56bfc062723c751e8b465ee728b)
Start importing Assets/UnitystoreAssets/Cave Platformer Tileset/Individual PNG files/Tileset/trees-trunk-grey/trees-trunk-grey-23.png using Guid(d51820c07e405464e86133ae7e67e1a7) Importer(815301076,1909f56bfc062723c751e8b465ee728b) (PreviewImporter) -> (artifact id: '8ff45bd4509d5e0b09a68b85564b7d03') in 0.014361 seconds
Number of updated asset objects reloaded before import = 0Number of asset objects unloaded after import = 3

========================================================================
Received Import Request.
  Time since last request: 0.000021 seconds.
  path: Assets/Sprites/mainlev_build_291.asset
  artifactKey: Guid(e4c5ffa5df459da47aaa0c780da6c578) Importer(815301076,1909f56bfc062723c751e8b465ee728b)
Start importing Assets/Sprites/mainlev_build_291.asset using Guid(e4c5ffa5df459da47aaa0c780da6c578) Importer(815301076,1909f56bfc062723c751e8b465ee728b) (PreviewImporter) -> (artifact id: 'a00940bbe2d811468f80601d65a7fb4d') in 0.0130965 seconds
Number of updated asset objects reloaded before import = 0Number of asset objects unloaded after import = 3

========================================================================
Received Import Request.
  Time since last request: 0.000021 seconds.
  path: Assets/Sprites/props1_1113.asset
  artifactKey: Guid(e586a682e94695042ba716d288524927) Importer(815301076,1909f56bfc062723c751e8b465ee728b)
Start importing Assets/Sprites/props1_1113.asset using Guid(e586a682e94695042ba716d288524927) Importer(815301076,1909f56bfc062723c751e8b465ee728b) (PreviewImporter) -> (artifact id: 'afdbf676ed81b8c6235ad41bb32db7db') in 0.0138864 seconds
Number of updated asset objects reloaded before import = 0Number of asset objects unloaded after import = 3

========================================================================
Received Import Request.
  Time since last request: 0.000023 seconds.
  path: Assets/Sprites/props1_428.asset
  artifactKey: Guid(345160f915ecd10429b8bfd102ca5b82) Importer(815301076,1909f56bfc062723c751e8b465ee728b)
Start importing Assets/Sprites/props1_428.asset using Guid(345160f915ecd10429b8bfd102ca5b82) Importer(815301076,1909f56bfc062723c751e8b465ee728b) (PreviewImporter) -> (artifact id: '1e852c950b08b91c88a3ff01b733c548') in 0.0144015 seconds
Number of updated asset objects reloaded before import = 0Number of asset objects unloaded after import = 3

========================================================================
Received Import Request.
  Time since last request: 0.000033 seconds.
  path: Assets/UnitystoreAssets/Cainos/Pixel Art Platformer - Village Props/Tileset Palette/TP Ground/TX Tileset Ground_76.asset
  artifactKey: Guid(04a9c0c6cb39cc34d94c811890690efb) Importer(815301076,1909f56bfc062723c751e8b465ee728b)
Start importing Assets/UnitystoreAssets/Cainos/Pixel Art Platformer - Village Props/Tileset Palette/TP Ground/TX Tileset Ground_76.asset using Guid(04a9c0c6cb39cc34d94c811890690efb) Importer(815301076,1909f56bfc062723c751e8b465ee728b) (PreviewImporter) -> (artifact id: 'b9613a25a83c31c0ff7f8555ce2e7e02') in 0.0107669 seconds
Number of updated asset objects reloaded before import = 0Number of asset objects unloaded after import = 3

========================================================================
Received Import Request.
  Time since last request: 0.000033 seconds.
  path: Assets/UnitystoreAssets/Cave Platformer Tileset/Individual PNG files/Monster/scorpion-red/scorpion-red-10.png
  artifactKey: Guid(77dbe3a64e19bda43a590ecad491a1b6) Importer(815301076,1909f56bfc062723c751e8b465ee728b)
Start importing Assets/UnitystoreAssets/Cave Platformer Tileset/Individual PNG files/Monster/scorpion-red/scorpion-red-10.png using Guid(77dbe3a64e19bda43a590ecad491a1b6) Importer(815301076,1909f56bfc062723c751e8b465ee728b) (PreviewImporter) -> (artifact id: 'aa881d140fb40f7da65144aaaea8972f') in 0.0126121 seconds
Number of updated asset objects reloaded before import = 0Number of asset objects unloaded after import = 3

========================================================================
Received Import Request.
  Time since last request: 0.000022 seconds.
  path: Assets/Sprites/props1_705.asset
  artifactKey: Guid(545cb5f73da72874a8ed2ab98cbd8556) Importer(815301076,1909f56bfc062723c751e8b465ee728b)
Start importing Assets/Sprites/props1_705.asset using Guid(545cb5f73da72874a8ed2ab98cbd8556) Importer(815301076,1909f56bfc062723c751e8b465ee728b) (PreviewImporter) -> (artifact id: 'ed68a92773426b70688878346215fcee') in 0.0143155 seconds
Number of updated asset objects reloaded before import = 0Number of asset objects unloaded after import = 3

========================================================================
Received Import Request.
  Time since last request: 0.000022 seconds.
  path: Assets/Sprites/props1_1987.asset
  artifactKey: Guid(5626adfac9bbcc04d8d960ffcec989fd) Importer(815301076,1909f56bfc062723c751e8b465ee728b)
Start importing Assets/Sprites/props1_1987.asset using Guid(5626adfac9bbcc04d8d960ffcec989fd) Importer(815301076,1909f56bfc062723c751e8b465ee728b) (PreviewImporter) -> (artifact id: 'd4adeb0d23a063dd5aa15f6e48f4a607') in 0.0152888 seconds
Number of updated asset objects reloaded before import = 0Number of asset objects unloaded after import = 3

========================================================================
Received Import Request.
  Time since last request: 0.000023 seconds.
  path: Assets/Sprites/props1_1707.asset
  artifactKey: Guid(8be0ecb9106690649b53ba85a16502be) Importer(815301076,1909f56bfc062723c751e8b465ee728b)
Start importing Assets/Sprites/props1_1707.asset using Guid(8be0ecb9106690649b53ba85a16502be) Importer(815301076,1909f56bfc062723c751e8b465ee728b) (PreviewImporter) -> (artifact id: 'aec5705940d668f1261082b9ae2a9cfd') in 0.0209003 seconds
Number of updated asset objects reloaded before import = 0Number of asset objects unloaded after import = 3

========================================================================
Received Import Request.
  Time since last request: 0.000022 seconds.
  path: Assets/UnitystoreAssets/Cave Platformer Tileset/Individual PNG files/Tileset/trees-trunk-lightbrown/trees-trunk-lightbrown-7.png
  artifactKey: Guid(776a2600a9f246c45bec821333f69921) Importer(815301076,1909f56bfc062723c751e8b465ee728b)
Start importing Assets/UnitystoreAssets/Cave Platformer Tileset/Individual PNG files/Tileset/trees-trunk-lightbrown/trees-trunk-lightbrown-7.png using Guid(776a2600a9f246c45bec821333f69921) Importer(815301076,1909f56bfc062723c751e8b465ee728b) (PreviewImporter) -> (artifact id: '72006c30f156bc3bec90e3501a8ecb59') in 0.0127975 seconds
Number of updated asset objects reloaded before import = 0Number of asset objects unloaded after import = 3

========================================================================
Received Import Request.
  Time since last request: 0.000023 seconds.
  path: Assets/Sprites/props1_146.asset
  artifactKey: Guid(1bc9cc57639042441bfd5e3c285737fa) Importer(815301076,1909f56bfc062723c751e8b465ee728b)
Start importing Assets/Sprites/props1_146.asset using Guid(1bc9cc57639042441bfd5e3c285737fa) Importer(815301076,1909f56bfc062723c751e8b465ee728b) (PreviewImporter) -> (artifact id: '03ee2553f78d60818e63c352cc567093') in 0.0141522 seconds
Number of updated asset objects reloaded before import = 0Number of asset objects unloaded after import = 3

========================================================================
Received Import Request.
  Time since last request: 0.000044 seconds.
  path: Assets/Sprites/props1_504.asset
  artifactKey: Guid(506c28dedb685f74db0748438673d835) Importer(815301076,1909f56bfc062723c751e8b465ee728b)
Start importing Assets/Sprites/props1_504.asset using Guid(506c28dedb685f74db0748438673d835) Importer(815301076,1909f56bfc062723c751e8b465ee728b) (PreviewImporter) -> (artifact id: '9ad1a1026421066ac77628772ca766d1') in 0.013907 seconds
Number of updated asset objects reloaded before import = 0Number of asset objects unloaded after import = 3

========================================================================
Received Import Request.
  Time since last request: 0.000022 seconds.
  path: Assets/Sprites/props1_55.asset
  artifactKey: Guid(47cd544dc7703c74cb2299008311e981) Importer(815301076,1909f56bfc062723c751e8b465ee728b)
Start importing Assets/Sprites/props1_55.asset using Guid(47cd544dc7703c74cb2299008311e981) Importer(815301076,1909f56bfc062723c751e8b465ee728b) (PreviewImporter) -> (artifact id: 'c3d156913efc6dd982b6f3e4bf448ff4') in 0.01443 seconds
Number of updated asset objects reloaded before import = 0Number of asset objects unloaded after import = 3

========================================================================
Received Import Request.
  Time since last request: 0.000028 seconds.
  path: Assets/Sprites/mainlev_build_311.asset
  artifactKey: Guid(de83c443b879d274f9b58ed0f245da1f) Importer(815301076,1909f56bfc062723c751e8b465ee728b)
Start importing Assets/Sprites/mainlev_build_311.asset using Guid(de83c443b879d274f9b58ed0f245da1f) Importer(815301076,1909f56bfc062723c751e8b465ee728b) (PreviewImporter) -> (artifact id: '51b777fb949e362206dbfe022c095e8f') in 0.0197967 seconds
Number of updated asset objects reloaded before import = 0Number of asset objects unloaded after import = 3

========================================================================
Received Import Request.
  Time since last request: 0.000027 seconds.
  path: Assets/Sprites/props1_1378.asset
  artifactKey: Guid(3bfb45e5aee6f784ba0fa45f2b07a314) Importer(815301076,1909f56bfc062723c751e8b465ee728b)
Start importing Assets/Sprites/props1_1378.asset using Guid(3bfb45e5aee6f784ba0fa45f2b07a314) Importer(815301076,1909f56bfc062723c751e8b465ee728b) (PreviewImporter) -> (artifact id: '14e3fcb3f270a44e86ddc61784d849e8') in 0.0192503 seconds
Number of updated asset objects reloaded before import = 0Number of asset objects unloaded after import = 3

========================================================================
Received Import Request.
  Time since last request: 0.000045 seconds.
  path: Assets/UnitystoreAssets/Asset FTTGR/Palettes/Blocks/GroundWinter4.asset
  artifactKey: Guid(04e043300fc56734f83c30975ba3ba99) Importer(815301076,1909f56bfc062723c751e8b465ee728b)
Start importing Assets/UnitystoreAssets/Asset FTTGR/Palettes/Blocks/GroundWinter4.asset using Guid(04e043300fc56734f83c30975ba3ba99) Importer(815301076,1909f56bfc062723c751e8b465ee728b) (PreviewImporter) -> (artifact id: 'f4bcdabfbbe47e8f6ddd1adbf65ea51e') in 0.0123861 seconds
Number of updated asset objects reloaded before import = 0Number of asset objects unloaded after import = 3

========================================================================
Received Import Request.
  Time since last request: 0.000026 seconds.
  path: Assets/UnitystoreAssets/Cave Platformer Tileset/Individual PNG files/Tileset/trees-trunk-grey/trees-trunk-grey-36.png
  artifactKey: Guid(604d895d18252f847867f19eda6c345c) Importer(815301076,1909f56bfc062723c751e8b465ee728b)
Start importing Assets/UnitystoreAssets/Cave Platformer Tileset/Individual PNG files/Tileset/trees-trunk-grey/trees-trunk-grey-36.png using Guid(604d895d18252f847867f19eda6c345c) Importer(815301076,1909f56bfc062723c751e8b465ee728b) (PreviewImporter) -> (artifact id: '13d5401cbf8ad2229dbc4752ef3d8197') in 0.0152656 seconds
Number of updated asset objects reloaded before import = 0Number of asset objects unloaded after import = 3

========================================================================
Received Import Request.
  Time since last request: 0.000751 seconds.
  path: Assets/Sprites/props1_292.asset
  artifactKey: Guid(8edab4848e586ec458ae844c7b84e2c3) Importer(815301076,1909f56bfc062723c751e8b465ee728b)
Start importing Assets/Sprites/props1_292.asset using Guid(8edab4848e586ec458ae844c7b84e2c3) Importer(815301076,1909f56bfc062723c751e8b465ee728b) (PreviewImporter) -> (artifact id: 'a4cf2b1b878faaaae94917b9c786fe7e') in 0.0210017 seconds
Number of updated asset objects reloaded before import = 0Number of asset objects unloaded after import = 3

========================================================================
Received Import Request.
  Time since last request: 0.000027 seconds.
  path: Assets/Sprites/props1_1417.asset
  artifactKey: Guid(c46c63d015550ed46a462160912cb53f) Importer(815301076,1909f56bfc062723c751e8b465ee728b)
Start importing Assets/Sprites/props1_1417.asset using Guid(c46c63d015550ed46a462160912cb53f) Importer(815301076,1909f56bfc062723c751e8b465ee728b) (PreviewImporter) -> (artifact id: '6127d2b9b2579cf6becd4bc506fc2ce1') in 0.0188893 seconds
Number of updated asset objects reloaded before import = 0Number of asset objects unloaded after import = 3

========================================================================
Received Import Request.
  Time since last request: 0.000024 seconds.
  path: Assets/Sprites/mainlev_build_340.asset
  artifactKey: Guid(0ed9a6dda4311ca43abdff4c5d552749) Importer(815301076,1909f56bfc062723c751e8b465ee728b)
Start importing Assets/Sprites/mainlev_build_340.asset using Guid(0ed9a6dda4311ca43abdff4c5d552749) Importer(815301076,1909f56bfc062723c751e8b465ee728b) (PreviewImporter) -> (artifact id: '0f653ac37545c8ad8316417534730445') in 0.0156668 seconds
Number of updated asset objects reloaded before import = 0Number of asset objects unloaded after import = 3

========================================================================
Received Import Request.
  Time since last request: 0.000028 seconds.
  path: Assets/UnitystoreAssets/Cave Platformer Tileset/Individual PNG files/Monster/scorpion-brown
  artifactKey: Guid(58cf26bb06977f34a8b16a96f1592037) Importer(815301076,1909f56bfc062723c751e8b465ee728b)
Start importing Assets/UnitystoreAssets/Cave Platformer Tileset/Individual PNG files/Monster/scorpion-brown using Guid(58cf26bb06977f34a8b16a96f1592037) Importer(815301076,1909f56bfc062723c751e8b465ee728b) (PreviewImporter) -> (artifact id: 'cd3392721be171a60cf8cdaefd2c7e62') in 0.000624 seconds
Number of updated asset objects reloaded before import = 0Number of asset objects unloaded after import = 0

========================================================================
Received Import Request.
  Time since last request: 0.000025 seconds.
  path: Assets/Sprites/props1_501.asset
  artifactKey: Guid(0b4d92ae643e7e64988faaf32b81ed47) Importer(815301076,1909f56bfc062723c751e8b465ee728b)
Start importing Assets/Sprites/props1_501.asset using Guid(0b4d92ae643e7e64988faaf32b81ed47) Importer(815301076,1909f56bfc062723c751e8b465ee728b) (PreviewImporter) -> (artifact id: 'e6045036eea61bfa62470d1c49add3a4') in 0.0229512 seconds
Number of updated asset objects reloaded before import = 0Number of asset objects unloaded after import = 3

========================================================================
Received Import Request.
  Time since last request: 0.000051 seconds.
  path: Assets/UnitystoreAssets/Cave Platformer Tileset/Individual PNG files/Tileset/bg_cave_greenish_16x32/bg_cave_greenish_16x32_tile_05.png
  artifactKey: Guid(f0e359e797796244b96cf95fc56ab8e2) Importer(815301076,1909f56bfc062723c751e8b465ee728b)
Start importing Assets/UnitystoreAssets/Cave Platformer Tileset/Individual PNG files/Tileset/bg_cave_greenish_16x32/bg_cave_greenish_16x32_tile_05.png using Guid(f0e359e797796244b96cf95fc56ab8e2) Importer(815301076,1909f56bfc062723c751e8b465ee728b) (PreviewImporter) -> (artifact id: '5787f4ee3386889859497afffe02a748') in 0.0182615 seconds
Number of updated asset objects reloaded before import = 0Number of asset objects unloaded after import = 3

========================================================================
Received Import Request.
  Time since last request: 0.000051 seconds.
  path: Assets/Sprites/props1_1942.asset
  artifactKey: Guid(992040b500148c942848bd9fe132a7cb) Importer(815301076,1909f56bfc062723c751e8b465ee728b)
Start importing Assets/Sprites/props1_1942.asset using Guid(992040b500148c942848bd9fe132a7cb) Importer(815301076,1909f56bfc062723c751e8b465ee728b) (PreviewImporter) -> (artifact id: '46829f0cc9757fb6052b2a736f5c12e5') in 0.0197943 seconds
Number of updated asset objects reloaded before import = 0Number of asset objects unloaded after import = 3

========================================================================
Received Import Request.
  Time since last request: 0.000029 seconds.
  path: Assets/Sprites/props1_647.asset
  artifactKey: Guid(bbb24aa032a27e24f8e19453872812df) Importer(815301076,1909f56bfc062723c751e8b465ee728b)
Start importing Assets/Sprites/props1_647.asset using Guid(bbb24aa032a27e24f8e19453872812df) Importer(815301076,1909f56bfc062723c751e8b465ee728b) (PreviewImporter) -> (artifact id: '7c90d2e562f90dcdd213e46ed455e00f') in 0.0172267 seconds
Number of updated asset objects reloaded before import = 0Number of asset objects unloaded after import = 3

========================================================================
Received Import Request.
  Time since last request: 0.000023 seconds.
  path: Assets/Sprites/mainlev_build_760.asset
  artifactKey: Guid(8f54558236105c9408d24bda472aa592) Importer(815301076,1909f56bfc062723c751e8b465ee728b)
Start importing Assets/Sprites/mainlev_build_760.asset using Guid(8f54558236105c9408d24bda472aa592) Importer(815301076,1909f56bfc062723c751e8b465ee728b) (PreviewImporter) -> (artifact id: 'f2b6462185d05405cc54f215e240e057') in 0.0177188 seconds
Number of updated asset objects reloaded before import = 0Number of asset objects unloaded after import = 3

========================================================================
Received Import Request.
  Time since last request: 0.000025 seconds.
  path: Assets/TextMesh Pro/Fonts
  artifactKey: Guid(6ab70aee4d56447429c680537fbf93ed) Importer(815301076,1909f56bfc062723c751e8b465ee728b)
Start importing Assets/TextMesh Pro/Fonts using Guid(6ab70aee4d56447429c680537fbf93ed) Importer(815301076,1909f56bfc062723c751e8b465ee728b) (PreviewImporter) -> (artifact id: '1edbb87b2170d43e1ca5129787312f12') in 0.0004821 seconds
Number of updated asset objects reloaded before import = 0Number of asset objects unloaded after import = 0

========================================================================
Received Import Request.
  Time since last request: 0.000023 seconds.
  path: Assets/Sprites/props1_1106.asset
  artifactKey: Guid(f6fef007a08a8f741b3034352ac45b68) Importer(815301076,1909f56bfc062723c751e8b465ee728b)
Start importing Assets/Sprites/props1_1106.asset using Guid(f6fef007a08a8f741b3034352ac45b68) Importer(815301076,1909f56bfc062723c751e8b465ee728b) (PreviewImporter) -> (artifact id: 'c36b397a37788353834d645a29f15614') in 0.0157852 seconds
Number of updated asset objects reloaded before import = 0Number of asset objects unloaded after import = 3

========================================================================
Received Import Request.
  Time since last request: 0.000022 seconds.
  path: Assets/UnitystoreAssets/Asset FTTGR/Palettes/Blocks/Bricks32.asset
  artifactKey: Guid(21de439e026fed447b5c27810decc877) Importer(815301076,1909f56bfc062723c751e8b465ee728b)
Start importing Assets/UnitystoreAssets/Asset FTTGR/Palettes/Blocks/Bricks32.asset using Guid(21de439e026fed447b5c27810decc877) Importer(815301076,1909f56bfc062723c751e8b465ee728b) (PreviewImporter) -> (artifact id: '69d57d6788159ab6630cdcf932a88127') in 0.0104699 seconds
Number of updated asset objects reloaded before import = 0Number of asset objects unloaded after import = 3

========================================================================
Received Import Request.
  Time since last request: 0.000024 seconds.
  path: Assets/Sprites/mainlev_build_170.asset
  artifactKey: Guid(6a55218e05eef3e4f9c871f424e421e1) Importer(815301076,1909f56bfc062723c751e8b465ee728b)
Start importing Assets/Sprites/mainlev_build_170.asset using Guid(6a55218e05eef3e4f9c871f424e421e1) Importer(815301076,1909f56bfc062723c751e8b465ee728b) (PreviewImporter) -> (artifact id: 'd6f07e065f783cda3a063588b28ddc75') in 0.0129669 seconds
Number of updated asset objects reloaded before import = 0Number of asset objects unloaded after import = 3

========================================================================
Received Import Request.
  Time since last request: 0.000032 seconds.
  path: Assets/Sprites/mainlev_build_221.asset
  artifactKey: Guid(edf946a8d5fe8024eb37e99fdec97fb4) Importer(815301076,1909f56bfc062723c751e8b465ee728b)
Start importing Assets/Sprites/mainlev_build_221.asset using Guid(edf946a8d5fe8024eb37e99fdec97fb4) Importer(815301076,1909f56bfc062723c751e8b465ee728b) (PreviewImporter) -> (artifact id: '34d81e50ef9ec4a81926d53544d9bcfa') in 0.012355 seconds
Number of updated asset objects reloaded before import = 0Number of asset objects unloaded after import = 3

========================================================================
Received Import Request.
  Time since last request: 0.000029 seconds.
  path: Assets/Sprites/mainlev_build_58.asset
  artifactKey: Guid(804469dac4172fe4db6f8808aae8fd2e) Importer(815301076,1909f56bfc062723c751e8b465ee728b)
Start importing Assets/Sprites/mainlev_build_58.asset using Guid(804469dac4172fe4db6f8808aae8fd2e) Importer(815301076,1909f56bfc062723c751e8b465ee728b) (PreviewImporter) -> (artifact id: '1334dfa35220a045b81f2a66efe7b550') in 0.0137796 seconds
Number of updated asset objects reloaded before import = 0Number of asset objects unloaded after import = 3

========================================================================
Received Import Request.
  Time since last request: 0.000023 seconds.
  path: Assets/Sprites/props1_1865.asset
  artifactKey: Guid(47882e42314dffc4d8563157cd5eba99) Importer(815301076,1909f56bfc062723c751e8b465ee728b)
Start importing Assets/Sprites/props1_1865.asset using Guid(47882e42314dffc4d8563157cd5eba99) Importer(815301076,1909f56bfc062723c751e8b465ee728b) (PreviewImporter) -> (artifact id: 'bbe6437192416bff5e7a2fe0886fc19a') in 0.0194152 seconds
Number of updated asset objects reloaded before import = 0Number of asset objects unloaded after import = 3

========================================================================
Received Import Request.
  Time since last request: 0.000027 seconds.
  path: Assets/Sprites/props1_1566.asset
  artifactKey: Guid(f73c9607398892a42ab6ed309815a864) Importer(815301076,1909f56bfc062723c751e8b465ee728b)
Start importing Assets/Sprites/props1_1566.asset using Guid(f73c9607398892a42ab6ed309815a864) Importer(815301076,1909f56bfc062723c751e8b465ee728b) (PreviewImporter) -> (artifact id: '37371d2c2ab18ff3b4214e89d7e4c0b2') in 0.0151647 seconds
Number of updated asset objects reloaded before import = 0Number of asset objects unloaded after import = 3

========================================================================
Received Import Request.
  Time since last request: 0.000023 seconds.
  path: Assets/UnitystoreAssets/Cainos/Pixel Art Platformer - Village Props/Tileset Palette/TP Ground/TX Tileset Ground_102.asset
  artifactKey: Guid(4d683d509bbf7a04f9a2da2cf3bc6fd6) Importer(815301076,1909f56bfc062723c751e8b465ee728b)
Start importing Assets/UnitystoreAssets/Cainos/Pixel Art Platformer - Village Props/Tileset Palette/TP Ground/TX Tileset Ground_102.asset using Guid(4d683d509bbf7a04f9a2da2cf3bc6fd6) Importer(815301076,1909f56bfc062723c751e8b465ee728b) (PreviewImporter) -> (artifact id: '0190270e2607fc0b8d1c681a72d2f256') in 0.0075819 seconds
Number of updated asset objects reloaded before import = 0Number of asset objects unloaded after import = 3

========================================================================
Received Import Request.
  Time since last request: 0.000031 seconds.
  path: Assets/Sprites/mainlev_build_888.asset
  artifactKey: Guid(2b87f6a36edd0714cbff4e8a5b3ec792) Importer(815301076,1909f56bfc062723c751e8b465ee728b)
Start importing Assets/Sprites/mainlev_build_888.asset using Guid(2b87f6a36edd0714cbff4e8a5b3ec792) Importer(815301076,1909f56bfc062723c751e8b465ee728b) (PreviewImporter) -> (artifact id: '32b489d396d8b3b10499d662398617aa') in 0.0151671 seconds
Number of updated asset objects reloaded before import = 0Number of asset objects unloaded after import = 3

========================================================================
Received Import Request.
  Time since last request: 0.000030 seconds.
  path: Assets/Sprites/mainlev_build_755.asset
  artifactKey: Guid(c68193a48393a764ea11932e0d33786d) Importer(815301076,1909f56bfc062723c751e8b465ee728b)
Start importing Assets/Sprites/mainlev_build_755.asset using Guid(c68193a48393a764ea11932e0d33786d) Importer(815301076,1909f56bfc062723c751e8b465ee728b) (PreviewImporter) -> (artifact id: '17d58ba98fd9796f291a9ec5c92f5002') in 0.0132871 seconds
Number of updated asset objects reloaded before import = 0Number of asset objects unloaded after import = 3

========================================================================
Received Import Request.
  Time since last request: 0.000033 seconds.
  path: Assets/Sprites/props1_584.asset
  artifactKey: Guid(31478985f26841642906bea0297b5a2a) Importer(815301076,1909f56bfc062723c751e8b465ee728b)
Start importing Assets/Sprites/props1_584.asset using Guid(31478985f26841642906bea0297b5a2a) Importer(815301076,1909f56bfc062723c751e8b465ee728b) (PreviewImporter) -> (artifact id: '8283a8507130a1219a6e98e1c6437494') in 0.0165251 seconds
Number of updated asset objects reloaded before import = 0Number of asset objects unloaded after import = 3

========================================================================
Received Import Request.
  Time since last request: 0.000043 seconds.
  path: Assets/UnitystoreAssets/Asset FTTGR/Prefabs/Characters/Enemies
  artifactKey: Guid(0712d96f8dfa56f4d8b56f14c1c3a6e6) Importer(815301076,1909f56bfc062723c751e8b465ee728b)
Start importing Assets/UnitystoreAssets/Asset FTTGR/Prefabs/Characters/Enemies using Guid(0712d96f8dfa56f4d8b56f14c1c3a6e6) Importer(815301076,1909f56bfc062723c751e8b465ee728b) (PreviewImporter) -> (artifact id: '9866c3cf118137d60ec7cf0a521c5e8d') in 0.0004913 seconds
Number of updated asset objects reloaded before import = 0Number of asset objects unloaded after import = 0

========================================================================
Received Import Request.
  Time since last request: 0.000022 seconds.
  path: Assets/Sprites/mainlev_build_892.asset
  artifactKey: Guid(ffb74e3965778dd4cafeda1498cc71bd) Importer(815301076,1909f56bfc062723c751e8b465ee728b)
Start importing Assets/Sprites/mainlev_build_892.asset using Guid(ffb74e3965778dd4cafeda1498cc71bd) Importer(815301076,1909f56bfc062723c751e8b465ee728b) (PreviewImporter) -> (artifact id: '1bae7db325a9ac2a481ba5244dfaebe0') in 0.0130314 seconds
Number of updated asset objects reloaded before import = 0Number of asset objects unloaded after import = 3

========================================================================
Received Import Request.
  Time since last request: 0.000023 seconds.
  path: Assets/Sprites/props1_1134.asset
  artifactKey: Guid(10a829599d36f81488ba973de054d5e7) Importer(815301076,1909f56bfc062723c751e8b465ee728b)
Start importing Assets/Sprites/props1_1134.asset using Guid(10a829599d36f81488ba973de054d5e7) Importer(815301076,1909f56bfc062723c751e8b465ee728b) (PreviewImporter) -> (artifact id: 'cbc07a436197d842c3b5413635b85fc9') in 0.0163397 seconds
Number of updated asset objects reloaded before import = 0Number of asset objects unloaded after import = 3

========================================================================
Received Import Request.
  Time since last request: 0.000022 seconds.
  path: Assets/Sprites/props1_2135.asset
  artifactKey: Guid(e50f71a92df69de4a875c32e04446ab9) Importer(815301076,1909f56bfc062723c751e8b465ee728b)
Start importing Assets/Sprites/props1_2135.asset using Guid(e50f71a92df69de4a875c32e04446ab9) Importer(815301076,1909f56bfc062723c751e8b465ee728b) (PreviewImporter) -> (artifact id: '2c19a443f45fb264992dee71b0ffe0c9') in 0.0145121 seconds
Number of updated asset objects reloaded before import = 0Number of asset objects unloaded after import = 3

========================================================================
Received Import Request.
  Time since last request: 0.000023 seconds.
  path: Assets/UnitystoreAssets/Cave Platformer Tileset/Individual PNG files/Tileset/trees-trunk-darkbrown/trees-trunk-darkbrown-66.png
  artifactKey: Guid(23ca8063d61f94e448c36ba06c48a45d) Importer(815301076,1909f56bfc062723c751e8b465ee728b)
Start importing Assets/UnitystoreAssets/Cave Platformer Tileset/Individual PNG files/Tileset/trees-trunk-darkbrown/trees-trunk-darkbrown-66.png using Guid(23ca8063d61f94e448c36ba06c48a45d) Importer(815301076,1909f56bfc062723c751e8b465ee728b) (PreviewImporter) -> (artifact id: '53dd1315543b5077fa531877e41d32ae') in 0.0137364 seconds
Number of updated asset objects reloaded before import = 0Number of asset objects unloaded after import = 3

========================================================================
Received Import Request.
  Time since last request: 0.000022 seconds.
  path: Assets/Sprites/mainlev_build_861.asset
  artifactKey: Guid(1684aa03bf387d347aedca6448ed933b) Importer(815301076,1909f56bfc062723c751e8b465ee728b)
Start importing Assets/Sprites/mainlev_build_861.asset using Guid(1684aa03bf387d347aedca6448ed933b) Importer(815301076,1909f56bfc062723c751e8b465ee728b) (PreviewImporter) -> (artifact id: '7b39b088d780a8b7cbc1c7336570b4e6') in 0.0120459 seconds
Number of updated asset objects reloaded before import = 0Number of asset objects unloaded after import = 3

========================================================================
Received Import Request.
  Time since last request: 0.000031 seconds.
  path: Assets/UnitystoreAssets/Asset FTTGR/Palettes/Blocks/GroundWinter25.asset
  artifactKey: Guid(6a9cb29c8d4d29d4ca5ea2cbae4c62de) Importer(815301076,1909f56bfc062723c751e8b465ee728b)
Start importing Assets/UnitystoreAssets/Asset FTTGR/Palettes/Blocks/GroundWinter25.asset using Guid(6a9cb29c8d4d29d4ca5ea2cbae4c62de) Importer(815301076,1909f56bfc062723c751e8b465ee728b) (PreviewImporter) -> (artifact id: '7b494141e1f98e1c23f40f4ad595811c') in 0.0096618 seconds
Number of updated asset objects reloaded before import = 0Number of asset objects unloaded after import = 3

========================================================================
Received Import Request.
  Time since last request: 0.000022 seconds.
  path: Assets/Sprites/props1_606.asset
  artifactKey: Guid(556157f7061906a45b62c9c4c045622d) Importer(815301076,1909f56bfc062723c751e8b465ee728b)
Start importing Assets/Sprites/props1_606.asset using Guid(556157f7061906a45b62c9c4c045622d) Importer(815301076,1909f56bfc062723c751e8b465ee728b) (PreviewImporter) -> (artifact id: 'ab2d1c96a770661c7f966c7d78829d47') in 0.0141075 seconds
Number of updated asset objects reloaded before import = 0Number of asset objects unloaded after import = 3

========================================================================
Received Import Request.
  Time since last request: 0.000022 seconds.
  path: Assets/UnitystoreAssets/Asset FTTGR/Sprites/VFXs/Circle.png
  artifactKey: Guid(1b0aef16f430bd54b819d551453bcac9) Importer(815301076,1909f56bfc062723c751e8b465ee728b)
Start importing Assets/UnitystoreAssets/Asset FTTGR/Sprites/VFXs/Circle.png using Guid(1b0aef16f430bd54b819d551453bcac9) Importer(815301076,1909f56bfc062723c751e8b465ee728b) (PreviewImporter) -> (artifact id: 'e3af970b7165f2e82e5c9d3b408c52b0') in 0.0164388 seconds
Number of updated asset objects reloaded before import = 0Number of asset objects unloaded after import = 3

========================================================================
Received Import Request.
  Time since last request: 0.000020 seconds.
  path: Assets/Sprites/props1_1747.asset
  artifactKey: Guid(35eed9700758aaf4c9c14a89d72d532e) Importer(815301076,1909f56bfc062723c751e8b465ee728b)
Start importing Assets/Sprites/props1_1747.asset using Guid(35eed9700758aaf4c9c14a89d72d532e) Importer(815301076,1909f56bfc062723c751e8b465ee728b) (PreviewImporter) -> (artifact id: '8f8f2b877783290a86ac523085aeb025') in 0.0152499 seconds
Number of updated asset objects reloaded before import = 0Number of asset objects unloaded after import = 3

========================================================================
Received Import Request.
  Time since last request: 0.000033 seconds.
  path: Assets/UnitystoreAssets/Cave Platformer Tileset/Individual PNG files/Tileset/object_misc/objects_misc_9.png
  artifactKey: Guid(18e050705100b1546bc941a9e3dda5d0) Importer(815301076,1909f56bfc062723c751e8b465ee728b)
Start importing Assets/UnitystoreAssets/Cave Platformer Tileset/Individual PNG files/Tileset/object_misc/objects_misc_9.png using Guid(18e050705100b1546bc941a9e3dda5d0) Importer(815301076,1909f56bfc062723c751e8b465ee728b) (PreviewImporter) -> (artifact id: '41ccd111f0f0754a98f152a005018339') in 0.013435 seconds
Number of updated asset objects reloaded before import = 0Number of asset objects unloaded after import = 3

========================================================================
Received Import Request.
  Time since last request: 0.000021 seconds.
  path: Assets/Sprites/props1_1503.asset
  artifactKey: Guid(618f05446d47f2048a82b94d059abae4) Importer(815301076,1909f56bfc062723c751e8b465ee728b)
Start importing Assets/Sprites/props1_1503.asset using Guid(618f05446d47f2048a82b94d059abae4) Importer(815301076,1909f56bfc062723c751e8b465ee728b) (PreviewImporter) -> (artifact id: 'c3df0a836fac812f46d05cce5c66b39a') in 0.0157499 seconds
Number of updated asset objects reloaded before import = 0Number of asset objects unloaded after import = 3

========================================================================
Received Import Request.
  Time since last request: 0.000024 seconds.
  path: Assets/Sprites/props1_1423.asset
  artifactKey: Guid(45f61e5fbfd44494798f1bd58dd85fdf) Importer(815301076,1909f56bfc062723c751e8b465ee728b)
Start importing Assets/Sprites/props1_1423.asset using Guid(45f61e5fbfd44494798f1bd58dd85fdf) Importer(815301076,1909f56bfc062723c751e8b465ee728b) (PreviewImporter) -> (artifact id: 'f1d2e76e14fbfc9e1ad2c0790863683e') in 0.0143783 seconds
Number of updated asset objects reloaded before import = 0Number of asset objects unloaded after import = 3

========================================================================
Received Import Request.
  Time since last request: 0.000031 seconds.
  path: Assets/UnitystoreAssets/Cave Platformer Tileset/Individual PNG files/Tileset/bg_cave_blueish_16x32/bg_cave_blueish_16x32_tile_16.png
  artifactKey: Guid(8e859683fbf41b841a1660547afab09a) Importer(815301076,1909f56bfc062723c751e8b465ee728b)
Start importing Assets/UnitystoreAssets/Cave Platformer Tileset/Individual PNG files/Tileset/bg_cave_blueish_16x32/bg_cave_blueish_16x32_tile_16.png using Guid(8e859683fbf41b841a1660547afab09a) Importer(815301076,1909f56bfc062723c751e8b465ee728b) (PreviewImporter) -> (artifact id: 'a12e0a8c4d5fe56eb755fecc4735e434') in 0.0134513 seconds
Number of updated asset objects reloaded before import = 0Number of asset objects unloaded after import = 3

========================================================================
Received Import Request.
  Time since last request: 0.000022 seconds.
  path: Assets/Sprites/props1_1362.asset
  artifactKey: Guid(44a685f26c2a9f54687ad589febdf6ed) Importer(815301076,1909f56bfc062723c751e8b465ee728b)
Start importing Assets/Sprites/props1_1362.asset using Guid(44a685f26c2a9f54687ad589febdf6ed) Importer(815301076,1909f56bfc062723c751e8b465ee728b) (PreviewImporter) -> (artifact id: 'a672deba5b269a4c316cca7d24599ac6') in 0.0151149 seconds
Number of updated asset objects reloaded before import = 0Number of asset objects unloaded after import = 3

========================================================================
Received Import Request.
  Time since last request: 0.000022 seconds.
  path: Assets/Sprites/mainlev_build_523.asset
  artifactKey: Guid(c36864a9d1569c74c9ee41ef62995849) Importer(815301076,1909f56bfc062723c751e8b465ee728b)
Start importing Assets/Sprites/mainlev_build_523.asset using Guid(c36864a9d1569c74c9ee41ef62995849) Importer(815301076,1909f56bfc062723c751e8b465ee728b) (PreviewImporter) -> (artifact id: '00af9fdd2523a969e78b571ca8e87f47') in 0.0120626 seconds
Number of updated asset objects reloaded before import = 0Number of asset objects unloaded after import = 3

========================================================================
Received Import Request.
  Time since last request: 0.000021 seconds.
  path: Assets/UnitystoreAssets/Cave Platformer Tileset/Individual PNG files/Tileset/objects_misc_animated/object_misc_animated_11.png
  artifactKey: Guid(70baa68135885b3448671aeab345065e) Importer(815301076,1909f56bfc062723c751e8b465ee728b)
Start importing Assets/UnitystoreAssets/Cave Platformer Tileset/Individual PNG files/Tileset/objects_misc_animated/object_misc_animated_11.png using Guid(70baa68135885b3448671aeab345065e) Importer(815301076,1909f56bfc062723c751e8b465ee728b) (PreviewImporter) -> (artifact id: '2742af56c12021de7d65eb74dfe466ac') in 0.0133475 seconds
Number of updated asset objects reloaded before import = 0Number of asset objects unloaded after import = 3

========================================================================
Received Import Request.
  Time since last request: 0.000020 seconds.
  path: Assets/Sprites/props1_484.asset
  artifactKey: Guid(67101ffe8d939134cb23cf27e8fd33f8) Importer(815301076,1909f56bfc062723c751e8b465ee728b)
Start importing Assets/Sprites/props1_484.asset using Guid(67101ffe8d939134cb23cf27e8fd33f8) Importer(815301076,1909f56bfc062723c751e8b465ee728b) (PreviewImporter) -> (artifact id: '84f16dbcc1bcb9b032cd5feb60297941') in 0.014539 seconds
Number of updated asset objects reloaded before import = 0Number of asset objects unloaded after import = 3

========================================================================
Received Import Request.
  Time since last request: 0.000026 seconds.
  path: Assets/Sprites/props1_320.asset
  artifactKey: Guid(627a7db58c0068749839d336915b1760) Importer(815301076,1909f56bfc062723c751e8b465ee728b)
Start importing Assets/Sprites/props1_320.asset using Guid(627a7db58c0068749839d336915b1760) Importer(815301076,1909f56bfc062723c751e8b465ee728b) (PreviewImporter) -> (artifact id: '2b37619d81f5ed01e2c82b74dc8bd560') in 0.0134476 seconds
Number of updated asset objects reloaded before import = 0Number of asset objects unloaded after import = 3

========================================================================
Received Import Request.
  Time since last request: 0.000025 seconds.
  path: Assets/UnitystoreAssets/2D Pixel Art Platformer Biome - Plains/Tilemap/TilePlant2.asset
  artifactKey: Guid(5d78d4d83f5fa8342882bbfab1f36d52) Importer(815301076,1909f56bfc062723c751e8b465ee728b)
Start importing Assets/UnitystoreAssets/2D Pixel Art Platformer Biome - Plains/Tilemap/TilePlant2.asset using Guid(5d78d4d83f5fa8342882bbfab1f36d52) Importer(815301076,1909f56bfc062723c751e8b465ee728b) (PreviewImporter) -> (artifact id: '9c61d8f643be516bb2ca1c5b7f234add') in 0.0115763 seconds
Number of updated asset objects reloaded before import = 0Number of asset objects unloaded after import = 3

========================================================================
Received Import Request.
  Time since last request: 0.000032 seconds.
  path: Assets/Sprites/props1_951.asset
  artifactKey: Guid(93b0c1b033366ea469650414ad2f6f44) Importer(815301076,1909f56bfc062723c751e8b465ee728b)
Start importing Assets/Sprites/props1_951.asset using Guid(93b0c1b033366ea469650414ad2f6f44) Importer(815301076,1909f56bfc062723c751e8b465ee728b) (PreviewImporter) -> (artifact id: '5258be3a33e68ef4fc56fbaff0eea80b') in 0.014977 seconds
Number of updated asset objects reloaded before import = 0Number of asset objects unloaded after import = 3

========================================================================
Received Import Request.
  Time since last request: 0.000022 seconds.
  path: Assets/Sprites/props1_2238.asset
  artifactKey: Guid(708523cb99ff7c447acc35ab2e801556) Importer(815301076,1909f56bfc062723c751e8b465ee728b)
Start importing Assets/Sprites/props1_2238.asset using Guid(708523cb99ff7c447acc35ab2e801556) Importer(815301076,1909f56bfc062723c751e8b465ee728b) (PreviewImporter) -> (artifact id: 'cb8cd9fe0160fc9a6a6fbdf794a91742') in 0.0142234 seconds
Number of updated asset objects reloaded before import = 0Number of asset objects unloaded after import = 3

========================================================================
Received Import Request.
  Time since last request: 0.000022 seconds.
  path: Assets/Sprites/mainlev_build_240.asset
  artifactKey: Guid(d2a9c5a6ba82b294cb832b01fb688d30) Importer(815301076,1909f56bfc062723c751e8b465ee728b)
Start importing Assets/Sprites/mainlev_build_240.asset using Guid(d2a9c5a6ba82b294cb832b01fb688d30) Importer(815301076,1909f56bfc062723c751e8b465ee728b) (PreviewImporter) -> (artifact id: '2486118c552df556597cf893800aecb9') in 0.0119531 seconds
Number of updated asset objects reloaded before import = 0Number of asset objects unloaded after import = 3

========================================================================
Received Import Request.
  Time since last request: 0.000022 seconds.
  path: Assets/Sprites/mainlev_build_479.asset
  artifactKey: Guid(ea589bff8ec5a4d4a966b452e8d2ffc5) Importer(815301076,1909f56bfc062723c751e8b465ee728b)
Start importing Assets/Sprites/mainlev_build_479.asset using Guid(ea589bff8ec5a4d4a966b452e8d2ffc5) Importer(815301076,1909f56bfc062723c751e8b465ee728b) (PreviewImporter) -> (artifact id: 'a7576ffa682321c3af584613e2e13373') in 0.0121014 seconds
Number of updated asset objects reloaded before import = 0Number of asset objects unloaded after import = 3

========================================================================
Received Import Request.
  Time since last request: 0.000022 seconds.
  path: Assets/Sprites/props1_1059.asset
  artifactKey: Guid(c69f6791b743eda4f951138099125c6d) Importer(815301076,1909f56bfc062723c751e8b465ee728b)
Start importing Assets/Sprites/props1_1059.asset using Guid(c69f6791b743eda4f951138099125c6d) Importer(815301076,1909f56bfc062723c751e8b465ee728b) (PreviewImporter) -> (artifact id: 'bcbcbdebe50823b66d30109504375c2b') in 0.0136184 seconds
Number of updated asset objects reloaded before import = 0Number of asset objects unloaded after import = 3

========================================================================
Received Import Request.
  Time since last request: 0.000022 seconds.
  path: Assets/Sprites/props1_1507.asset
  artifactKey: Guid(8ba676c903358b24e8772e5d36ec1199) Importer(815301076,1909f56bfc062723c751e8b465ee728b)
Start importing Assets/Sprites/props1_1507.asset using Guid(8ba676c903358b24e8772e5d36ec1199) Importer(815301076,1909f56bfc062723c751e8b465ee728b) (PreviewImporter) -> (artifact id: '35ec36d07a2ac24e7160134ad600d3e2') in 0.0140477 seconds
Number of updated asset objects reloaded before import = 0Number of asset objects unloaded after import = 3

========================================================================
Received Import Request.
  Time since last request: 0.000023 seconds.
  path: Assets/Sprites/props1_861.asset
  artifactKey: Guid(2b892e25f77d6524a8d55222614c9a06) Importer(815301076,1909f56bfc062723c751e8b465ee728b)
Start importing Assets/Sprites/props1_861.asset using Guid(2b892e25f77d6524a8d55222614c9a06) Importer(815301076,1909f56bfc062723c751e8b465ee728b) (PreviewImporter) -> (artifact id: 'e944732bfa45c10b67fa03b8b4bcba54') in 0.0158582 seconds
Number of updated asset objects reloaded before import = 0Number of asset objects unloaded after import = 3

========================================================================
Received Import Request.
  Time since last request: 0.000030 seconds.
  path: Assets/UnitystoreAssets/Cave Platformer Tileset/Individual PNG files/Tileset/trees-trunk-lightbrown/trees-trunk-lightbrown-57.png
  artifactKey: Guid(bfd2146b762b39d45aa46230a2ff008e) Importer(815301076,1909f56bfc062723c751e8b465ee728b)
Start importing Assets/UnitystoreAssets/Cave Platformer Tileset/Individual PNG files/Tileset/trees-trunk-lightbrown/trees-trunk-lightbrown-57.png using Guid(bfd2146b762b39d45aa46230a2ff008e) Importer(815301076,1909f56bfc062723c751e8b465ee728b) (PreviewImporter) -> (artifact id: 'f272a711a4946fcc134c989921ee121f') in 0.0137916 seconds
Number of updated asset objects reloaded before import = 0Number of asset objects unloaded after import = 3

========================================================================
Received Import Request.
  Time since last request: 0.000021 seconds.
  path: Assets/Sprites/props1_1746.asset
  artifactKey: Guid(f92fe62db4b740e4da161e5b92816197) Importer(815301076,1909f56bfc062723c751e8b465ee728b)
Start importing Assets/Sprites/props1_1746.asset using Guid(f92fe62db4b740e4da161e5b92816197) Importer(815301076,1909f56bfc062723c751e8b465ee728b) (PreviewImporter) -> (artifact id: '3b3249b33218650b247a3db8c6d2f1ca') in 0.0138614 seconds
Number of updated asset objects reloaded before import = 0Number of asset objects unloaded after import = 3

========================================================================
Received Import Request.
  Time since last request: 0.000022 seconds.
  path: Assets/UnitystoreAssets/Asset FTTGR/Sprites/Environment/Grounds/WhiteBlock.png
  artifactKey: Guid(852c417e195f6f445a5b6635abe9e118) Importer(815301076,1909f56bfc062723c751e8b465ee728b)
Start importing Assets/UnitystoreAssets/Asset FTTGR/Sprites/Environment/Grounds/WhiteBlock.png using Guid(852c417e195f6f445a5b6635abe9e118) Importer(815301076,1909f56bfc062723c751e8b465ee728b) (PreviewImporter) -> (artifact id: '2788a5eb98e9cf535b241bb92f0d8462') in 0.0163099 seconds
Number of updated asset objects reloaded before import = 0Number of asset objects unloaded after import = 3

========================================================================
Received Import Request.
  Time since last request: 0.000021 seconds.
  path: Assets/Sprites/mainlev_build_468.asset
  artifactKey: Guid(7bcb204a37eacf84e877443942f23459) Importer(815301076,1909f56bfc062723c751e8b465ee728b)
Start importing Assets/Sprites/mainlev_build_468.asset using Guid(7bcb204a37eacf84e877443942f23459) Importer(815301076,1909f56bfc062723c751e8b465ee728b) (PreviewImporter) -> (artifact id: '7f6cbc06ed2fbefe207a9cfff315577b') in 0.0117121 seconds
Number of updated asset objects reloaded before import = 0Number of asset objects unloaded after import = 3

========================================================================
Received Import Request.
  Time since last request: 0.000021 seconds.
  path: Assets/Sprites/mainlev_build_285.asset
  artifactKey: Guid(0c08a65a66c000a46b58f6b040eb443d) Importer(815301076,1909f56bfc062723c751e8b465ee728b)
Start importing Assets/Sprites/mainlev_build_285.asset using Guid(0c08a65a66c000a46b58f6b040eb443d) Importer(815301076,1909f56bfc062723c751e8b465ee728b) (PreviewImporter) -> (artifact id: '3be61cf3ac9fa143f43a933873ef1902') in 0.0119923 seconds
Number of updated asset objects reloaded before import = 0Number of asset objects unloaded after import = 3

========================================================================
Received Import Request.
  Time since last request: 0.000020 seconds.
  path: Assets/UnitystoreAssets/Cave Platformer Tileset/Individual PNG files/Monster/scorpion-black/scorpion-black-18.png
  artifactKey: Guid(7096ce1e4ee031a45ae7a0301aeb77bd) Importer(815301076,1909f56bfc062723c751e8b465ee728b)
Start importing Assets/UnitystoreAssets/Cave Platformer Tileset/Individual PNG files/Monster/scorpion-black/scorpion-black-18.png using Guid(7096ce1e4ee031a45ae7a0301aeb77bd) Importer(815301076,1909f56bfc062723c751e8b465ee728b) (PreviewImporter) -> (artifact id: '41dd84700c4a2ba4a15330f8d5e0f18b') in 0.0126893 seconds
Number of updated asset objects reloaded before import = 0Number of asset objects unloaded after import = 3

========================================================================
Received Import Request.
  Time since last request: 0.000024 seconds.
  path: Assets/Sprites/props1_2132.asset
  artifactKey: Guid(e0775f33d2208944188bb0b8332e257b) Importer(815301076,1909f56bfc062723c751e8b465ee728b)
Start importing Assets/Sprites/props1_2132.asset using Guid(e0775f33d2208944188bb0b8332e257b) Importer(815301076,1909f56bfc062723c751e8b465ee728b) (PreviewImporter) -> (artifact id: '6469ee53a0f58e8c57217b01dc4b4eef') in 0.0142494 seconds
Number of updated asset objects reloaded before import = 0Number of asset objects unloaded after import = 3

========================================================================
Received Import Request.
  Time since last request: 0.000025 seconds.
  path: Assets/Sprites/props1_455.asset
  artifactKey: Guid(71f3484c8534b504f876f448a1f338dc) Importer(815301076,1909f56bfc062723c751e8b465ee728b)
Start importing Assets/Sprites/props1_455.asset using Guid(71f3484c8534b504f876f448a1f338dc) Importer(815301076,1909f56bfc062723c751e8b465ee728b) (PreviewImporter) -> (artifact id: '5a317e505e3f189b17f328faf561b502') in 0.0139194 seconds
Number of updated asset objects reloaded before import = 0Number of asset objects unloaded after import = 3

========================================================================
Received Import Request.
  Time since last request: 0.000030 seconds.
  path: Assets/UnitystoreAssets/Cave Platformer Tileset/Individual PNG files/Tileset/trees-trunk-darkbrown/trees-trunk-darkbrown-50.png
  artifactKey: Guid(61435017fd9c48841990b5f762d0ff41) Importer(815301076,1909f56bfc062723c751e8b465ee728b)
Start importing Assets/UnitystoreAssets/Cave Platformer Tileset/Individual PNG files/Tileset/trees-trunk-darkbrown/trees-trunk-darkbrown-50.png using Guid(61435017fd9c48841990b5f762d0ff41) Importer(815301076,1909f56bfc062723c751e8b465ee728b) (PreviewImporter) -> (artifact id: '0675c03608b2bae4eee087d2d513f95a') in 0.0128032 seconds
Number of updated asset objects reloaded before import = 0Number of asset objects unloaded after import = 3

========================================================================
Received Import Request.
  Time since last request: 0.000021 seconds.
  path: Assets/Sprites/props1_111.asset
  artifactKey: Guid(67ca78e1a1e0c79419292c32ea4e53f0) Importer(815301076,1909f56bfc062723c751e8b465ee728b)
Start importing Assets/Sprites/props1_111.asset using Guid(67ca78e1a1e0c79419292c32ea4e53f0) Importer(815301076,1909f56bfc062723c751e8b465ee728b) (PreviewImporter) -> (artifact id: '8bdef5a957633205262e3ed649836919') in 0.0139901 seconds
Number of updated asset objects reloaded before import = 0Number of asset objects unloaded after import = 3

========================================================================
Received Import Request.
  Time since last request: 0.000022 seconds.
  path: Assets/Sprites/mainlev_build_12.asset
  artifactKey: Guid(04067f000e1a5b344b605ec387059f99) Importer(815301076,1909f56bfc062723c751e8b465ee728b)
Start importing Assets/Sprites/mainlev_build_12.asset using Guid(04067f000e1a5b344b605ec387059f99) Importer(815301076,1909f56bfc062723c751e8b465ee728b) (PreviewImporter) -> (artifact id: '8e5656470cc9c8e82251fe58ef207827') in 0.0128159 seconds
Number of updated asset objects reloaded before import = 0Number of asset objects unloaded after import = 3

========================================================================
Received Import Request.
  Time since last request: 0.000021 seconds.
  path: Assets/Sprites/mainlev_build_275.asset
  artifactKey: Guid(cfd1dc7a94cb3164bb8511b1c553de97) Importer(815301076,1909f56bfc062723c751e8b465ee728b)
Start importing Assets/Sprites/mainlev_build_275.asset using Guid(cfd1dc7a94cb3164bb8511b1c553de97) Importer(815301076,1909f56bfc062723c751e8b465ee728b) (PreviewImporter) -> (artifact id: '0112c718a3e6a14494da98aba806bbd5') in 0.0130366 seconds
Number of updated asset objects reloaded before import = 0Number of asset objects unloaded after import = 3

========================================================================
Received Import Request.
  Time since last request: 0.000022 seconds.
  path: Assets/Sprites/props1_281.asset
  artifactKey: Guid(e3954cee25759bf488f84698e06d0a13) Importer(815301076,1909f56bfc062723c751e8b465ee728b)
Start importing Assets/Sprites/props1_281.asset using Guid(e3954cee25759bf488f84698e06d0a13) Importer(815301076,1909f56bfc062723c751e8b465ee728b) (PreviewImporter) -> (artifact id: '2f33e67457b0cc8abf7b724b932f033a') in 0.014066 seconds
Number of updated asset objects reloaded before import = 0Number of asset objects unloaded after import = 3

========================================================================
Received Import Request.
  Time since last request: 0.000023 seconds.
  path: Assets/Sprites/props1_2175.asset
  artifactKey: Guid(179238db13a2ea64fb1fb08b7eda3bb6) Importer(815301076,1909f56bfc062723c751e8b465ee728b)
Start importing Assets/Sprites/props1_2175.asset using Guid(179238db13a2ea64fb1fb08b7eda3bb6) Importer(815301076,1909f56bfc062723c751e8b465ee728b) (PreviewImporter) -> (artifact id: 'b19e9098d63fa5b356b6bf343d6c41bf') in 0.0139254 seconds
Number of updated asset objects reloaded before import = 0Number of asset objects unloaded after import = 3

========================================================================
Received Import Request.
  Time since last request: 0.000031 seconds.
  path: Assets/Sprites/props1_1312.asset
  artifactKey: Guid(73df547ad5b364b45b0c1547d808edd3) Importer(815301076,1909f56bfc062723c751e8b465ee728b)
Start importing Assets/Sprites/props1_1312.asset using Guid(73df547ad5b364b45b0c1547d808edd3) Importer(815301076,1909f56bfc062723c751e8b465ee728b) (PreviewImporter) -> (artifact id: '22a8ad4266c07ab54a3010c9c2bdc37c') in 0.0144347 seconds
Number of updated asset objects reloaded before import = 0Number of asset objects unloaded after import = 3

========================================================================
Received Import Request.
  Time since last request: 0.000031 seconds.
  path: Assets/Sprites/props1_663.asset
  artifactKey: Guid(801732d771cd30b4eb6aaa29de6c05cd) Importer(815301076,1909f56bfc062723c751e8b465ee728b)
Start importing Assets/Sprites/props1_663.asset using Guid(801732d771cd30b4eb6aaa29de6c05cd) Importer(815301076,1909f56bfc062723c751e8b465ee728b) (PreviewImporter) -> (artifact id: 'e91d59fd1191e3f8249d76afb6f912c9') in 0.0137652 seconds
Number of updated asset objects reloaded before import = 0Number of asset objects unloaded after import = 3

========================================================================
Received Import Request.
  Time since last request: 0.000023 seconds.
  path: Assets/UnitystoreAssets/Cave Platformer Tileset/Individual PNG files/Monster/scorpion-red/scorpion-red-11.png
  artifactKey: Guid(046a8b21f46fc0249ba41d53840858aa) Importer(815301076,1909f56bfc062723c751e8b465ee728b)
Start importing Assets/UnitystoreAssets/Cave Platformer Tileset/Individual PNG files/Monster/scorpion-red/scorpion-red-11.png using Guid(046a8b21f46fc0249ba41d53840858aa) Importer(815301076,1909f56bfc062723c751e8b465ee728b) (PreviewImporter) -> (artifact id: '44856f0b6484dc7485d713111b2cc384') in 0.012811 seconds
Number of updated asset objects reloaded before import = 0Number of asset objects unloaded after import = 3

========================================================================
Received Import Request.
  Time since last request: 0.000022 seconds.
  path: Assets/UnitystoreAssets/Cave Platformer Tileset/Example stage layers/bg_08_grey.png
  artifactKey: Guid(11d3250d7477304408f789808c45412f) Importer(815301076,1909f56bfc062723c751e8b465ee728b)
Start importing Assets/UnitystoreAssets/Cave Platformer Tileset/Example stage layers/bg_08_grey.png using Guid(11d3250d7477304408f789808c45412f) Importer(815301076,1909f56bfc062723c751e8b465ee728b) (PreviewImporter) -> (artifact id: '9c87dfa52b47cdd2aefdf33882c9b08a') in 0.0216035 seconds
Number of updated asset objects reloaded before import = 0Number of asset objects unloaded after import = 3

========================================================================
Received Import Request.
  Time since last request: 0.000024 seconds.
  path: Assets/Sprites/props1_1611.asset
  artifactKey: Guid(a7e011aa5477f2b48a93f30d3300739e) Importer(815301076,1909f56bfc062723c751e8b465ee728b)
Start importing Assets/Sprites/props1_1611.asset using Guid(a7e011aa5477f2b48a93f30d3300739e) Importer(815301076,1909f56bfc062723c751e8b465ee728b) (PreviewImporter) -> (artifact id: '69e10f2443cdd5f2e41880ba6352ee3b') in 0.0145487 seconds
Number of updated asset objects reloaded before import = 0Number of asset objects unloaded after import = 3

========================================================================
Received Import Request.
  Time since last request: 0.000023 seconds.
  path: Assets/Sprites/props1_1271.asset
  artifactKey: Guid(2761134b0eb08124ea3e44e6c17b3f59) Importer(815301076,1909f56bfc062723c751e8b465ee728b)
Start importing Assets/Sprites/props1_1271.asset using Guid(2761134b0eb08124ea3e44e6c17b3f59) Importer(815301076,1909f56bfc062723c751e8b465ee728b) (PreviewImporter) -> (artifact id: 'a99487b0bbf678a26daf8585a5c34938') in 0.0142914 seconds
Number of updated asset objects reloaded before import = 0Number of asset objects unloaded after import = 3

========================================================================
Received Import Request.
  Time since last request: 0.000023 seconds.
  path: Assets/Sprites/props1_1239.asset
  artifactKey: Guid(c714c3d9810f9fb4586ecd1e4f196721) Importer(815301076,1909f56bfc062723c751e8b465ee728b)
Start importing Assets/Sprites/props1_1239.asset using Guid(c714c3d9810f9fb4586ecd1e4f196721) Importer(815301076,1909f56bfc062723c751e8b465ee728b) (PreviewImporter) -> (artifact id: '4b1d05a1a8cb06509c2dc9f0239ff17c') in 0.0154047 seconds
Number of updated asset objects reloaded before import = 0Number of asset objects unloaded after import = 3

========================================================================
Received Import Request.
  Time since last request: 0.000025 seconds.
  path: Assets/UnitystoreAssets/Cainos/Pixel Art Platformer - Village Props/Tileset Palette/TP Ground/TX Tileset Ground_60.asset
  artifactKey: Guid(40122f13592e89a468df5e6a1dccebe7) Importer(815301076,1909f56bfc062723c751e8b465ee728b)
Start importing Assets/UnitystoreAssets/Cainos/Pixel Art Platformer - Village Props/Tileset Palette/TP Ground/TX Tileset Ground_60.asset using Guid(40122f13592e89a468df5e6a1dccebe7) Importer(815301076,1909f56bfc062723c751e8b465ee728b) (PreviewImporter) -> (artifact id: '64ff37e2f2e87eb68968e870b1989c24') in 0.0059758 seconds
Number of updated asset objects reloaded before import = 0Number of asset objects unloaded after import = 3

========================================================================
Received Import Request.
  Time since last request: 0.000030 seconds.
  path: Assets/UnitystoreAssets/2D Pixel Art Platformer Biome - American Forest/Tilemap/TileGround11.asset
  artifactKey: Guid(0157b2ac8baf50c40ae0ea942f17e23a) Importer(815301076,1909f56bfc062723c751e8b465ee728b)
Start importing Assets/UnitystoreAssets/2D Pixel Art Platformer Biome - American Forest/Tilemap/TileGround11.asset using Guid(0157b2ac8baf50c40ae0ea942f17e23a) Importer(815301076,1909f56bfc062723c751e8b465ee728b) (PreviewImporter) -> (artifact id: '60d700ca11a508e603ff9e1f9463a35d') in 0.0126965 seconds
Number of updated asset objects reloaded before import = 0Number of asset objects unloaded after import = 92

========================================================================
Received Import Request.
  Time since last request: 0.000023 seconds.
  path: Assets/Sprites/props1_1332.asset
  artifactKey: Guid(20dc7db252dc77842a498604c7dcd836) Importer(815301076,1909f56bfc062723c751e8b465ee728b)
Start importing Assets/Sprites/props1_1332.asset using Guid(20dc7db252dc77842a498604c7dcd836) Importer(815301076,1909f56bfc062723c751e8b465ee728b) (PreviewImporter) -> (artifact id: '4e288faeae89ea88aca324a6b80c2691') in 0.0210029 seconds
Number of updated asset objects reloaded before import = 0Number of asset objects unloaded after import = 3

========================================================================
Received Import Request.
  Time since last request: 0.000022 seconds.
  path: Assets/Sprites/props1_1316.asset
  artifactKey: Guid(2695e99c569d9aa43a40233df27518c3) Importer(815301076,1909f56bfc062723c751e8b465ee728b)
Start importing Assets/Sprites/props1_1316.asset using Guid(2695e99c569d9aa43a40233df27518c3) Importer(815301076,1909f56bfc062723c751e8b465ee728b) (PreviewImporter) -> (artifact id: 'd97374a4df12164ef7820affb5e34e50') in 0.0148073 seconds
Number of updated asset objects reloaded before import = 0Number of asset objects unloaded after import = 3

========================================================================
Received Import Request.
  Time since last request: 0.000023 seconds.
  path: Assets/Sprites/props1_1965.asset
  artifactKey: Guid(50dca2fbfc11415478ed93696fb7cc37) Importer(815301076,1909f56bfc062723c751e8b465ee728b)
Start importing Assets/Sprites/props1_1965.asset using Guid(50dca2fbfc11415478ed93696fb7cc37) Importer(815301076,1909f56bfc062723c751e8b465ee728b) (PreviewImporter) -> (artifact id: '422a2f7f73e2c36a58ea94e4c35c4204') in 0.0143087 seconds
Number of updated asset objects reloaded before import = 0Number of asset objects unloaded after import = 3

========================================================================
Received Import Request.
  Time since last request: 0.000023 seconds.
  path: Assets/Sprites/props1_1963.asset
  artifactKey: Guid(16f55677ad6ee2e41ac7a2d670bb1c6e) Importer(815301076,1909f56bfc062723c751e8b465ee728b)
Start importing Assets/Sprites/props1_1963.asset using Guid(16f55677ad6ee2e41ac7a2d670bb1c6e) Importer(815301076,1909f56bfc062723c751e8b465ee728b) (PreviewImporter) -> (artifact id: 'fdd41a255f46882de0d5503c715e076d') in 0.0140864 seconds
Number of updated asset objects reloaded before import = 0Number of asset objects unloaded after import = 3

========================================================================
Received Import Request.
  Time since last request: 0.000022 seconds.
  path: Assets/Sprites/props1_2230.asset
  artifactKey: Guid(777c67a3010ad7142a8b96860c0833d4) Importer(815301076,1909f56bfc062723c751e8b465ee728b)
Start importing Assets/Sprites/props1_2230.asset using Guid(777c67a3010ad7142a8b96860c0833d4) Importer(815301076,1909f56bfc062723c751e8b465ee728b) (PreviewImporter) -> (artifact id: 'bf9702673c5f3bc70471589fc3b92903') in 0.0137082 seconds
Number of updated asset objects reloaded before import = 0Number of asset objects unloaded after import = 3

========================================================================
Received Import Request.
  Time since last request: 0.000024 seconds.
  path: Assets/TextMesh Pro/Shaders/TMP_Sprite.shader
  artifactKey: Guid(cf81c85f95fe47e1a27f6ae460cf182c) Importer(815301076,1909f56bfc062723c751e8b465ee728b)
Start importing Assets/TextMesh Pro/Shaders/TMP_Sprite.shader using Guid(cf81c85f95fe47e1a27f6ae460cf182c) Importer(815301076,1909f56bfc062723c751e8b465ee728b) (PreviewImporter) -> (artifact id: '32cf3894b9f718ddc3cab8d9057644d3') in 0.0008041 seconds
Number of updated asset objects reloaded before import = 0Number of asset objects unloaded after import = 0

========================================================================
Received Import Request.
  Time since last request: 0.000039 seconds.
  path: Assets/Sprites/props1_1129.asset
  artifactKey: Guid(67085d1069fe99e4b803a6cf9304c770) Importer(815301076,1909f56bfc062723c751e8b465ee728b)
Start importing Assets/Sprites/props1_1129.asset using Guid(67085d1069fe99e4b803a6cf9304c770) Importer(815301076,1909f56bfc062723c751e8b465ee728b) (PreviewImporter) -> (artifact id: '35068f5c81857afab7f9f38db082a534') in 0.0150671 seconds
Number of updated asset objects reloaded before import = 0Number of asset objects unloaded after import = 3

========================================================================
Received Import Request.
  Time since last request: 0.000025 seconds.
  path: Assets/Sprites/mainlev_build_169.asset
  artifactKey: Guid(c72d1c5f53d22b94994d8a81a6d9ddd2) Importer(815301076,1909f56bfc062723c751e8b465ee728b)
Start importing Assets/Sprites/mainlev_build_169.asset using Guid(c72d1c5f53d22b94994d8a81a6d9ddd2) Importer(815301076,1909f56bfc062723c751e8b465ee728b) (PreviewImporter) -> (artifact id: '992f29219e7a384434a3f6e2c347114c') in 0.0137731 seconds
Number of updated asset objects reloaded before import = 0Number of asset objects unloaded after import = 3

========================================================================
Received Import Request.
  Time since last request: 0.000022 seconds.
  path: Assets/TextMesh Pro/Resources/Fonts & Materials/LiberationSans SDF - Outline.mat
  artifactKey: Guid(79459efec17a4d00a321bdcc27bbc385) Importer(815301076,1909f56bfc062723c751e8b465ee728b)
Start importing Assets/TextMesh Pro/Resources/Fonts & Materials/LiberationSans SDF - Outline.mat using Guid(79459efec17a4d00a321bdcc27bbc385) Importer(815301076,1909f56bfc062723c751e8b465ee728b) (PreviewImporter) -> (artifact id: '6e8695949559da16af82bab34e34bb95') in 0.0688433 seconds
Number of updated asset objects reloaded before import = 0Number of asset objects unloaded after import = 2

========================================================================
Received Import Request.
  Time since last request: 0.000023 seconds.
  path: Assets/Sprites/props1_554.asset
  artifactKey: Guid(0ff3208d13976d04abc06fcea0a1a559) Importer(815301076,1909f56bfc062723c751e8b465ee728b)
Start importing Assets/Sprites/props1_554.asset using Guid(0ff3208d13976d04abc06fcea0a1a559) Importer(815301076,1909f56bfc062723c751e8b465ee728b) (PreviewImporter) -> (artifact id: '46c13ab622b2478202cf7bdd194f8b5a') in 0.0153436 seconds
Number of updated asset objects reloaded before import = 0Number of asset objects unloaded after import = 3

========================================================================
Received Import Request.
  Time since last request: 0.000023 seconds.
  path: Assets/Sprites/mainlev_build_65.asset
  artifactKey: Guid(4ffb9d9286ad91f4ea1ab7998cbf264b) Importer(815301076,1909f56bfc062723c751e8b465ee728b)
Start importing Assets/Sprites/mainlev_build_65.asset using Guid(4ffb9d9286ad91f4ea1ab7998cbf264b) Importer(815301076,1909f56bfc062723c751e8b465ee728b) (PreviewImporter) -> (artifact id: '084e1982e74a8f707389dddd66c05efd') in 0.014685 seconds
Number of updated asset objects reloaded before import = 0Number of asset objects unloaded after import = 3

========================================================================
Received Import Request.
  Time since last request: 0.000026 seconds.
  path: Assets/Sprites/mainlev_build_234.asset
  artifactKey: Guid(fa76cd2904820b649ad833a55ca907b2) Importer(815301076,1909f56bfc062723c751e8b465ee728b)
Start importing Assets/Sprites/mainlev_build_234.asset using Guid(fa76cd2904820b649ad833a55ca907b2) Importer(815301076,1909f56bfc062723c751e8b465ee728b) (PreviewImporter) -> (artifact id: '5d47f132f2fb6f8b67202c71a6dddde8') in 0.012543 seconds
Number of updated asset objects reloaded before import = 0Number of asset objects unloaded after import = 3

========================================================================
Received Import Request.
  Time since last request: 0.000031 seconds.
  path: Assets/UnitystoreAssets/Cave Platformer Tileset/Individual PNG files/Tileset/parallax_cave_holes_greenish/parallax_cave_holes_greenish_tiles_05.png
  artifactKey: Guid(78261a36244ded547885955f6beecd72) Importer(815301076,1909f56bfc062723c751e8b465ee728b)
Start importing Assets/UnitystoreAssets/Cave Platformer Tileset/Individual PNG files/Tileset/parallax_cave_holes_greenish/parallax_cave_holes_greenish_tiles_05.png using Guid(78261a36244ded547885955f6beecd72) Importer(815301076,1909f56bfc062723c751e8b465ee728b) (PreviewImporter) -> (artifact id: 'd2f9f72730fbcb9e6cba97ad69caf9de') in 0.0129878 seconds
Number of updated asset objects reloaded before import = 0Number of asset objects unloaded after import = 3

========================================================================
Received Import Request.
  Time since last request: 0.000020 seconds.
  path: Assets/UnitystoreAssets/Cave Platformer Tileset/Individual PNG files/Tileset/bg_cave_greenish_other/bg_cave_greenish_other_01.png
  artifactKey: Guid(4170f712e8619144d8f19257d0eca8c3) Importer(815301076,1909f56bfc062723c751e8b465ee728b)
Start importing Assets/UnitystoreAssets/Cave Platformer Tileset/Individual PNG files/Tileset/bg_cave_greenish_other/bg_cave_greenish_other_01.png using Guid(4170f712e8619144d8f19257d0eca8c3) Importer(815301076,1909f56bfc062723c751e8b465ee728b) (PreviewImporter) -> (artifact id: '25d00c0b9f83fc1976b2c1d1cb21e9aa') in 0.0126743 seconds
Number of updated asset objects reloaded before import = 0Number of asset objects unloaded after import = 3

========================================================================
Received Import Request.
  Time since last request: 0.000021 seconds.
  path: Assets/Sprites/mainlev_build_253.asset
  artifactKey: Guid(2242e5bdb8f2726478cac8994b326067) Importer(815301076,1909f56bfc062723c751e8b465ee728b)
Start importing Assets/Sprites/mainlev_build_253.asset using Guid(2242e5bdb8f2726478cac8994b326067) Importer(815301076,1909f56bfc062723c751e8b465ee728b) (PreviewImporter) -> (artifact id: 'abeb9357c4a9234ba182fafd45141929') in 0.0127531 seconds
Number of updated asset objects reloaded before import = 0Number of asset objects unloaded after import = 3

========================================================================
Received Import Request.
  Time since last request: 0.000021 seconds.
  path: Assets/Sprites/props1_1641.asset
  artifactKey: Guid(9dc7ed79c39c9cc45a50495fde7fb867) Importer(815301076,1909f56bfc062723c751e8b465ee728b)
Start importing Assets/Sprites/props1_1641.asset using Guid(9dc7ed79c39c9cc45a50495fde7fb867) Importer(815301076,1909f56bfc062723c751e8b465ee728b) (PreviewImporter) -> (artifact id: '99712136cefa8e137f948989822c06a4') in 0.0136327 seconds
Number of updated asset objects reloaded before import = 0Number of asset objects unloaded after import = 3

========================================================================
Received Import Request.
  Time since last request: 0.000021 seconds.
  path: Assets/Sprites/mainlev_build_269.asset
  artifactKey: Guid(bf423ae0618c76044a71b68b4ef4e594) Importer(815301076,1909f56bfc062723c751e8b465ee728b)
Start importing Assets/Sprites/mainlev_build_269.asset using Guid(bf423ae0618c76044a71b68b4ef4e594) Importer(815301076,1909f56bfc062723c751e8b465ee728b) (PreviewImporter) -> (artifact id: '63b7fe669a1d9e7f19cb04b736b7b02d') in 0.0134618 seconds
Number of updated asset objects reloaded before import = 0Number of asset objects unloaded after import = 3

========================================================================
Received Import Request.
  Time since last request: 0.000022 seconds.
  path: Assets/Sprites/props1_1985.asset
  artifactKey: Guid(849437a8424c0df42aa247027f854eb6) Importer(815301076,1909f56bfc062723c751e8b465ee728b)
Start importing Assets/Sprites/props1_1985.asset using Guid(849437a8424c0df42aa247027f854eb6) Importer(815301076,1909f56bfc062723c751e8b465ee728b) (PreviewImporter) -> (artifact id: 'b491aa0f9f69e7c9ddb160de1d4f5946') in 0.0144287 seconds
Number of updated asset objects reloaded before import = 0Number of asset objects unloaded after import = 3

========================================================================
Received Import Request.
  Time since last request: 0.000023 seconds.
  path: Assets/UnitystoreAssets/Cave Platformer Tileset/Individual PNG files/Tileset/trees-trunk-darkbrown/trees-trunk-darkbrown-3.png
  artifactKey: Guid(7a1a5c51401d4974fbc4494012a71ad2) Importer(815301076,1909f56bfc062723c751e8b465ee728b)
Start importing Assets/UnitystoreAssets/Cave Platformer Tileset/Individual PNG files/Tileset/trees-trunk-darkbrown/trees-trunk-darkbrown-3.png using Guid(7a1a5c51401d4974fbc4494012a71ad2) Importer(815301076,1909f56bfc062723c751e8b465ee728b) (PreviewImporter) -> (artifact id: 'e8b1ebca1f7c27b09f3a83e44d355653') in 0.01341 seconds
Number of updated asset objects reloaded before import = 0Number of asset objects unloaded after import = 3

========================================================================
Received Import Request.
  Time since last request: 0.000028 seconds.
  path: Assets/Sprites/props1_873.asset
  artifactKey: Guid(85befdbea45f87947934cd70e2c30fa4) Importer(815301076,1909f56bfc062723c751e8b465ee728b)
Start importing Assets/Sprites/props1_873.asset using Guid(85befdbea45f87947934cd70e2c30fa4) Importer(815301076,1909f56bfc062723c751e8b465ee728b) (PreviewImporter) -> (artifact id: '29ac850e0806d01031441da0833479a1') in 0.0138568 seconds
Number of updated asset objects reloaded before import = 0Number of asset objects unloaded after import = 3

========================================================================
Received Import Request.
  Time since last request: 0.000023 seconds.
  path: Assets/Sprites/props1_15.asset
  artifactKey: Guid(83d7915f58516d34f8408af66afacc77) Importer(815301076,1909f56bfc062723c751e8b465ee728b)
Start importing Assets/Sprites/props1_15.asset using Guid(83d7915f58516d34f8408af66afacc77) Importer(815301076,1909f56bfc062723c751e8b465ee728b) (PreviewImporter) -> (artifact id: '65a0c3cef386abcb3881d4b6191d6747') in 0.014084 seconds
Number of updated asset objects reloaded before import = 0Number of asset objects unloaded after import = 3

========================================================================
Received Import Request.
  Time since last request: 0.000021 seconds.
  path: Assets/TextMesh Pro/Shaders/TMP_SDF Overlay.shader
  artifactKey: Guid(dd89cf5b9246416f84610a006f916af7) Importer(815301076,1909f56bfc062723c751e8b465ee728b)
Start importing Assets/TextMesh Pro/Shaders/TMP_SDF Overlay.shader using Guid(dd89cf5b9246416f84610a006f916af7) Importer(815301076,1909f56bfc062723c751e8b465ee728b) (PreviewImporter) -> (artifact id: '3b7a1062cfd788ec4cd14da2ff5aa216') in 0.0007121 seconds
Number of updated asset objects reloaded before import = 0Number of asset objects unloaded after import = 0

========================================================================
Received Import Request.
  Time since last request: 0.000023 seconds.
  path: Assets/Sprites/props1_1233.asset
  artifactKey: Guid(3ec61c229855e5c4dadc5a72d6ccc88d) Importer(815301076,1909f56bfc062723c751e8b465ee728b)
Start importing Assets/Sprites/props1_1233.asset using Guid(3ec61c229855e5c4dadc5a72d6ccc88d) Importer(815301076,1909f56bfc062723c751e8b465ee728b) (PreviewImporter) -> (artifact id: '410f5d5501adb2bb92e8ce8514400651') in 0.0149137 seconds
Number of updated asset objects reloaded before import = 0Number of asset objects unloaded after import = 3

========================================================================
Received Import Request.
  Time since last request: 0.000021 seconds.
  path: Assets/Sprites/props1_2049.asset
  artifactKey: Guid(d03e78b31f44e8e488c340ff8434a7b6) Importer(815301076,1909f56bfc062723c751e8b465ee728b)
Start importing Assets/Sprites/props1_2049.asset using Guid(d03e78b31f44e8e488c340ff8434a7b6) Importer(815301076,1909f56bfc062723c751e8b465ee728b) (PreviewImporter) -> (artifact id: 'fe037ddd1cd0b23e91fdcc92ebc20982') in 0.0135658 seconds
Number of updated asset objects reloaded before import = 0Number of asset objects unloaded after import = 3

========================================================================
Received Import Request.
  Time since last request: 0.000022 seconds.
  path: Assets/Sprites/mainlev_build_313.asset
  artifactKey: Guid(8b98420321593794b996cefae704903c) Importer(815301076,1909f56bfc062723c751e8b465ee728b)
Start importing Assets/Sprites/mainlev_build_313.asset using Guid(8b98420321593794b996cefae704903c) Importer(815301076,1909f56bfc062723c751e8b465ee728b) (PreviewImporter) -> (artifact id: '5f139e4786572c9f1309e4655d473afe') in 0.0124133 seconds
Number of updated asset objects reloaded before import = 0Number of asset objects unloaded after import = 3

========================================================================
Received Import Request.
  Time since last request: 0.000021 seconds.
  path: Assets/Sprites/props1_287.asset
  artifactKey: Guid(e8ee67e637c81bf4ca0b018acc2ee97f) Importer(815301076,1909f56bfc062723c751e8b465ee728b)
Start importing Assets/Sprites/props1_287.asset using Guid(e8ee67e637c81bf4ca0b018acc2ee97f) Importer(815301076,1909f56bfc062723c751e8b465ee728b) (PreviewImporter) -> (artifact id: 'c0a6bbd430d41b44d9d3fcee60396cb9') in 0.0148162 seconds
Number of updated asset objects reloaded before import = 0Number of asset objects unloaded after import = 3

========================================================================
Received Import Request.
  Time since last request: 0.000025 seconds.
  path: Assets/UnitystoreAssets/Cave Platformer Tileset/Individual PNG files/Tileset/trees-trunk-lightbrown/trees-trunk-lightbrown-68.png
  artifactKey: Guid(90c08437e1ab65d449c515aa73a285a6) Importer(815301076,1909f56bfc062723c751e8b465ee728b)
Start importing Assets/UnitystoreAssets/Cave Platformer Tileset/Individual PNG files/Tileset/trees-trunk-lightbrown/trees-trunk-lightbrown-68.png using Guid(90c08437e1ab65d449c515aa73a285a6) Importer(815301076,1909f56bfc062723c751e8b465ee728b) (PreviewImporter) -> (artifact id: 'dd1e45605d6e9969b83f4f836df7a79a') in 0.0118415 seconds
Number of updated asset objects reloaded before import = 0Number of asset objects unloaded after import = 3

========================================================================
Received Import Request.
  Time since last request: 0.000029 seconds.
  path: Assets/Sprites/props1_976.asset
  artifactKey: Guid(a6dda42ba5cb2a94eba47fdea0383765) Importer(815301076,1909f56bfc062723c751e8b465ee728b)
Start importing Assets/Sprites/props1_976.asset using Guid(a6dda42ba5cb2a94eba47fdea0383765) Importer(815301076,1909f56bfc062723c751e8b465ee728b) (PreviewImporter) -> (artifact id: '7dd9729f7e552d22b71660010de8b991') in 0.0141488 seconds
Number of updated asset objects reloaded before import = 0Number of asset objects unloaded after import = 3

========================================================================
Received Import Request.
  Time since last request: 0.000023 seconds.
  path: Assets/Sprites/props1_1912.asset
  artifactKey: Guid(f4f7b74e516fc224dbe17af85ccc01ae) Importer(815301076,1909f56bfc062723c751e8b465ee728b)
Start importing Assets/Sprites/props1_1912.asset using Guid(f4f7b74e516fc224dbe17af85ccc01ae) Importer(815301076,1909f56bfc062723c751e8b465ee728b) (PreviewImporter) -> (artifact id: 'dc7019c1d4567155b37310645a9a4d4f') in 0.0161488 seconds
Number of updated asset objects reloaded before import = 0Number of asset objects unloaded after import = 3

========================================================================
Received Import Request.
  Time since last request: 0.000023 seconds.
  path: Assets/Sprites/props1_318.asset
  artifactKey: Guid(48715f8ebb6250c499a066b5ae47c71d) Importer(815301076,1909f56bfc062723c751e8b465ee728b)
Start importing Assets/Sprites/props1_318.asset using Guid(48715f8ebb6250c499a066b5ae47c71d) Importer(815301076,1909f56bfc062723c751e8b465ee728b) (PreviewImporter) -> (artifact id: '34123858a4242488c5582099b225f40d') in 0.0138639 seconds
Number of updated asset objects reloaded before import = 0Number of asset objects unloaded after import = 3

========================================================================
Received Import Request.
  Time since last request: 0.000025 seconds.
  path: Assets/Sprites/props1_774.asset
  artifactKey: Guid(944be55a0787a684e8ea12193572d877) Importer(815301076,1909f56bfc062723c751e8b465ee728b)
Start importing Assets/Sprites/props1_774.asset using Guid(944be55a0787a684e8ea12193572d877) Importer(815301076,1909f56bfc062723c751e8b465ee728b) (PreviewImporter) -> (artifact id: 'bc3bfb838913acd248b7fc306a24bf2b') in 0.0138904 seconds
Number of updated asset objects reloaded before import = 0Number of asset objects unloaded after import = 3

========================================================================
Received Import Request.
  Time since last request: 0.000022 seconds.
  path: Assets/UnitystoreAssets/Cave Platformer Tileset/Individual PNG files/Tileset/bg_cave_greenish_16x32/bg_cave_greenish_16x32_tile_04.png
  artifactKey: Guid(b258a54e757ae8d4e8ab20e30623562b) Importer(815301076,1909f56bfc062723c751e8b465ee728b)
Start importing Assets/UnitystoreAssets/Cave Platformer Tileset/Individual PNG files/Tileset/bg_cave_greenish_16x32/bg_cave_greenish_16x32_tile_04.png using Guid(b258a54e757ae8d4e8ab20e30623562b) Importer(815301076,1909f56bfc062723c751e8b465ee728b) (PreviewImporter) -> (artifact id: '23f7464c4fc92e6164722801b62bf49d') in 0.0069601 seconds
Number of updated asset objects reloaded before import = 0Number of asset objects unloaded after import = 3

========================================================================
Received Import Request.
  Time since last request: 0.000022 seconds.
  path: Assets/UnitystoreAssets/Cave Platformer Tileset/Individual PNG files/Tileset/bg_cave_blueish_16x32/bg_cave_blueish_16x32_tile_09.png
  artifactKey: Guid(537a6097e1acd2c4b96f99de004c3355) Importer(815301076,1909f56bfc062723c751e8b465ee728b)
Start importing Assets/UnitystoreAssets/Cave Platformer Tileset/Individual PNG files/Tileset/bg_cave_blueish_16x32/bg_cave_blueish_16x32_tile_09.png using Guid(537a6097e1acd2c4b96f99de004c3355) Importer(815301076,1909f56bfc062723c751e8b465ee728b) (PreviewImporter) -> (artifact id: '37f8f5a5a04d5e22b4a3ebdf8151380f') in 0.0126226 seconds
Number of updated asset objects reloaded before import = 0Number of asset objects unloaded after import = 3

========================================================================
Received Import Request.
  Time since last request: 0.000024 seconds.
  path: Assets/UnitystoreAssets/Cave Platformer Tileset/Individual PNG files/Tileset/trees-trunk-white/trees-trunk-white-25.png
  artifactKey: Guid(535b02c3075600a48a0cd276af7dc3ea) Importer(815301076,1909f56bfc062723c751e8b465ee728b)
Start importing Assets/UnitystoreAssets/Cave Platformer Tileset/Individual PNG files/Tileset/trees-trunk-white/trees-trunk-white-25.png using Guid(535b02c3075600a48a0cd276af7dc3ea) Importer(815301076,1909f56bfc062723c751e8b465ee728b) (PreviewImporter) -> (artifact id: 'b54b408e63cbcf39664be2597163d5f7') in 0.0129211 seconds
Number of updated asset objects reloaded before import = 0Number of asset objects unloaded after import = 3

========================================================================
Received Import Request.
  Time since last request: 0.000030 seconds.
  path: Assets/Sprites/mainlev_build_670.asset
  artifactKey: Guid(b4aa95338650b99418633eba5a4c15b2) Importer(815301076,1909f56bfc062723c751e8b465ee728b)
Start importing Assets/Sprites/mainlev_build_670.asset using Guid(b4aa95338650b99418633eba5a4c15b2) Importer(815301076,1909f56bfc062723c751e8b465ee728b) (PreviewImporter) -> (artifact id: '8c1f6c5dfea9f584d1049ac14a8abebe') in 0.0134631 seconds
Number of updated asset objects reloaded before import = 0Number of asset objects unloaded after import = 3

========================================================================
Received Import Request.
  Time since last request: 0.000021 seconds.
  path: Assets/karsiori/TileMap/Tiles/Tilesheet - WOODS_77.asset
  artifactKey: Guid(a9f503f4786af684da1de1c801b84e65) Importer(815301076,1909f56bfc062723c751e8b465ee728b)
Start importing Assets/karsiori/TileMap/Tiles/Tilesheet - WOODS_77.asset using Guid(a9f503f4786af684da1de1c801b84e65) Importer(815301076,1909f56bfc062723c751e8b465ee728b) (PreviewImporter) -> (artifact id: '54d81b52c43a4f431ea1c76880d46970') in 0.0122069 seconds
Number of updated asset objects reloaded before import = 0Number of asset objects unloaded after import = 3

========================================================================
Received Import Request.
  Time since last request: 0.000022 seconds.
  path: Assets/Sprites/props1_23.asset
  artifactKey: Guid(38ea32dc55ae2e24b9cd1b674bc35c2e) Importer(815301076,1909f56bfc062723c751e8b465ee728b)
Start importing Assets/Sprites/props1_23.asset using Guid(38ea32dc55ae2e24b9cd1b674bc35c2e) Importer(815301076,1909f56bfc062723c751e8b465ee728b) (PreviewImporter) -> (artifact id: 'd5ae7c5743d42243f8b6c64a237e05c3') in 0.014803 seconds
Number of updated asset objects reloaded before import = 0Number of asset objects unloaded after import = 3

========================================================================
Received Import Request.
  Time since last request: 0.000021 seconds.
  path: Assets/Sprites/props1_185.asset
  artifactKey: Guid(e808177ae14d4af4eb0a868f3d85100c) Importer(815301076,1909f56bfc062723c751e8b465ee728b)
Start importing Assets/Sprites/props1_185.asset using Guid(e808177ae14d4af4eb0a868f3d85100c) Importer(815301076,1909f56bfc062723c751e8b465ee728b) (PreviewImporter) -> (artifact id: 'e68d0de9bc484c29c2c4d8dafe7a7f56') in 0.0140409 seconds
Number of updated asset objects reloaded before import = 0Number of asset objects unloaded after import = 3

========================================================================
Received Import Request.
  Time since last request: 0.000021 seconds.
  path: Assets/UnitystoreAssets/Cave Platformer Tileset/Individual PNG files/Tileset/trees-trunk-darkbrown/trees-trunk-darkbrown-42.png
  artifactKey: Guid(ef3bba77f5bdaa54e8ebdf3d0289cccd) Importer(815301076,1909f56bfc062723c751e8b465ee728b)
Start importing Assets/UnitystoreAssets/Cave Platformer Tileset/Individual PNG files/Tileset/trees-trunk-darkbrown/trees-trunk-darkbrown-42.png using Guid(ef3bba77f5bdaa54e8ebdf3d0289cccd) Importer(815301076,1909f56bfc062723c751e8b465ee728b) (PreviewImporter) -> (artifact id: '98f85ecea01312d93fc54f4b6ec1949a') in 0.0128289 seconds
Number of updated asset objects reloaded before import = 0Number of asset objects unloaded after import = 3

========================================================================
Received Import Request.
  Time since last request: 0.000021 seconds.
  path: Assets/UnitystoreAssets/Cainos/Pixel Art Platformer - Village Props/Tileset Palette/TP Ground/TX Tileset Ground_106.asset
  artifactKey: Guid(01ec02c8faf2f3541a0f15f8f2dfa773) Importer(815301076,1909f56bfc062723c751e8b465ee728b)
Start importing Assets/UnitystoreAssets/Cainos/Pixel Art Platformer - Village Props/Tileset Palette/TP Ground/TX Tileset Ground_106.asset using Guid(01ec02c8faf2f3541a0f15f8f2dfa773) Importer(815301076,1909f56bfc062723c751e8b465ee728b) (PreviewImporter) -> (artifact id: '72ec4422bf6213eb0a2dee42cd198611') in 0.0109794 seconds
Number of updated asset objects reloaded before import = 0Number of asset objects unloaded after import = 3

========================================================================
Received Import Request.
  Time since last request: 0.000023 seconds.
  path: Assets/UnitystoreAssets/Asset FTTGR/Palettes/Blocks/GrassGround21.asset
  artifactKey: Guid(6c6b216c5d7001c409b65998cac7859f) Importer(815301076,1909f56bfc062723c751e8b465ee728b)
Start importing Assets/UnitystoreAssets/Asset FTTGR/Palettes/Blocks/GrassGround21.asset using Guid(6c6b216c5d7001c409b65998cac7859f) Importer(815301076,1909f56bfc062723c751e8b465ee728b) (PreviewImporter) -> (artifact id: 'd62bab4ecbaa77422f45fba2aee93d4e') in 0.0097642 seconds
Number of updated asset objects reloaded before import = 0Number of asset objects unloaded after import = 3

========================================================================
Received Import Request.
  Time since last request: 0.000030 seconds.
  path: Assets/Sprites/mainlev_build_580.asset
  artifactKey: Guid(4727db27d2fc3374c9e5b9fe58399f9c) Importer(815301076,1909f56bfc062723c751e8b465ee728b)
Start importing Assets/Sprites/mainlev_build_580.asset using Guid(4727db27d2fc3374c9e5b9fe58399f9c) Importer(815301076,1909f56bfc062723c751e8b465ee728b) (PreviewImporter) -> (artifact id: 'f76b0a9370d08b651e2af6bae16e2331') in 0.0122088 seconds
Number of updated asset objects reloaded before import = 0Number of asset objects unloaded after import = 3

========================================================================
Received Import Request.
  Time since last request: 0.000022 seconds.
  path: Assets/Sprites/props1_1253.asset
  artifactKey: Guid(e2c81d5d5950cfa4b87d1bd09480f118) Importer(815301076,1909f56bfc062723c751e8b465ee728b)
Start importing Assets/Sprites/props1_1253.asset using Guid(e2c81d5d5950cfa4b87d1bd09480f118) Importer(815301076,1909f56bfc062723c751e8b465ee728b) (PreviewImporter) -> (artifact id: '4b59e794a940788f182d0699b04304e7') in 0.0139843 seconds
Number of updated asset objects reloaded before import = 0Number of asset objects unloaded after import = 3

========================================================================
Received Import Request.
  Time since last request: 0.000022 seconds.
  path: Assets/UnitystoreAssets/Cave Platformer Tileset/Individual PNG files/Tileset/trees-trunk-dark/trees-trunk-dark-47.png
  artifactKey: Guid(f2d6043198a6b9d4ba99fe136dabc840) Importer(815301076,1909f56bfc062723c751e8b465ee728b)
Start importing Assets/UnitystoreAssets/Cave Platformer Tileset/Individual PNG files/Tileset/trees-trunk-dark/trees-trunk-dark-47.png using Guid(f2d6043198a6b9d4ba99fe136dabc840) Importer(815301076,1909f56bfc062723c751e8b465ee728b) (PreviewImporter) -> (artifact id: '688346f6a2d42bc1b17d2d09c0b39972') in 0.0119984 seconds
Number of updated asset objects reloaded before import = 0Number of asset objects unloaded after import = 3

========================================================================
Received Import Request.
  Time since last request: 0.036893 seconds.
  path: Assets/Sprites/props1_1406.asset
  artifactKey: Guid(69526ade5fccf7f4db42a0eb524d46bd) Importer(815301076,1909f56bfc062723c751e8b465ee728b)
Start importing Assets/Sprites/props1_1406.asset using Guid(69526ade5fccf7f4db42a0eb524d46bd) Importer(815301076,1909f56bfc062723c751e8b465ee728b) (PreviewImporter) -> (artifact id: 'c7668204f6750289bd9a7d2ecc72d4be') in 0.0145287 seconds
Number of updated asset objects reloaded before import = 0Number of asset objects unloaded after import = 3

========================================================================
Received Import Request.
  Time since last request: 0.000021 seconds.
  path: Assets/Sprites/props1_1522.asset
  artifactKey: Guid(8f018c24d4ab7434b82edca103f44dff) Importer(815301076,1909f56bfc062723c751e8b465ee728b)
Start importing Assets/Sprites/props1_1522.asset using Guid(8f018c24d4ab7434b82edca103f44dff) Importer(815301076,1909f56bfc062723c751e8b465ee728b) (PreviewImporter) -> (artifact id: 'c12a3f7385cbdc84bbf35da6ca6ee164') in 0.0157646 seconds
Number of updated asset objects reloaded before import = 0Number of asset objects unloaded after import = 3

========================================================================
Received Import Request.
  Time since last request: 0.000025 seconds.
  path: Assets/Sprites/props1_376.asset
  artifactKey: Guid(6b19033fd851adc40b48e34bdc4ae699) Importer(815301076,1909f56bfc062723c751e8b465ee728b)
Start importing Assets/Sprites/props1_376.asset using Guid(6b19033fd851adc40b48e34bdc4ae699) Importer(815301076,1909f56bfc062723c751e8b465ee728b) (PreviewImporter) -> (artifact id: '6685adbfd9454702465aa0f29dfc1303') in 0.0141259 seconds
Number of updated asset objects reloaded before import = 0Number of asset objects unloaded after import = 3

========================================================================
Received Import Request.
  Time since last request: 0.000031 seconds.
  path: Assets/Sprites/props1_1577.asset
  artifactKey: Guid(37f4b706c1647e04398b8d0f81ff2983) Importer(815301076,1909f56bfc062723c751e8b465ee728b)
Start importing Assets/Sprites/props1_1577.asset using Guid(37f4b706c1647e04398b8d0f81ff2983) Importer(815301076,1909f56bfc062723c751e8b465ee728b) (PreviewImporter) -> (artifact id: '98102297749daa951dcf1cd7ed84e1d5') in 0.0138516 seconds
Number of updated asset objects reloaded before import = 0Number of asset objects unloaded after import = 3

========================================================================
Received Import Request.
  Time since last request: 0.000025 seconds.
  path: Assets/Sprites/props1_1716.asset
  artifactKey: Guid(3139954b4197c9642aeadff79b27590f) Importer(815301076,1909f56bfc062723c751e8b465ee728b)
Start importing Assets/Sprites/props1_1716.asset using Guid(3139954b4197c9642aeadff79b27590f) Importer(815301076,1909f56bfc062723c751e8b465ee728b) (PreviewImporter) -> (artifact id: '0820d53dd22a2622d685e5df45068019') in 0.0137527 seconds
Number of updated asset objects reloaded before import = 0Number of asset objects unloaded after import = 3

========================================================================
Received Import Request.
  Time since last request: 0.000021 seconds.
  path: Assets/UnitystoreAssets/Cave Platformer Tileset/Individual PNG files/Tileset/objects_misc_animated/object_misc_animated_30.png
  artifactKey: Guid(d44e835daa3207345a835ac59f765f92) Importer(815301076,1909f56bfc062723c751e8b465ee728b)
Start importing Assets/UnitystoreAssets/Cave Platformer Tileset/Individual PNG files/Tileset/objects_misc_animated/object_misc_animated_30.png using Guid(d44e835daa3207345a835ac59f765f92) Importer(815301076,1909f56bfc062723c751e8b465ee728b) (PreviewImporter) -> (artifact id: '1593059daa0c4903ff058de1ae5a01de') in 0.0126369 seconds
Number of updated asset objects reloaded before import = 0Number of asset objects unloaded after import = 3

========================================================================
Received Import Request.
  Time since last request: 0.000021 seconds.
  path: Assets/UnitystoreAssets/Cave Platformer Tileset/Individual PNG files/Tileset/trees-trunk-darkbrown/trees-trunk-darkbrown-5.png
  artifactKey: Guid(f6723c4457a8cc54187db506aa70d897) Importer(815301076,1909f56bfc062723c751e8b465ee728b)
Start importing Assets/UnitystoreAssets/Cave Platformer Tileset/Individual PNG files/Tileset/trees-trunk-darkbrown/trees-trunk-darkbrown-5.png using Guid(f6723c4457a8cc54187db506aa70d897) Importer(815301076,1909f56bfc062723c751e8b465ee728b) (PreviewImporter) -> (artifact id: '98d733a8c6b4c8a395f9cb4d14f566da') in 0.0123562 seconds
Number of updated asset objects reloaded before import = 0Number of asset objects unloaded after import = 3

========================================================================
Received Import Request.
  Time since last request: 0.000022 seconds.
  path: Assets/UnitystoreAssets/Asset FTTGR/Palettes/Blocks/GroundWinter18.asset
  artifactKey: Guid(e15834de51b8286419362c22c5f0dc5d) Importer(815301076,1909f56bfc062723c751e8b465ee728b)
Start importing Assets/UnitystoreAssets/Asset FTTGR/Palettes/Blocks/GroundWinter18.asset using Guid(e15834de51b8286419362c22c5f0dc5d) Importer(815301076,1909f56bfc062723c751e8b465ee728b) (PreviewImporter) -> (artifact id: '343838d8ba27f960a57208d9e61b14b4') in 0.0102444 seconds
Number of updated asset objects reloaded before import = 0Number of asset objects unloaded after import = 3

========================================================================
Received Import Request.
  Time since last request: 0.000021 seconds.
  path: Assets/Sprites/props1_423.asset
  artifactKey: Guid(b998978b3b9ea9946ac57f7f29c45071) Importer(815301076,1909f56bfc062723c751e8b465ee728b)
Start importing Assets/Sprites/props1_423.asset using Guid(b998978b3b9ea9946ac57f7f29c45071) Importer(815301076,1909f56bfc062723c751e8b465ee728b) (PreviewImporter) -> (artifact id: '2b108ac0999837840f95c0c51239cb31') in 0.0139 seconds
Number of updated asset objects reloaded before import = 0Number of asset objects unloaded after import = 3

========================================================================
Received Import Request.
  Time since last request: 0.000022 seconds.
  path: Assets/UnitystoreAssets/Asset FTTGR/Palettes/Decorations/GroundInBackground49.asset
  artifactKey: Guid(9b711cc48b076414aa2858ac86a0f21e) Importer(815301076,1909f56bfc062723c751e8b465ee728b)
Start importing Assets/UnitystoreAssets/Asset FTTGR/Palettes/Decorations/GroundInBackground49.asset using Guid(9b711cc48b076414aa2858ac86a0f21e) Importer(815301076,1909f56bfc062723c751e8b465ee728b) (PreviewImporter) -> (artifact id: '21c34e26021d70368ed07fc16ea81d43') in 0.0096769 seconds
Number of updated asset objects reloaded before import = 0Number of asset objects unloaded after import = 3

========================================================================
Received Import Request.
  Time since last request: 0.000024 seconds.
  path: Assets/Sprites/props1_743.asset
  artifactKey: Guid(0fc346e08b4ba6d449af22dfe139a6c8) Importer(815301076,1909f56bfc062723c751e8b465ee728b)
Start importing Assets/Sprites/props1_743.asset using Guid(0fc346e08b4ba6d449af22dfe139a6c8) Importer(815301076,1909f56bfc062723c751e8b465ee728b) (PreviewImporter) -> (artifact id: '421097aa6994ac1e3f5449f8e04c9e66') in 0.0146159 seconds
Number of updated asset objects reloaded before import = 0Number of asset objects unloaded after import = 3

========================================================================
Received Import Request.
  Time since last request: 0.000027 seconds.
  path: Assets/UnitystoreAssets/Asset FTTGR/Prefabs/Enviroment/Decorations/Rag1.prefab
  artifactKey: Guid(d304da558a36d784395498f6543c63b8) Importer(815301076,1909f56bfc062723c751e8b465ee728b)
Start importing Assets/UnitystoreAssets/Asset FTTGR/Prefabs/Enviroment/Decorations/Rag1.prefab using Guid(d304da558a36d784395498f6543c63b8) Importer(815301076,1909f56bfc062723c751e8b465ee728b) (PreviewImporter) -> (artifact id: '25a7958ffe91361da1ea1e38541d5e3b') in 0.011691 seconds
Number of updated asset objects reloaded before import = 0Number of asset objects unloaded after import = 8

========================================================================
Received Import Request.
  Time since last request: 0.000022 seconds.
  path: Assets/UnitystoreAssets/Cave Platformer Tileset/Individual PNG files/Tileset/trees-trunk-lightbrown/trees-trunk-lightbrown-23.png
  artifactKey: Guid(2e8f9f7d435813e4aadfdf3aca6ebe6d) Importer(815301076,1909f56bfc062723c751e8b465ee728b)
Start importing Assets/UnitystoreAssets/Cave Platformer Tileset/Individual PNG files/Tileset/trees-trunk-lightbrown/trees-trunk-lightbrown-23.png using Guid(2e8f9f7d435813e4aadfdf3aca6ebe6d) Importer(815301076,1909f56bfc062723c751e8b465ee728b) (PreviewImporter) -> (artifact id: '98d25daa3ebf18de7f7da2ce2e1fbda9') in 0.0130859 seconds
Number of updated asset objects reloaded before import = 0Number of asset objects unloaded after import = 3

========================================================================
Received Import Request.
  Time since last request: 0.000021 seconds.
  path: Assets/UnitystoreAssets/Cave Platformer Tileset/Individual PNG files/Tileset/trees-trunk-grey/trees-trunk-grey-71.png
  artifactKey: Guid(f7a21a84f2518084fbd589d684584186) Importer(815301076,1909f56bfc062723c751e8b465ee728b)
Start importing Assets/UnitystoreAssets/Cave Platformer Tileset/Individual PNG files/Tileset/trees-trunk-grey/trees-trunk-grey-71.png using Guid(f7a21a84f2518084fbd589d684584186) Importer(815301076,1909f56bfc062723c751e8b465ee728b) (PreviewImporter) -> (artifact id: '287633413b752e301ad6578042e7bbb7') in 0.0137408 seconds
Number of updated asset objects reloaded before import = 0Number of asset objects unloaded after import = 3

========================================================================
Received Import Request.
  Time since last request: 0.000021 seconds.
  path: Assets/UnitystoreAssets/2D Pixel Art Platformer Biome - Plains/Tilemap/TileBackGround11.asset
  artifactKey: Guid(f9ba789067271af44963c8fcccfbce4d) Importer(815301076,1909f56bfc062723c751e8b465ee728b)
Start importing Assets/UnitystoreAssets/2D Pixel Art Platformer Biome - Plains/Tilemap/TileBackGround11.asset using Guid(f9ba789067271af44963c8fcccfbce4d) Importer(815301076,1909f56bfc062723c751e8b465ee728b) (PreviewImporter) -> (artifact id: '9de365736ea985f6199eb51c72d1fd1a') in 0.0119979 seconds
Number of updated asset objects reloaded before import = 0Number of asset objects unloaded after import = 3

========================================================================
Received Import Request.
  Time since last request: 0.000021 seconds.
  path: Assets/Sprites/props1_576.asset
  artifactKey: Guid(02297a8ba9be33a4d89d934fa3a02037) Importer(815301076,1909f56bfc062723c751e8b465ee728b)
Start importing Assets/Sprites/props1_576.asset using Guid(02297a8ba9be33a4d89d934fa3a02037) Importer(815301076,1909f56bfc062723c751e8b465ee728b) (PreviewImporter) -> (artifact id: '374975a4b8daa763151aea1e03ca3826') in 0.0143647 seconds
Number of updated asset objects reloaded before import = 0Number of asset objects unloaded after import = 3

========================================================================
Received Import Request.
  Time since last request: 0.000022 seconds.
  path: Assets/Sprites/props1_1411.asset
  artifactKey: Guid(2a458859fc845184a9554649a8ce697f) Importer(815301076,1909f56bfc062723c751e8b465ee728b)
Start importing Assets/Sprites/props1_1411.asset using Guid(2a458859fc845184a9554649a8ce697f) Importer(815301076,1909f56bfc062723c751e8b465ee728b) (PreviewImporter) -> (artifact id: '162febe53ea92c4dfc3b8875226958eb') in 0.0145848 seconds
Number of updated asset objects reloaded before import = 0Number of asset objects unloaded after import = 3

========================================================================
Received Import Request.
  Time since last request: 0.000034 seconds.
  path: Assets/Sprites/props1_2064.asset
  artifactKey: Guid(c30330dd0276f9d4d98f20035074917c) Importer(815301076,1909f56bfc062723c751e8b465ee728b)
Start importing Assets/Sprites/props1_2064.asset using Guid(c30330dd0276f9d4d98f20035074917c) Importer(815301076,1909f56bfc062723c751e8b465ee728b) (PreviewImporter) -> (artifact id: '78757fbe7e21322b51ba50c2ff406a77') in 0.0141429 seconds
Number of updated asset objects reloaded before import = 0Number of asset objects unloaded after import = 3

========================================================================
Received Import Request.
  Time since last request: 0.000031 seconds.
  path: Assets/Sprites/props1_64.asset
  artifactKey: Guid(cb677bb278b48b14aa5627348ba36bde) Importer(815301076,1909f56bfc062723c751e8b465ee728b)
Start importing Assets/Sprites/props1_64.asset using Guid(cb677bb278b48b14aa5627348ba36bde) Importer(815301076,1909f56bfc062723c751e8b465ee728b) (PreviewImporter) -> (artifact id: 'f6628cfa4fb275323b83748df94be39b') in 0.0141697 seconds
Number of updated asset objects reloaded before import = 0Number of asset objects unloaded after import = 3

========================================================================
Received Import Request.
  Time since last request: 0.000022 seconds.
  path: Assets/Sprites/mainlev_build_266.asset
  artifactKey: Guid(7b74c36ebc998124aadf0f53f6e31f68) Importer(815301076,1909f56bfc062723c751e8b465ee728b)
Start importing Assets/Sprites/mainlev_build_266.asset using Guid(7b74c36ebc998124aadf0f53f6e31f68) Importer(815301076,1909f56bfc062723c751e8b465ee728b) (PreviewImporter) -> (artifact id: '70c65b439f7d53f69c1457d1cb453ca7') in 0.013863 seconds
Number of updated asset objects reloaded before import = 0Number of asset objects unloaded after import = 3

========================================================================
Received Import Request.
  Time since last request: 0.000022 seconds.
  path: Assets/UnitystoreAssets/Cave Platformer Tileset/Individual PNG files/Tileset/bg_cave_blueish_16x32/bg_cave_blueish_16x32_tile_05.png
  artifactKey: Guid(a9da9c0a0a743d742bcf608bc896ff8d) Importer(815301076,1909f56bfc062723c751e8b465ee728b)
Start importing Assets/UnitystoreAssets/Cave Platformer Tileset/Individual PNG files/Tileset/bg_cave_blueish_16x32/bg_cave_blueish_16x32_tile_05.png using Guid(a9da9c0a0a743d742bcf608bc896ff8d) Importer(815301076,1909f56bfc062723c751e8b465ee728b) (PreviewImporter) -> (artifact id: '34e871bfc630f4a238db94a36c9da2c0') in 0.0136357 seconds
Number of updated asset objects reloaded before import = 0Number of asset objects unloaded after import = 3

========================================================================
Received Import Request.
  Time since last request: 0.000021 seconds.
  path: Assets/Sprites/mainlev_build_358.asset
  artifactKey: Guid(5fa885c77aab4434a8c016f3eadbd7eb) Importer(815301076,1909f56bfc062723c751e8b465ee728b)
Start importing Assets/Sprites/mainlev_build_358.asset using Guid(5fa885c77aab4434a8c016f3eadbd7eb) Importer(815301076,1909f56bfc062723c751e8b465ee728b) (PreviewImporter) -> (artifact id: '51f0f6c1d834d6a52e7028325d77c984') in 0.0126251 seconds
Number of updated asset objects reloaded before import = 0Number of asset objects unloaded after import = 3

========================================================================
Received Import Request.
  Time since last request: 0.000021 seconds.
  path: Assets/Sprites/props1_2173.asset
  artifactKey: Guid(73974c10f490d0f428bae4e869821f13) Importer(815301076,1909f56bfc062723c751e8b465ee728b)
Start importing Assets/Sprites/props1_2173.asset using Guid(73974c10f490d0f428bae4e869821f13) Importer(815301076,1909f56bfc062723c751e8b465ee728b) (PreviewImporter) -> (artifact id: '4c3890e690c53f88168f3fce344630d3') in 0.0143563 seconds
Number of updated asset objects reloaded before import = 0Number of asset objects unloaded after import = 3

========================================================================
Received Import Request.
  Time since last request: 0.000021 seconds.
  path: Assets/Sprites/props1_1305.asset
  artifactKey: Guid(c3b23dc4773599147a9c6c3c872ebbc1) Importer(815301076,1909f56bfc062723c751e8b465ee728b)
Start importing Assets/Sprites/props1_1305.asset using Guid(c3b23dc4773599147a9c6c3c872ebbc1) Importer(815301076,1909f56bfc062723c751e8b465ee728b) (PreviewImporter) -> (artifact id: '95f1555ca8c380991a4fd5f751c37e83') in 0.0135937 seconds
Number of updated asset objects reloaded before import = 0Number of asset objects unloaded after import = 3

========================================================================
Received Import Request.
  Time since last request: 0.000023 seconds.
  path: Assets/Sprites/mainlev_build_687.asset
  artifactKey: Guid(48baee83df22a3a428733a289eaa0815) Importer(815301076,1909f56bfc062723c751e8b465ee728b)
Start importing Assets/Sprites/mainlev_build_687.asset using Guid(48baee83df22a3a428733a289eaa0815) Importer(815301076,1909f56bfc062723c751e8b465ee728b) (PreviewImporter) -> (artifact id: '7a7aa59e8f1645759a980fa9cb42e375') in 0.0123174 seconds
Number of updated asset objects reloaded before import = 0Number of asset objects unloaded after import = 3

========================================================================
Received Import Request.
  Time since last request: 0.000031 seconds.
  path: Assets/GifToUnity/Demo/lil_slime/lil_slime_6.png
  artifactKey: Guid(37e1e3473cdde4d4793ac3f4df05cd2d) Importer(815301076,1909f56bfc062723c751e8b465ee728b)
Start importing Assets/GifToUnity/Demo/lil_slime/lil_slime_6.png using Guid(37e1e3473cdde4d4793ac3f4df05cd2d) Importer(815301076,1909f56bfc062723c751e8b465ee728b) (PreviewImporter) -> (artifact id: 'd2f946f67d0c1ea91dc138e47976fdf9') in 0.0133976 seconds
Number of updated asset objects reloaded before import = 0Number of asset objects unloaded after import = 3

========================================================================
Received Import Request.
  Time since last request: 0.000035 seconds.
  path: Assets/Sprites/props1_172.asset
  artifactKey: Guid(75d56424954af714ab1d640089891642) Importer(815301076,1909f56bfc062723c751e8b465ee728b)
Start importing Assets/Sprites/props1_172.asset using Guid(75d56424954af714ab1d640089891642) Importer(815301076,1909f56bfc062723c751e8b465ee728b) (PreviewImporter) -> (artifact id: 'b39fb93e99e8213b3cd52705d9218bf9') in 0.0145632 seconds
Number of updated asset objects reloaded before import = 0Number of asset objects unloaded after import = 3

========================================================================
Received Import Request.
  Time since last request: 0.000022 seconds.
  path: Assets/UnitystoreAssets/Cainos/Pixel Art Platformer - Village Props/Tileset Palette/TP Ground/TX Tileset Ground_111.asset
  artifactKey: Guid(ef522b2875db9aa428d1a38510fba6bd) Importer(815301076,1909f56bfc062723c751e8b465ee728b)
Start importing Assets/UnitystoreAssets/Cainos/Pixel Art Platformer - Village Props/Tileset Palette/TP Ground/TX Tileset Ground_111.asset using Guid(ef522b2875db9aa428d1a38510fba6bd) Importer(815301076,1909f56bfc062723c751e8b465ee728b) (PreviewImporter) -> (artifact id: '656d8c8a27229ceaa81c129575c8179c') in 0.0106079 seconds
Number of updated asset objects reloaded before import = 0Number of asset objects unloaded after import = 3

========================================================================
Received Import Request.
  Time since last request: 0.000021 seconds.
  path: Assets/Sprites/mainlev_build_793.asset
  artifactKey: Guid(11cbd5254bc7fc045bfe0ebff255abdf) Importer(815301076,1909f56bfc062723c751e8b465ee728b)
Start importing Assets/Sprites/mainlev_build_793.asset using Guid(11cbd5254bc7fc045bfe0ebff255abdf) Importer(815301076,1909f56bfc062723c751e8b465ee728b) (PreviewImporter) -> (artifact id: '56da53d9d0db854240ec69dc87bb4849') in 0.0126333 seconds
Number of updated asset objects reloaded before import = 0Number of asset objects unloaded after import = 3

========================================================================
Received Import Request.
  Time since last request: 0.000021 seconds.
  path: Assets/Sprites/mainlev_build_778.asset
  artifactKey: Guid(a0e872b7083f7e24fb748a75c764b7f6) Importer(815301076,1909f56bfc062723c751e8b465ee728b)
Start importing Assets/Sprites/mainlev_build_778.asset using Guid(a0e872b7083f7e24fb748a75c764b7f6) Importer(815301076,1909f56bfc062723c751e8b465ee728b) (PreviewImporter) -> (artifact id: '15da65d790bdd80c3bb8f96a3e1092ac') in 0.0068636 seconds
Number of updated asset objects reloaded before import = 0Number of asset objects unloaded after import = 3

========================================================================
Received Import Request.
  Time since last request: 0.000021 seconds.
  path: Assets/UnitystoreAssets/Cave Platformer Tileset/Individual PNG files/Tileset/objects_bigchest_animated/objects_bigchest_animated_23.png
  artifactKey: Guid(fcd5a50b5ff4eac47a2f8536bdc80a7e) Importer(815301076,1909f56bfc062723c751e8b465ee728b)
Start importing Assets/UnitystoreAssets/Cave Platformer Tileset/Individual PNG files/Tileset/objects_bigchest_animated/objects_bigchest_animated_23.png using Guid(fcd5a50b5ff4eac47a2f8536bdc80a7e) Importer(815301076,1909f56bfc062723c751e8b465ee728b) (PreviewImporter) -> (artifact id: '9e9d17d22ad4ccb5625b6ba9a8f3f96c') in 0.012382 seconds
Number of updated asset objects reloaded before import = 0Number of asset objects unloaded after import = 3

========================================================================
Received Import Request.
  Time since last request: 0.000021 seconds.
  path: Assets/Sprites/mainlev_build_250.asset
  artifactKey: Guid(ce462f2881ac65c469392f96eda31b76) Importer(815301076,1909f56bfc062723c751e8b465ee728b)
Start importing Assets/Sprites/mainlev_build_250.asset using Guid(ce462f2881ac65c469392f96eda31b76) Importer(815301076,1909f56bfc062723c751e8b465ee728b) (PreviewImporter) -> (artifact id: '5ea58b797bfdd363243432df550f9ac5') in 0.0127973 seconds
Number of updated asset objects reloaded before import = 0Number of asset objects unloaded after import = 3

========================================================================
Received Import Request.
  Time since last request: 0.000025 seconds.
  path: Assets/Sprites/props1_1307.asset
  artifactKey: Guid(475821c5f4d61a345bc3bfceda730009) Importer(815301076,1909f56bfc062723c751e8b465ee728b)
Start importing Assets/Sprites/props1_1307.asset using Guid(475821c5f4d61a345bc3bfceda730009) Importer(815301076,1909f56bfc062723c751e8b465ee728b) (PreviewImporter) -> (artifact id: '7eee2e2ad342e6717f11db131f003d7d') in 0.01417 seconds
Number of updated asset objects reloaded before import = 0Number of asset objects unloaded after import = 3

========================================================================
Received Import Request.
  Time since last request: 0.000030 seconds.
  path: Assets/Sprites/props1_909.asset
  artifactKey: Guid(9e051ffd077e4634a908e9c9b1a87e62) Importer(815301076,1909f56bfc062723c751e8b465ee728b)
Start importing Assets/Sprites/props1_909.asset using Guid(9e051ffd077e4634a908e9c9b1a87e62) Importer(815301076,1909f56bfc062723c751e8b465ee728b) (PreviewImporter) -> (artifact id: 'ffe855d8a35944e5143f89141e558c69') in 0.0150702 seconds
Number of updated asset objects reloaded before import = 0Number of asset objects unloaded after import = 3

========================================================================
Received Import Request.
  Time since last request: 0.000022 seconds.
  path: Assets/Sprites/mainlev_build_60.asset
  artifactKey: Guid(a58cb9ef92d20af42bec8bda0b98a19f) Importer(815301076,1909f56bfc062723c751e8b465ee728b)
Start importing Assets/Sprites/mainlev_build_60.asset using Guid(a58cb9ef92d20af42bec8bda0b98a19f) Importer(815301076,1909f56bfc062723c751e8b465ee728b) (PreviewImporter) -> (artifact id: '039a440eb366de68369d812c08d9a59c') in 0.0074159 seconds
Number of updated asset objects reloaded before import = 0Number of asset objects unloaded after import = 3

========================================================================
Received Import Request.
  Time since last request: 0.000020 seconds.
  path: Assets/Sprites/props1_1551.asset
  artifactKey: Guid(04ccff43714ec7a4589dced20d565f6a) Importer(815301076,1909f56bfc062723c751e8b465ee728b)
Start importing Assets/Sprites/props1_1551.asset using Guid(04ccff43714ec7a4589dced20d565f6a) Importer(815301076,1909f56bfc062723c751e8b465ee728b) (PreviewImporter) -> (artifact id: 'a852ceff8352286e20badf17c118e40a') in 0.0143207 seconds
Number of updated asset objects reloaded before import = 0Number of asset objects unloaded after import = 3

========================================================================
Received Import Request.
  Time since last request: 0.000022 seconds.
  path: Assets/Sprites/props1_1750.asset
  artifactKey: Guid(7d1c2583597d55641966a47a17996cf5) Importer(815301076,1909f56bfc062723c751e8b465ee728b)
Start importing Assets/Sprites/props1_1750.asset using Guid(7d1c2583597d55641966a47a17996cf5) Importer(815301076,1909f56bfc062723c751e8b465ee728b) (PreviewImporter) -> (artifact id: '3b8f3cd24fc1bbd70c383f7193e8781b') in 0.0140839 seconds
Number of updated asset objects reloaded before import = 0Number of asset objects unloaded after import = 3

========================================================================
Received Import Request.
  Time since last request: 0.000022 seconds.
  path: Assets/Sprites/props1_332.asset
  artifactKey: Guid(12f5b64c9ebc7f64d984cfd9dfeab884) Importer(815301076,1909f56bfc062723c751e8b465ee728b)
Start importing Assets/Sprites/props1_332.asset using Guid(12f5b64c9ebc7f64d984cfd9dfeab884) Importer(815301076,1909f56bfc062723c751e8b465ee728b) (PreviewImporter) -> (artifact id: '60ecd053429272c8889e993c4ef9d4d2') in 0.0159292 seconds
Number of updated asset objects reloaded before import = 0Number of asset objects unloaded after import = 3

========================================================================
Received Import Request.
  Time since last request: 0.000022 seconds.
  path: Assets/Sprites/props1_358.asset
  artifactKey: Guid(a7113a57416c611418a2f5904a8075ce) Importer(815301076,1909f56bfc062723c751e8b465ee728b)
Start importing Assets/Sprites/props1_358.asset using Guid(a7113a57416c611418a2f5904a8075ce) Importer(815301076,1909f56bfc062723c751e8b465ee728b) (PreviewImporter) -> (artifact id: 'ac42d333c86ce077fdf7224baead8226') in 0.0156826 seconds
Number of updated asset objects reloaded before import = 0Number of asset objects unloaded after import = 3

========================================================================
Received Import Request.
  Time since last request: 0.000023 seconds.
  path: Assets/UnitystoreAssets/Asset FTTGR/Palettes/Decorations/GroundInBackground7.asset
  artifactKey: Guid(dd490df2f4a370c44aa63934008a406d) Importer(815301076,1909f56bfc062723c751e8b465ee728b)
Start importing Assets/UnitystoreAssets/Asset FTTGR/Palettes/Decorations/GroundInBackground7.asset using Guid(dd490df2f4a370c44aa63934008a406d) Importer(815301076,1909f56bfc062723c751e8b465ee728b) (PreviewImporter) -> (artifact id: '59f49c0670552fbac05d02b79201e346') in 0.0101892 seconds
Number of updated asset objects reloaded before import = 0Number of asset objects unloaded after import = 3

========================================================================
Received Import Request.
  Time since last request: 0.000053 seconds.
  path: Assets/Sprites/mainlev_build_827.asset
  artifactKey: Guid(863cd662bef56a347a43dead77ebda55) Importer(815301076,1909f56bfc062723c751e8b465ee728b)
Start importing Assets/Sprites/mainlev_build_827.asset using Guid(863cd662bef56a347a43dead77ebda55) Importer(815301076,1909f56bfc062723c751e8b465ee728b) (PreviewImporter) -> (artifact id: 'ce571a01f4aa3eaca1dc0bfc0604e91c') in 0.0125077 seconds
Number of updated asset objects reloaded before import = 0Number of asset objects unloaded after import = 3

========================================================================
Received Import Request.
  Time since last request: 0.000021 seconds.
  path: Assets/Sprites/props1_1751.asset
  artifactKey: Guid(028f8e3230577fe47bb562dfe0afffba) Importer(815301076,1909f56bfc062723c751e8b465ee728b)
Start importing Assets/Sprites/props1_1751.asset using Guid(028f8e3230577fe47bb562dfe0afffba) Importer(815301076,1909f56bfc062723c751e8b465ee728b) (PreviewImporter) -> (artifact id: '4adddcab8e47e5dac167901138955de4') in 0.0143769 seconds
Number of updated asset objects reloaded before import = 0Number of asset objects unloaded after import = 3

========================================================================
Received Import Request.
  Time since last request: 0.000026 seconds.
  path: Assets/UnitystoreAssets/Cave Platformer Tileset/Individual PNG files/Tileset/trees-trunk-grey/trees-trunk-grey-12.png
  artifactKey: Guid(6d19bbf9479f29c4497405e910bc66fe) Importer(815301076,1909f56bfc062723c751e8b465ee728b)
Start importing Assets/UnitystoreAssets/Cave Platformer Tileset/Individual PNG files/Tileset/trees-trunk-grey/trees-trunk-grey-12.png using Guid(6d19bbf9479f29c4497405e910bc66fe) Importer(815301076,1909f56bfc062723c751e8b465ee728b) (PreviewImporter) -> (artifact id: '894b3da9f5e6ac1f8d29bb323e56476a') in 0.0126286 seconds
Number of updated asset objects reloaded before import = 0Number of asset objects unloaded after import = 3

========================================================================
Received Import Request.
  Time since last request: 0.000021 seconds.
  path: Assets/UnitystoreAssets/Cave Platformer Tileset/Individual PNG files/Tileset/trees-trunk-white/trees-trunk-white-9.png
  artifactKey: Guid(1f18c887d9147434fac27f96b63938e5) Importer(815301076,1909f56bfc062723c751e8b465ee728b)
Start importing Assets/UnitystoreAssets/Cave Platformer Tileset/Individual PNG files/Tileset/trees-trunk-white/trees-trunk-white-9.png using Guid(1f18c887d9147434fac27f96b63938e5) Importer(815301076,1909f56bfc062723c751e8b465ee728b) (PreviewImporter) -> (artifact id: 'c5a7afa20d321e99b995c5f40c9f63f7') in 0.0128381 seconds
Number of updated asset objects reloaded before import = 0Number of asset objects unloaded after import = 3

========================================================================
Received Import Request.
  Time since last request: 0.000021 seconds.
  path: Assets/UnitystoreAssets/2D Pixel Art Platformer Biome - Plains/Tilemap/TileBackGround2.asset
  artifactKey: Guid(c6941f63165d0f543a360881bdac8552) Importer(815301076,1909f56bfc062723c751e8b465ee728b)
Start importing Assets/UnitystoreAssets/2D Pixel Art Platformer Biome - Plains/Tilemap/TileBackGround2.asset using Guid(c6941f63165d0f543a360881bdac8552) Importer(815301076,1909f56bfc062723c751e8b465ee728b) (PreviewImporter) -> (artifact id: '41989f4336cb0aabb437c6c787c52e72') in 0.0125986 seconds
Number of updated asset objects reloaded before import = 0Number of asset objects unloaded after import = 3

========================================================================
Received Import Request.
  Time since last request: 0.000022 seconds.
  path: Assets/UnitystoreAssets/Cave Platformer Tileset/Individual PNG files/Tileset/trees-trunk-dark/trees-trunk-dark-60.png
  artifactKey: Guid(411d05ff4b569fe4cacc5223dda2bf4f) Importer(815301076,1909f56bfc062723c751e8b465ee728b)
Start importing Assets/UnitystoreAssets/Cave Platformer Tileset/Individual PNG files/Tileset/trees-trunk-dark/trees-trunk-dark-60.png using Guid(411d05ff4b569fe4cacc5223dda2bf4f) Importer(815301076,1909f56bfc062723c751e8b465ee728b) (PreviewImporter) -> (artifact id: 'abc1c2b43b858f47258f5627ca51e3ae') in 0.0130367 seconds
Number of updated asset objects reloaded before import = 0Number of asset objects unloaded after import = 3

========================================================================
Received Import Request.
  Time since last request: 0.000021 seconds.
  path: Assets/Sprites/mainlev_build_277.asset
  artifactKey: Guid(d37cbaf4524bbbd42a221d24b059b641) Importer(815301076,1909f56bfc062723c751e8b465ee728b)
Start importing Assets/Sprites/mainlev_build_277.asset using Guid(d37cbaf4524bbbd42a221d24b059b641) Importer(815301076,1909f56bfc062723c751e8b465ee728b) (PreviewImporter) -> (artifact id: '4d8e19535dacb0055f9b115337d64093') in 0.0120977 seconds
Number of updated asset objects reloaded before import = 0Number of asset objects unloaded after import = 3

========================================================================
Received Import Request.
  Time since last request: 0.000023 seconds.
  path: Assets/Sprites/props1_1063.asset
  artifactKey: Guid(7ab232d34dc3b004c90188df87730724) Importer(815301076,1909f56bfc062723c751e8b465ee728b)
Start importing Assets/Sprites/props1_1063.asset using Guid(7ab232d34dc3b004c90188df87730724) Importer(815301076,1909f56bfc062723c751e8b465ee728b) (PreviewImporter) -> (artifact id: 'd456c2a77a8584a3eb897a9d3f93ab74') in 0.0142813 seconds
Number of updated asset objects reloaded before import = 0Number of asset objects unloaded after import = 3

========================================================================
Received Import Request.
  Time since last request: 0.000030 seconds.
  path: Assets/Sprites/props1_1506.asset
  artifactKey: Guid(5ea18cb8cf1514d42af70bf2a41fc19c) Importer(815301076,1909f56bfc062723c751e8b465ee728b)
Start importing Assets/Sprites/props1_1506.asset using Guid(5ea18cb8cf1514d42af70bf2a41fc19c) Importer(815301076,1909f56bfc062723c751e8b465ee728b) (PreviewImporter) -> (artifact id: '63460c8e4202545a28ab01c71e8dfed9') in 0.0139876 seconds
Number of updated asset objects reloaded before import = 0Number of asset objects unloaded after import = 3

========================================================================
Received Import Request.
  Time since last request: 0.000024 seconds.
  path: Assets/Sprites/props1_2023.asset
  artifactKey: Guid(dab22094f9ef1e143a10070383c6e892) Importer(815301076,1909f56bfc062723c751e8b465ee728b)
Start importing Assets/Sprites/props1_2023.asset using Guid(dab22094f9ef1e143a10070383c6e892) Importer(815301076,1909f56bfc062723c751e8b465ee728b) (PreviewImporter) -> (artifact id: '7531a717767ed67942f8e1831fd021f3') in 0.0155681 seconds
Number of updated asset objects reloaded before import = 0Number of asset objects unloaded after import = 3

========================================================================
Received Import Request.
  Time since last request: 0.000021 seconds.
  path: Assets/Sprites/props1_210.asset
  artifactKey: Guid(92577b50ca8ee5442bf5d6bb491376f7) Importer(815301076,1909f56bfc062723c751e8b465ee728b)
Start importing Assets/Sprites/props1_210.asset using Guid(92577b50ca8ee5442bf5d6bb491376f7) Importer(815301076,1909f56bfc062723c751e8b465ee728b) (PreviewImporter) -> (artifact id: 'e338916c6a8a6c1548a180546bf0b6c4') in 0.0138034 seconds
Number of updated asset objects reloaded before import = 0Number of asset objects unloaded after import = 3

========================================================================
Received Import Request.
  Time since last request: 0.000025 seconds.
  path: Assets/Sprites/props1_513.asset
  artifactKey: Guid(fd0fa285c564d944aae18321014b705e) Importer(815301076,1909f56bfc062723c751e8b465ee728b)
Start importing Assets/Sprites/props1_513.asset using Guid(fd0fa285c564d944aae18321014b705e) Importer(815301076,1909f56bfc062723c751e8b465ee728b) (PreviewImporter) -> (artifact id: '52d33cc1b90c8f077d5987fd7bff03f8') in 0.0139423 seconds
Number of updated asset objects reloaded before import = 0Number of asset objects unloaded after import = 3

========================================================================
Received Import Request.
  Time since last request: 0.000022 seconds.
  path: Assets/Sprites/mainlev_build_747.asset
  artifactKey: Guid(d4cc4161eee3d0545ab75cef4cd2b4c0) Importer(815301076,1909f56bfc062723c751e8b465ee728b)
Start importing Assets/Sprites/mainlev_build_747.asset using Guid(d4cc4161eee3d0545ab75cef4cd2b4c0) Importer(815301076,1909f56bfc062723c751e8b465ee728b) (PreviewImporter) -> (artifact id: 'ef16fb1dfe4d71cec38e4f37adc03d26') in 0.0129841 seconds
Number of updated asset objects reloaded before import = 0Number of asset objects unloaded after import = 3

========================================================================
Received Import Request.
  Time since last request: 0.000021 seconds.
  path: Assets/Sprites/props1_2190.asset
  artifactKey: Guid(293411d319e8d0f449d168e42d182542) Importer(815301076,1909f56bfc062723c751e8b465ee728b)
Start importing Assets/Sprites/props1_2190.asset using Guid(293411d319e8d0f449d168e42d182542) Importer(815301076,1909f56bfc062723c751e8b465ee728b) (PreviewImporter) -> (artifact id: 'a1fa13d8054bdd8c0a8b209e18cea36c') in 0.0139021 seconds
Number of updated asset objects reloaded before import = 0Number of asset objects unloaded after import = 3

========================================================================
Received Import Request.
  Time since last request: 0.000024 seconds.
  path: Assets/Sprites/mainlev_build_582.asset
  artifactKey: Guid(8d6a86331b1be244c887454808904ce5) Importer(815301076,1909f56bfc062723c751e8b465ee728b)
Start importing Assets/Sprites/mainlev_build_582.asset using Guid(8d6a86331b1be244c887454808904ce5) Importer(815301076,1909f56bfc062723c751e8b465ee728b) (PreviewImporter) -> (artifact id: '1beaee5073225d691e50a44fa3d4a8ea') in 0.0132525 seconds
Number of updated asset objects reloaded before import = 0Number of asset objects unloaded after import = 3

========================================================================
Received Import Request.
  Time since last request: 0.000030 seconds.
  path: Assets/Sprites/props1_1011.asset
  artifactKey: Guid(e09ec5e8d1cfba94eb9066699416484f) Importer(815301076,1909f56bfc062723c751e8b465ee728b)
Start importing Assets/Sprites/props1_1011.asset using Guid(e09ec5e8d1cfba94eb9066699416484f) Importer(815301076,1909f56bfc062723c751e8b465ee728b) (PreviewImporter) -> (artifact id: '9ebbc6a7e1a3b56422183e3183ab275f') in 0.014899 seconds
Number of updated asset objects reloaded before import = 0Number of asset objects unloaded after import = 3

========================================================================
Received Import Request.
  Time since last request: 0.000022 seconds.
  path: Assets/Sprites/props1_1322.asset
  artifactKey: Guid(a0d07bd2bd4100d4a87c85144c0af3b4) Importer(815301076,1909f56bfc062723c751e8b465ee728b)
Start importing Assets/Sprites/props1_1322.asset using Guid(a0d07bd2bd4100d4a87c85144c0af3b4) Importer(815301076,1909f56bfc062723c751e8b465ee728b) (PreviewImporter) -> (artifact id: 'bdb1b6e6333d7c12708e18e76ac48405') in 0.0136532 seconds
Number of updated asset objects reloaded before import = 0Number of asset objects unloaded after import = 3

========================================================================
Received Import Request.
  Time since last request: 0.000021 seconds.
  path: Assets/UnitystoreAssets/Cave Platformer Tileset/Individual PNG files/Tileset/objects_misc_animated/object_misc_animated_48.png
  artifactKey: Guid(a34901580daa82a49a35847225a6378e) Importer(815301076,1909f56bfc062723c751e8b465ee728b)
Start importing Assets/UnitystoreAssets/Cave Platformer Tileset/Individual PNG files/Tileset/objects_misc_animated/object_misc_animated_48.png using Guid(a34901580daa82a49a35847225a6378e) Importer(815301076,1909f56bfc062723c751e8b465ee728b) (PreviewImporter) -> (artifact id: 'e972b2a3e276254541dc9f443d3e78d1') in 0.0124565 seconds
Number of updated asset objects reloaded before import = 0Number of asset objects unloaded after import = 3

========================================================================
Received Import Request.
  Time since last request: 0.000020 seconds.
  path: Assets/Sprites/props1_869.asset
  artifactKey: Guid(dd65edb87e9da2f479be1f242ac16a40) Importer(815301076,1909f56bfc062723c751e8b465ee728b)
Start importing Assets/Sprites/props1_869.asset using Guid(dd65edb87e9da2f479be1f242ac16a40) Importer(815301076,1909f56bfc062723c751e8b465ee728b) (PreviewImporter) -> (artifact id: '2b225efc02f224a7a1c1e901a7754674') in 0.0135903 seconds
Number of updated asset objects reloaded before import = 0Number of asset objects unloaded after import = 3

========================================================================
Received Import Request.
  Time since last request: 0.000022 seconds.
  path: Assets/UnitystoreAssets/Cave Platformer Tileset/Individual PNG files/Tileset/parallax_bg_cave_blueish/parallax_bg_cave_blueish_tiles_06.png
  artifactKey: Guid(3d93735415e46d8458eeed2129c5a9a4) Importer(815301076,1909f56bfc062723c751e8b465ee728b)
Start importing Assets/UnitystoreAssets/Cave Platformer Tileset/Individual PNG files/Tileset/parallax_bg_cave_blueish/parallax_bg_cave_blueish_tiles_06.png using Guid(3d93735415e46d8458eeed2129c5a9a4) Importer(815301076,1909f56bfc062723c751e8b465ee728b) (PreviewImporter) -> (artifact id: 'ec587f098e9cbfcf2a1d3ab019182c72') in 0.0133742 seconds
Number of updated asset objects reloaded before import = 0Number of asset objects unloaded after import = 3

========================================================================
Received Import Request.
  Time since last request: 0.000020 seconds.
  path: Assets/Sprites/props1_1909.asset
  artifactKey: Guid(fd4be74f1acf5e44b9cb72e5216d07f3) Importer(815301076,1909f56bfc062723c751e8b465ee728b)
Start importing Assets/Sprites/props1_1909.asset using Guid(fd4be74f1acf5e44b9cb72e5216d07f3) Importer(815301076,1909f56bfc062723c751e8b465ee728b) (PreviewImporter) -> (artifact id: '5b0af48070826106ba26de82ce5ee9a3') in 0.0139106 seconds
Number of updated asset objects reloaded before import = 0Number of asset objects unloaded after import = 3

========================================================================
Received Import Request.
  Time since last request: 0.000023 seconds.
  path: Assets/Sprites/props1_1947.asset
  artifactKey: Guid(4d92e7dddf09ad34793edf48e61a3a61) Importer(815301076,1909f56bfc062723c751e8b465ee728b)
Start importing Assets/Sprites/props1_1947.asset using Guid(4d92e7dddf09ad34793edf48e61a3a61) Importer(815301076,1909f56bfc062723c751e8b465ee728b) (PreviewImporter) -> (artifact id: 'fe6fc4759fee921ef139f622e4fb1ff1') in 0.0158333 seconds
Number of updated asset objects reloaded before import = 0Number of asset objects unloaded after import = 3

========================================================================
Received Import Request.
  Time since last request: 0.000030 seconds.
  path: Assets/UnitystoreAssets/Asset FTTGR/Palettes/Decorations/Snow1.asset
  artifactKey: Guid(af8ae5305215c3b4d8b0a60427d11f41) Importer(815301076,1909f56bfc062723c751e8b465ee728b)
Start importing Assets/UnitystoreAssets/Asset FTTGR/Palettes/Decorations/Snow1.asset using Guid(af8ae5305215c3b4d8b0a60427d11f41) Importer(815301076,1909f56bfc062723c751e8b465ee728b) (PreviewImporter) -> (artifact id: '0040b4566e97b7dfbfdd84a7a1975380') in 0.0098135 seconds
Number of updated asset objects reloaded before import = 0Number of asset objects unloaded after import = 3

========================================================================
Received Import Request.
  Time since last request: 0.000025 seconds.
  path: Assets/Sprites/props1_1906.asset
  artifactKey: Guid(5f0331cf0b6b26e409c261671b98b7fc) Importer(815301076,1909f56bfc062723c751e8b465ee728b)
Start importing Assets/Sprites/props1_1906.asset using Guid(5f0331cf0b6b26e409c261671b98b7fc) Importer(815301076,1909f56bfc062723c751e8b465ee728b) (PreviewImporter) -> (artifact id: '6a0bb2657bcab2a80dd657e1b173dafd') in 0.0146385 seconds
Number of updated asset objects reloaded before import = 0Number of asset objects unloaded after import = 3

========================================================================
Received Import Request.
  Time since last request: 0.000022 seconds.
  path: Assets/UnitystoreAssets/Cave Platformer Tileset/Individual PNG files/Tileset/bg_objects/bg_objects_17.png
  artifactKey: Guid(3a23008b360486b4ea76d4b9b1cbd695) Importer(815301076,1909f56bfc062723c751e8b465ee728b)
Start importing Assets/UnitystoreAssets/Cave Platformer Tileset/Individual PNG files/Tileset/bg_objects/bg_objects_17.png using Guid(3a23008b360486b4ea76d4b9b1cbd695) Importer(815301076,1909f56bfc062723c751e8b465ee728b) (PreviewImporter) -> (artifact id: '77307ce6701a6c1ce241d24fc2a0f0f9') in 0.0133006 seconds
Number of updated asset objects reloaded before import = 0Number of asset objects unloaded after import = 3

========================================================================
Received Import Request.
  Time since last request: 0.000021 seconds.
  path: Assets/UnitystoreAssets/Cave Platformer Tileset/Individual PNG files/Tileset/trees-trunk-dark/trees-trunk-dark-70.png
  artifactKey: Guid(8cc9ddfebbcfe5746a8c7f969f54b0e5) Importer(815301076,1909f56bfc062723c751e8b465ee728b)
Start importing Assets/UnitystoreAssets/Cave Platformer Tileset/Individual PNG files/Tileset/trees-trunk-dark/trees-trunk-dark-70.png using Guid(8cc9ddfebbcfe5746a8c7f969f54b0e5) Importer(815301076,1909f56bfc062723c751e8b465ee728b) (PreviewImporter) -> (artifact id: 'a02bbb2d5a50aab6a98500e2aed2a8a9') in 0.0125018 seconds
Number of updated asset objects reloaded before import = 0Number of asset objects unloaded after import = 3

========================================================================
Received Import Request.
  Time since last request: 0.000037 seconds.
  path: Assets/UnitystoreAssets/Cave Platformer Tileset/Individual PNG files/Tileset/trees-trunk-lightbrown/trees-trunk-lightbrown-43.png
  artifactKey: Guid(10536785421f1624a9d3234839c8080b) Importer(815301076,1909f56bfc062723c751e8b465ee728b)
Start importing Assets/UnitystoreAssets/Cave Platformer Tileset/Individual PNG files/Tileset/trees-trunk-lightbrown/trees-trunk-lightbrown-43.png using Guid(10536785421f1624a9d3234839c8080b) Importer(815301076,1909f56bfc062723c751e8b465ee728b) (PreviewImporter) -> (artifact id: '849f6deed78591574fc012942a593df1') in 0.0125858 seconds
Number of updated asset objects reloaded before import = 0Number of asset objects unloaded after import = 3

========================================================================
Received Import Request.
  Time since last request: 0.000021 seconds.
  path: Assets/UnitystoreAssets/Asset FTTGR/Palettes/Blocks/GroundWinter55.asset
  artifactKey: Guid(9bbbfebde7b09574d8a15c2137089f3e) Importer(815301076,1909f56bfc062723c751e8b465ee728b)
Start importing Assets/UnitystoreAssets/Asset FTTGR/Palettes/Blocks/GroundWinter55.asset using Guid(9bbbfebde7b09574d8a15c2137089f3e) Importer(815301076,1909f56bfc062723c751e8b465ee728b) (PreviewImporter) -> (artifact id: '3fe8ffe1bcad5024ae3dace388cac1bc') in 0.0098096 seconds
Number of updated asset objects reloaded before import = 0Number of asset objects unloaded after import = 3

========================================================================
Received Import Request.
  Time since last request: 0.000023 seconds.
  path: Assets/Sprites/props1_1209.asset
  artifactKey: Guid(57213e270f67316449b08b31197d2c96) Importer(815301076,1909f56bfc062723c751e8b465ee728b)
Start importing Assets/Sprites/props1_1209.asset using Guid(57213e270f67316449b08b31197d2c96) Importer(815301076,1909f56bfc062723c751e8b465ee728b) (PreviewImporter) -> (artifact id: 'fe185354f29f77c839eefe3cb5cbe7c5') in 0.0142785 seconds
Number of updated asset objects reloaded before import = 0Number of asset objects unloaded after import = 3

========================================================================
Received Import Request.
  Time since last request: 0.000031 seconds.
  path: Assets/Sprites/props1_2216.asset
  artifactKey: Guid(5dc89ab7c4ae3ad41b83e0282378b796) Importer(815301076,1909f56bfc062723c751e8b465ee728b)
Start importing Assets/Sprites/props1_2216.asset using Guid(5dc89ab7c4ae3ad41b83e0282378b796) Importer(815301076,1909f56bfc062723c751e8b465ee728b) (PreviewImporter) -> (artifact id: '315136ae3f7806dbd4dceaf08bc2dfee') in 0.0156055 seconds
Number of updated asset objects reloaded before import = 0Number of asset objects unloaded after import = 3

========================================================================
Received Import Request.
  Time since last request: 0.000024 seconds.
  path: Assets/karsiori/TileMap/Tiles/Tilesheet - WOODS_8.asset
  artifactKey: Guid(094dd37345348064a8558780b21d4f98) Importer(815301076,1909f56bfc062723c751e8b465ee728b)
Start importing Assets/karsiori/TileMap/Tiles/Tilesheet - WOODS_8.asset using Guid(094dd37345348064a8558780b21d4f98) Importer(815301076,1909f56bfc062723c751e8b465ee728b) (PreviewImporter) -> (artifact id: 'efb5a1c284b3b2697310cfba065c02c6') in 0.0113728 seconds
Number of updated asset objects reloaded before import = 0Number of asset objects unloaded after import = 3

========================================================================
Received Import Request.
  Time since last request: 0.000026 seconds.
  path: Assets/Sprites/props1_2025.asset
  artifactKey: Guid(b8d0925f325ea7f46b6292751ab6326a) Importer(815301076,1909f56bfc062723c751e8b465ee728b)
Start importing Assets/Sprites/props1_2025.asset using Guid(b8d0925f325ea7f46b6292751ab6326a) Importer(815301076,1909f56bfc062723c751e8b465ee728b) (PreviewImporter) -> (artifact id: '270a4da7de723c5142670fb8e7003305') in 0.0150247 seconds
Number of updated asset objects reloaded before import = 0Number of asset objects unloaded after import = 3

========================================================================
Received Import Request.
  Time since last request: 0.000022 seconds.
  path: Assets/UnitystoreAssets/Cainos/Pixel Art Platformer - Village Props/Tileset Palette/TP Ground/TX Tileset Ground_33.asset
  artifactKey: Guid(55330d3b032fd364f8b1de66d358ec99) Importer(815301076,1909f56bfc062723c751e8b465ee728b)
Start importing Assets/UnitystoreAssets/Cainos/Pixel Art Platformer - Village Props/Tileset Palette/TP Ground/TX Tileset Ground_33.asset using Guid(55330d3b032fd364f8b1de66d358ec99) Importer(815301076,1909f56bfc062723c751e8b465ee728b) (PreviewImporter) -> (artifact id: '7c9c09f879cd00529e32c2f1d75e8ae8') in 0.0115764 seconds
Number of updated asset objects reloaded before import = 0Number of asset objects unloaded after import = 3

========================================================================
Received Import Request.
  Time since last request: 0.000024 seconds.
  path: Assets/Sprites/props1_305.asset
  artifactKey: Guid(4fcca814c2fe6644982729e08f58b3c5) Importer(815301076,1909f56bfc062723c751e8b465ee728b)
Start importing Assets/Sprites/props1_305.asset using Guid(4fcca814c2fe6644982729e08f58b3c5) Importer(815301076,1909f56bfc062723c751e8b465ee728b) (PreviewImporter) -> (artifact id: '40ab38b3b0fd975db83439436ed46c08') in 0.0168571 seconds
Number of updated asset objects reloaded before import = 0Number of asset objects unloaded after import = 3

========================================================================
Received Import Request.
  Time since last request: 0.000021 seconds.
  path: Assets/UnitystoreAssets/Cave Platformer Tileset/Individual PNG files/Tileset/trees-trunk-grey/trees-trunk-grey-24.png
  artifactKey: Guid(e7900bfc425cd2d42becb85ca9f6988f) Importer(815301076,1909f56bfc062723c751e8b465ee728b)
Start importing Assets/UnitystoreAssets/Cave Platformer Tileset/Individual PNG files/Tileset/trees-trunk-grey/trees-trunk-grey-24.png using Guid(e7900bfc425cd2d42becb85ca9f6988f) Importer(815301076,1909f56bfc062723c751e8b465ee728b) (PreviewImporter) -> (artifact id: 'f6ea1388ba6a253907f7bce7fbd3e929') in 0.0131437 seconds
Number of updated asset objects reloaded before import = 0Number of asset objects unloaded after import = 3

========================================================================
Received Import Request.
  Time since last request: 0.000030 seconds.
  path: Assets/Sprites/props1_398.asset
  artifactKey: Guid(598dd5ff91550aa4b919afa848f1132a) Importer(815301076,1909f56bfc062723c751e8b465ee728b)
Start importing Assets/Sprites/props1_398.asset using Guid(598dd5ff91550aa4b919afa848f1132a) Importer(815301076,1909f56bfc062723c751e8b465ee728b) (PreviewImporter) -> (artifact id: 'c3961974d6f429415449e60159f805f5') in 0.0148357 seconds
Number of updated asset objects reloaded before import = 0Number of asset objects unloaded after import = 3

========================================================================
Received Import Request.
  Time since last request: 0.000034 seconds.
  path: Assets/Sprites/mainlev_build_777.asset
  artifactKey: Guid(4e244c611d9fb424aac2dede3dd2ba09) Importer(815301076,1909f56bfc062723c751e8b465ee728b)
Start importing Assets/Sprites/mainlev_build_777.asset using Guid(4e244c611d9fb424aac2dede3dd2ba09) Importer(815301076,1909f56bfc062723c751e8b465ee728b) (PreviewImporter) -> (artifact id: '42f9148f630785a7e920f54669ce126b') in 0.013338 seconds
Number of updated asset objects reloaded before import = 0Number of asset objects unloaded after import = 3

========================================================================
Received Import Request.
  Time since last request: 0.000022 seconds.
  path: Assets/UnitystoreAssets/Cave Platformer Tileset/Individual PNG files/Tileset/bg_cave_greenish_32x16/bg_cave_greenish_32x16_tile_09.png
  artifactKey: Guid(5307435467d4854439f248ee82ff3e5b) Importer(815301076,1909f56bfc062723c751e8b465ee728b)
Start importing Assets/UnitystoreAssets/Cave Platformer Tileset/Individual PNG files/Tileset/bg_cave_greenish_32x16/bg_cave_greenish_32x16_tile_09.png using Guid(5307435467d4854439f248ee82ff3e5b) Importer(815301076,1909f56bfc062723c751e8b465ee728b) (PreviewImporter) -> (artifact id: '09c1bb331c181db35087b47358b896bd') in 0.0135654 seconds
Number of updated asset objects reloaded before import = 0Number of asset objects unloaded after import = 3

========================================================================
Received Import Request.
  Time since last request: 0.000021 seconds.
  path: Assets/Sprites/mainlev_build_71.asset
  artifactKey: Guid(57ca17b5a622f474f90a8cb038c6974b) Importer(815301076,1909f56bfc062723c751e8b465ee728b)
Start importing Assets/Sprites/mainlev_build_71.asset using Guid(57ca17b5a622f474f90a8cb038c6974b) Importer(815301076,1909f56bfc062723c751e8b465ee728b) (PreviewImporter) -> (artifact id: '936f1efb47f36b82fb3585b3475e7c5b') in 0.0130061 seconds
Number of updated asset objects reloaded before import = 0Number of asset objects unloaded after import = 3

========================================================================
Received Import Request.
  Time since last request: 0.000025 seconds.
  path: Assets/Sprites/props1_302.asset
  artifactKey: Guid(3e963179a21e8d34daa6e450eb607050) Importer(815301076,1909f56bfc062723c751e8b465ee728b)
Start importing Assets/Sprites/props1_302.asset using Guid(3e963179a21e8d34daa6e450eb607050) Importer(815301076,1909f56bfc062723c751e8b465ee728b) (PreviewImporter) -> (artifact id: 'a551e89903e4dfef9042db722eb2fbe6') in 0.015667 seconds
Number of updated asset objects reloaded before import = 0Number of asset objects unloaded after import = 3

========================================================================
Received Import Request.
  Time since last request: 0.000032 seconds.
  path: Assets/UnitystoreAssets/Cainos/Pixel Art Platformer - Village Props/Tileset Palette/TP Ground/TX Tileset Ground_128.asset
  artifactKey: Guid(635987d8cc471a1479b0f5c611789536) Importer(815301076,1909f56bfc062723c751e8b465ee728b)
Start importing Assets/UnitystoreAssets/Cainos/Pixel Art Platformer - Village Props/Tileset Palette/TP Ground/TX Tileset Ground_128.asset using Guid(635987d8cc471a1479b0f5c611789536) Importer(815301076,1909f56bfc062723c751e8b465ee728b) (PreviewImporter) -> (artifact id: 'a7648a15847e8f3a7e8846e7b983bd89') in 0.0055451 seconds
Number of updated asset objects reloaded before import = 0Number of asset objects unloaded after import = 3

========================================================================
Received Import Request.
  Time since last request: 0.000019 seconds.
  path: Assets/Sprites/mainlev_build_107.asset
  artifactKey: Guid(8f6a5fe3d473dc44a8adb03557767130) Importer(815301076,1909f56bfc062723c751e8b465ee728b)
Start importing Assets/Sprites/mainlev_build_107.asset using Guid(8f6a5fe3d473dc44a8adb03557767130) Importer(815301076,1909f56bfc062723c751e8b465ee728b) (PreviewImporter) -> (artifact id: 'af68b02c969a791ec87f0362930c17ac') in 0.0123269 seconds
Number of updated asset objects reloaded before import = 0Number of asset objects unloaded after import = 3

========================================================================
Received Import Request.
  Time since last request: 0.000023 seconds.
  path: Assets/UnitystoreAssets/Cainos/Pixel Art Platformer - Village Props
  artifactKey: Guid(1f08d781702466b438d35aa7938d8030) Importer(815301076,1909f56bfc062723c751e8b465ee728b)
Start importing Assets/UnitystoreAssets/Cainos/Pixel Art Platformer - Village Props using Guid(1f08d781702466b438d35aa7938d8030) Importer(815301076,1909f56bfc062723c751e8b465ee728b) (PreviewImporter) -> (artifact id: '5a788bbca3d378cfd0b426066034170c') in 0.0005576 seconds
Number of updated asset objects reloaded before import = 0Number of asset objects unloaded after import = 0

========================================================================
Received Import Request.
  Time since last request: 0.000030 seconds.
  path: Assets/UnitystoreAssets/Asset FTTGR/Palettes/Blocks/GrassGround17.asset
  artifactKey: Guid(2f488aa7d95f9704fb92c239cd92b77e) Importer(815301076,1909f56bfc062723c751e8b465ee728b)
Start importing Assets/UnitystoreAssets/Asset FTTGR/Palettes/Blocks/GrassGround17.asset using Guid(2f488aa7d95f9704fb92c239cd92b77e) Importer(815301076,1909f56bfc062723c751e8b465ee728b) (PreviewImporter) -> (artifact id: 'd862683e4006a44670ef47eb593b6f51') in 0.0104427 seconds
Number of updated asset objects reloaded before import = 0Number of asset objects unloaded after import = 3

========================================================================
Received Import Request.
  Time since last request: 0.000020 seconds.
  path: Assets/UnitystoreAssets/Cave Platformer Tileset/Individual PNG files/Monster/scorpion-red/scorpion-red-20.png
  artifactKey: Guid(f24581d9b40f4f34f914d9d37531cd69) Importer(815301076,1909f56bfc062723c751e8b465ee728b)
Start importing Assets/UnitystoreAssets/Cave Platformer Tileset/Individual PNG files/Monster/scorpion-red/scorpion-red-20.png using Guid(f24581d9b40f4f34f914d9d37531cd69) Importer(815301076,1909f56bfc062723c751e8b465ee728b) (PreviewImporter) -> (artifact id: '00fa253a8c46695ca1f87dc63fd62cd9') in 0.0128258 seconds
Number of updated asset objects reloaded before import = 0Number of asset objects unloaded after import = 3

========================================================================
Received Import Request.
  Time since last request: 0.000031 seconds.
  path: Assets/Sprites/props1_1925.asset
  artifactKey: Guid(4386cdd5bd0f41249acdded8ec0fb78b) Importer(815301076,1909f56bfc062723c751e8b465ee728b)
Start importing Assets/Sprites/props1_1925.asset using Guid(4386cdd5bd0f41249acdded8ec0fb78b) Importer(815301076,1909f56bfc062723c751e8b465ee728b) (PreviewImporter) -> (artifact id: '23b51eab539082a27e7fea557e924df0') in 0.0160599 seconds
Number of updated asset objects reloaded before import = 0Number of asset objects unloaded after import = 3

========================================================================
Received Import Request.
  Time since last request: 0.000021 seconds.
  path: Assets/UnitystoreAssets/Cave Platformer Tileset/Individual PNG files/Tileset/bg_objects/bg_objects_24.png
  artifactKey: Guid(3c7bc40bd019e9848b8b2dea1437afc1) Importer(815301076,1909f56bfc062723c751e8b465ee728b)
Start importing Assets/UnitystoreAssets/Cave Platformer Tileset/Individual PNG files/Tileset/bg_objects/bg_objects_24.png using Guid(3c7bc40bd019e9848b8b2dea1437afc1) Importer(815301076,1909f56bfc062723c751e8b465ee728b) (PreviewImporter) -> (artifact id: 'eb130a3740b0adc215b6bd80e2ca6045') in 0.0128508 seconds
Number of updated asset objects reloaded before import = 0Number of asset objects unloaded after import = 3

========================================================================
Received Import Request.
  Time since last request: 0.000036 seconds.
  path: Assets/UnitystoreAssets/Cave Platformer Tileset/Individual PNG files/Tileset/trees-trunk-grey/trees-trunk-grey-68.png
  artifactKey: Guid(ef702221e58f6d14fab2aee5ebee7018) Importer(815301076,1909f56bfc062723c751e8b465ee728b)
Start importing Assets/UnitystoreAssets/Cave Platformer Tileset/Individual PNG files/Tileset/trees-trunk-grey/trees-trunk-grey-68.png using Guid(ef702221e58f6d14fab2aee5ebee7018) Importer(815301076,1909f56bfc062723c751e8b465ee728b) (PreviewImporter) -> (artifact id: 'a8410477145f22ed34903095fd309943') in 0.0129823 seconds
Number of updated asset objects reloaded before import = 0Number of asset objects unloaded after import = 3

========================================================================
Received Import Request.
  Time since last request: 0.000021 seconds.
  path: Assets/Sprites/props1_1827.asset
  artifactKey: Guid(1c9786a828d74ef479c21abce5306af0) Importer(815301076,1909f56bfc062723c751e8b465ee728b)
Start importing Assets/Sprites/props1_1827.asset using Guid(1c9786a828d74ef479c21abce5306af0) Importer(815301076,1909f56bfc062723c751e8b465ee728b) (PreviewImporter) -> (artifact id: 'd4efd13bcce81e84cd2b3a6046fe0bb9') in 0.0088188 seconds
Number of updated asset objects reloaded before import = 0Number of asset objects unloaded after import = 3

========================================================================
Received Import Request.
  Time since last request: 0.000024 seconds.
  path: Assets/Sprites/props1_2254.asset
  artifactKey: Guid(11f4495a5ab4fc4448c09a84b1f9ea35) Importer(815301076,1909f56bfc062723c751e8b465ee728b)
Start importing Assets/Sprites/props1_2254.asset using Guid(11f4495a5ab4fc4448c09a84b1f9ea35) Importer(815301076,1909f56bfc062723c751e8b465ee728b) (PreviewImporter) -> (artifact id: '0d123f7f3bc8f7d4d82e8f2cf22b8381') in 0.0141386 seconds
Number of updated asset objects reloaded before import = 0Number of asset objects unloaded after import = 3

========================================================================
Received Import Request.
  Time since last request: 0.000032 seconds.
  path: Assets/Sprites/mainlev_build_639.asset
  artifactKey: Guid(91b3f61bddceb42448765194edf98d71) Importer(815301076,1909f56bfc062723c751e8b465ee728b)
Start importing Assets/Sprites/mainlev_build_639.asset using Guid(91b3f61bddceb42448765194edf98d71) Importer(815301076,1909f56bfc062723c751e8b465ee728b) (PreviewImporter) -> (artifact id: '78c35597d9bd1a543fb15362dc689179') in 0.0119632 seconds
Number of updated asset objects reloaded before import = 0Number of asset objects unloaded after import = 3

========================================================================
Received Import Request.
  Time since last request: 0.000021 seconds.
  path: Assets/UnitystoreAssets/Cave Platformer Tileset/Individual PNG files/Monster/scorpion-brown/scorpion-brown-0.png
  artifactKey: Guid(5a76624441c3a964ea4548dea149928d) Importer(815301076,1909f56bfc062723c751e8b465ee728b)
Start importing Assets/UnitystoreAssets/Cave Platformer Tileset/Individual PNG files/Monster/scorpion-brown/scorpion-brown-0.png using Guid(5a76624441c3a964ea4548dea149928d) Importer(815301076,1909f56bfc062723c751e8b465ee728b) (PreviewImporter) -> (artifact id: 'dc39bd432508403b6f07de7224d5b004') in 0.0131177 seconds
Number of updated asset objects reloaded before import = 0Number of asset objects unloaded after import = 3

========================================================================
Received Import Request.
  Time since last request: 0.000021 seconds.
  path: Assets/UnitystoreAssets/Asset FTTGR/Palettes/Blocks/GroundWinter33.asset
  artifactKey: Guid(4ba7afc02c989ab47b4c2f5121933a99) Importer(815301076,1909f56bfc062723c751e8b465ee728b)
Start importing Assets/UnitystoreAssets/Asset FTTGR/Palettes/Blocks/GroundWinter33.asset using Guid(4ba7afc02c989ab47b4c2f5121933a99) Importer(815301076,1909f56bfc062723c751e8b465ee728b) (PreviewImporter) -> (artifact id: '1fea4829cb8941fb61c8c1e83bea856d') in 0.0099716 seconds
Number of updated asset objects reloaded before import = 0Number of asset objects unloaded after import = 3

========================================================================
Received Import Request.
  Time since last request: 0.000021 seconds.
  path: Assets/Sprites/props1_1149.asset
  artifactKey: Guid(f9313ced515f9504d943f8b9ecc9ca0f) Importer(815301076,1909f56bfc062723c751e8b465ee728b)
Start importing Assets/Sprites/props1_1149.asset using Guid(f9313ced515f9504d943f8b9ecc9ca0f) Importer(815301076,1909f56bfc062723c751e8b465ee728b) (PreviewImporter) -> (artifact id: 'e92d11dc6963fd6044c31a953900d45e') in 0.013499 seconds
Number of updated asset objects reloaded before import = 0Number of asset objects unloaded after import = 3

========================================================================
Received Import Request.
  Time since last request: 0.000021 seconds.
  path: Assets/UnitystoreAssets/Cainos/Pixel Art Platformer - Village Props/Tileset Palette/TP Ground/TX Tileset Ground_113.asset
  artifactKey: Guid(29da9ab6b6918b34b8406afb49be907b) Importer(815301076,1909f56bfc062723c751e8b465ee728b)
Start importing Assets/UnitystoreAssets/Cainos/Pixel Art Platformer - Village Props/Tileset Palette/TP Ground/TX Tileset Ground_113.asset using Guid(29da9ab6b6918b34b8406afb49be907b) Importer(815301076,1909f56bfc062723c751e8b465ee728b) (PreviewImporter) -> (artifact id: 'c74bcbd510e34f9d5891ef9a98b218ca') in 0.0054168 seconds
Number of updated asset objects reloaded before import = 0Number of asset objects unloaded after import = 3

========================================================================
Received Import Request.
  Time since last request: 0.000022 seconds.
  path: Assets/Sprites/props1_2217.asset
  artifactKey: Guid(7ed536b55e6a7de4e8d3030dfe97b070) Importer(815301076,1909f56bfc062723c751e8b465ee728b)
Start importing Assets/Sprites/props1_2217.asset using Guid(7ed536b55e6a7de4e8d3030dfe97b070) Importer(815301076,1909f56bfc062723c751e8b465ee728b) (PreviewImporter) -> (artifact id: '9e4a0bb4acee5f70be62603701680e2e') in 0.0142122 seconds
Number of updated asset objects reloaded before import = 0Number of asset objects unloaded after import = 3

========================================================================
Received Import Request.
  Time since last request: 0.000022 seconds.
  path: Assets/Sprites/props1_843.asset
  artifactKey: Guid(9276c966c1d76734faae29d7d9b2c667) Importer(815301076,1909f56bfc062723c751e8b465ee728b)
Start importing Assets/Sprites/props1_843.asset using Guid(9276c966c1d76734faae29d7d9b2c667) Importer(815301076,1909f56bfc062723c751e8b465ee728b) (PreviewImporter) -> (artifact id: '4eebf9f6a6ad4315e60bc49e5899f3ec') in 0.0137868 seconds
Number of updated asset objects reloaded before import = 0Number of asset objects unloaded after import = 3

========================================================================
Received Import Request.
  Time since last request: 0.000024 seconds.
  path: Assets/UnitystoreAssets/Cave Platformer Tileset/Individual PNG files/Monster/scorpion-black/scorpion-black-13.png
  artifactKey: Guid(3b850e4b14000a345a91b4ec51521acd) Importer(815301076,1909f56bfc062723c751e8b465ee728b)
Start importing Assets/UnitystoreAssets/Cave Platformer Tileset/Individual PNG files/Monster/scorpion-black/scorpion-black-13.png using Guid(3b850e4b14000a345a91b4ec51521acd) Importer(815301076,1909f56bfc062723c751e8b465ee728b) (PreviewImporter) -> (artifact id: '12abaf82138896c3c747dd2e05a6c53a') in 0.012494 seconds
Number of updated asset objects reloaded before import = 0Number of asset objects unloaded after import = 3

========================================================================
Received Import Request.
  Time since last request: 0.000029 seconds.
  path: Assets/UnitystoreAssets/Cave Platformer Tileset/Individual PNG files/Tileset/object_misc/objects_misc_11.png
  artifactKey: Guid(0f3d73292570f9744a5251ee19f58964) Importer(815301076,1909f56bfc062723c751e8b465ee728b)
Start importing Assets/UnitystoreAssets/Cave Platformer Tileset/Individual PNG files/Tileset/object_misc/objects_misc_11.png using Guid(0f3d73292570f9744a5251ee19f58964) Importer(815301076,1909f56bfc062723c751e8b465ee728b) (PreviewImporter) -> (artifact id: 'b6c2df01d03cbac7c6420a8fc7f89947') in 0.0117401 seconds
Number of updated asset objects reloaded before import = 0Number of asset objects unloaded after import = 3

========================================================================
Received Import Request.
  Time since last request: 0.000021 seconds.
  path: Assets/Sprites/props1_1459.asset
  artifactKey: Guid(5fbb874b024f0d44b81067e308105d25) Importer(815301076,1909f56bfc062723c751e8b465ee728b)
Start importing Assets/Sprites/props1_1459.asset using Guid(5fbb874b024f0d44b81067e308105d25) Importer(815301076,1909f56bfc062723c751e8b465ee728b) (PreviewImporter) -> (artifact id: '25e1154e190f8e25c80082c14f591e00') in 0.0084102 seconds
Number of updated asset objects reloaded before import = 0Number of asset objects unloaded after import = 3

========================================================================
Received Import Request.
  Time since last request: 0.000022 seconds.
  path: Assets/Sprites/props1_2204.asset
  artifactKey: Guid(941d98fb13ba19443843db07542d2a9c) Importer(815301076,1909f56bfc062723c751e8b465ee728b)
Start importing Assets/Sprites/props1_2204.asset using Guid(941d98fb13ba19443843db07542d2a9c) Importer(815301076,1909f56bfc062723c751e8b465ee728b) (PreviewImporter) -> (artifact id: 'cfaae6e67b50e4f297a07252b5ee46eb') in 0.0139448 seconds
Number of updated asset objects reloaded before import = 0Number of asset objects unloaded after import = 3

========================================================================
Received Import Request.
  Time since last request: 0.000033 seconds.
  path: Assets/Sprites/props1_1764.asset
  artifactKey: Guid(c79f335835ae00b4681d8ab565952130) Importer(815301076,1909f56bfc062723c751e8b465ee728b)
Start importing Assets/Sprites/props1_1764.asset using Guid(c79f335835ae00b4681d8ab565952130) Importer(815301076,1909f56bfc062723c751e8b465ee728b) (PreviewImporter) -> (artifact id: '2b7925168fce9b47dde41224e700132c') in 0.0138947 seconds
Number of updated asset objects reloaded before import = 0Number of asset objects unloaded after import = 3

========================================================================
Received Import Request.
  Time since last request: 0.000022 seconds.
  path: Assets/Sprites/props1_0.asset
  artifactKey: Guid(d4f15404f7eaf244dbe8078e9ddd8b55) Importer(815301076,1909f56bfc062723c751e8b465ee728b)
Start importing Assets/Sprites/props1_0.asset using Guid(d4f15404f7eaf244dbe8078e9ddd8b55) Importer(815301076,1909f56bfc062723c751e8b465ee728b) (PreviewImporter) -> (artifact id: 'd95d0b13a4cc7793baa74958f2c82464') in 0.0145932 seconds
Number of updated asset objects reloaded before import = 0Number of asset objects unloaded after import = 3

========================================================================
Received Import Request.
  Time since last request: 0.000022 seconds.
  path: Assets/Sprites/props1_175.asset
  artifactKey: Guid(599bb61533236274b989d8a2d0d205b5) Importer(815301076,1909f56bfc062723c751e8b465ee728b)
Start importing Assets/Sprites/props1_175.asset using Guid(599bb61533236274b989d8a2d0d205b5) Importer(815301076,1909f56bfc062723c751e8b465ee728b) (PreviewImporter) -> (artifact id: 'b1e25adbc54fa4163c4a59194e9dd986') in 0.0153029 seconds
Number of updated asset objects reloaded before import = 0Number of asset objects unloaded after import = 3

========================================================================
Received Import Request.
  Time since last request: 0.000026 seconds.
  path: Assets/UnitystoreAssets/Cave Platformer Tileset/Individual PNG files/Tileset/parallax_cave_tops/parallax_cave_tops_blueish.png
  artifactKey: Guid(5d7c0bec94b10bc4781aa42e82eb3f33) Importer(815301076,1909f56bfc062723c751e8b465ee728b)
Start importing Assets/UnitystoreAssets/Cave Platformer Tileset/Individual PNG files/Tileset/parallax_cave_tops/parallax_cave_tops_blueish.png using Guid(5d7c0bec94b10bc4781aa42e82eb3f33) Importer(815301076,1909f56bfc062723c751e8b465ee728b) (PreviewImporter) -> (artifact id: 'f1e6df1e3325bc904fc5f4ef5624e1e1') in 0.0157253 seconds
Number of updated asset objects reloaded before import = 0Number of asset objects unloaded after import = 3

========================================================================
Received Import Request.
  Time since last request: 0.000029 seconds.
  path: Assets/Sprites/mainlev_build_506.asset
  artifactKey: Guid(c5a579934b1858d438fbc2ed32b6a3e3) Importer(815301076,1909f56bfc062723c751e8b465ee728b)
Start importing Assets/Sprites/mainlev_build_506.asset using Guid(c5a579934b1858d438fbc2ed32b6a3e3) Importer(815301076,1909f56bfc062723c751e8b465ee728b) (PreviewImporter) -> (artifact id: '2c0d690f01c8315c86feff434fdaf574') in 0.0119252 seconds
Number of updated asset objects reloaded before import = 0Number of asset objects unloaded after import = 3

========================================================================
Received Import Request.
  Time since last request: 0.000021 seconds.
  path: Assets/UnitystoreAssets/Asset FTTGR/Sprites/Environment/Tiles/Snow.png
  artifactKey: Guid(e327d46c8f3d5804d9dffdc35b8c466c) Importer(815301076,1909f56bfc062723c751e8b465ee728b)
Start importing Assets/UnitystoreAssets/Asset FTTGR/Sprites/Environment/Tiles/Snow.png using Guid(e327d46c8f3d5804d9dffdc35b8c466c) Importer(815301076,1909f56bfc062723c751e8b465ee728b) (PreviewImporter) -> (artifact id: '120de9532f6171d4858059aaa87c0329') in 0.0183249 seconds
Number of updated asset objects reloaded before import = 0Number of asset objects unloaded after import = 6

========================================================================
Received Import Request.
  Time since last request: 0.000022 seconds.
  path: Assets/Settings/Renderer2D.asset
  artifactKey: Guid(424799608f7334c24bf367e4bbfa7f9a) Importer(815301076,1909f56bfc062723c751e8b465ee728b)
Start importing Assets/Settings/Renderer2D.asset using Guid(424799608f7334c24bf367e4bbfa7f9a) Importer(815301076,1909f56bfc062723c751e8b465ee728b) (PreviewImporter) -> (artifact id: '403a0a9c0aeae1e5730532c1b4a28511') in 0.0007618 seconds
Number of updated asset objects reloaded before import = 0Number of asset objects unloaded after import = 0

========================================================================
Received Import Request.
  Time since last request: 0.000022 seconds.
  path: Assets/Sprites/props1_539.asset
  artifactKey: Guid(a13d7ed084b57d84c8318a54e72f828a) Importer(815301076,1909f56bfc062723c751e8b465ee728b)
Start importing Assets/Sprites/props1_539.asset using Guid(a13d7ed084b57d84c8318a54e72f828a) Importer(815301076,1909f56bfc062723c751e8b465ee728b) (PreviewImporter) -> (artifact id: 'a9d6678cf0ffe712ce690b2707ad8355') in 0.0140567 seconds
Number of updated asset objects reloaded before import = 0Number of asset objects unloaded after import = 3

========================================================================
Received Import Request.
  Time since last request: 0.000028 seconds.
  path: Assets/UnitystoreAssets/Cave Platformer Tileset/Individual PNG files/Tileset/trees-trunk-grey/trees-trunk-grey-55.png
  artifactKey: Guid(dcf262032a2b022478a6a33f357dc98e) Importer(815301076,1909f56bfc062723c751e8b465ee728b)
Start importing Assets/UnitystoreAssets/Cave Platformer Tileset/Individual PNG files/Tileset/trees-trunk-grey/trees-trunk-grey-55.png using Guid(dcf262032a2b022478a6a33f357dc98e) Importer(815301076,1909f56bfc062723c751e8b465ee728b) (PreviewImporter) -> (artifact id: '2c4fe685c3ada2ea882291a6dda17e4f') in 0.013555 seconds
Number of updated asset objects reloaded before import = 0Number of asset objects unloaded after import = 3

========================================================================
Received Import Request.
  Time since last request: 0.000020 seconds.
  path: Assets/Sprites/props1_1897.asset
  artifactKey: Guid(f38d581f371705a46b501b0ec436e022) Importer(815301076,1909f56bfc062723c751e8b465ee728b)
Start importing Assets/Sprites/props1_1897.asset using Guid(f38d581f371705a46b501b0ec436e022) Importer(815301076,1909f56bfc062723c751e8b465ee728b) (PreviewImporter) -> (artifact id: 'dc241164fd50396ba713ffba7f6076ba') in 0.0139117 seconds
Number of updated asset objects reloaded before import = 0Number of asset objects unloaded after import = 3

========================================================================
Received Import Request.
  Time since last request: 0.000023 seconds.
  path: Assets/Sprites/props1_391.asset
  artifactKey: Guid(03ac2e829da83a04ebca95484a364470) Importer(815301076,1909f56bfc062723c751e8b465ee728b)
Start importing Assets/Sprites/props1_391.asset using Guid(03ac2e829da83a04ebca95484a364470) Importer(815301076,1909f56bfc062723c751e8b465ee728b) (PreviewImporter) -> (artifact id: '61d92cd62656359ddedaae08af0d6c77') in 0.0138497 seconds
Number of updated asset objects reloaded before import = 0Number of asset objects unloaded after import = 3

========================================================================
Received Import Request.
  Time since last request: 0.000024 seconds.
  path: Assets/Sprites/props1_1071.asset
  artifactKey: Guid(8a0d609cebcc8444cb5816c1e8c15a5f) Importer(815301076,1909f56bfc062723c751e8b465ee728b)
Start importing Assets/Sprites/props1_1071.asset using Guid(8a0d609cebcc8444cb5816c1e8c15a5f) Importer(815301076,1909f56bfc062723c751e8b465ee728b) (PreviewImporter) -> (artifact id: '7dd35012a49cb0dae6d4e7c3a3ef98d8') in 0.0140625 seconds
Number of updated asset objects reloaded before import = 0Number of asset objects unloaded after import = 3

========================================================================
Received Import Request.
  Time since last request: 0.000030 seconds.
  path: Assets/UnitystoreAssets/Cave Platformer Tileset/Individual PNG files/Monster/scorpion-gold/scorpion-gold-22.png
  artifactKey: Guid(be2598c03ee81da4d9a2cd828a5a9abb) Importer(815301076,1909f56bfc062723c751e8b465ee728b)
Start importing Assets/UnitystoreAssets/Cave Platformer Tileset/Individual PNG files/Monster/scorpion-gold/scorpion-gold-22.png using Guid(be2598c03ee81da4d9a2cd828a5a9abb) Importer(815301076,1909f56bfc062723c751e8b465ee728b) (PreviewImporter) -> (artifact id: '320c73c9d04ff3720d08d744a2420e0c') in 0.0128529 seconds
Number of updated asset objects reloaded before import = 0Number of asset objects unloaded after import = 3

========================================================================
Received Import Request.
  Time since last request: 0.000023 seconds.
  path: Assets/Sprites/mainlev_build_703.asset
  artifactKey: Guid(e3b60b6d66601574fac695adb6e0021b) Importer(815301076,1909f56bfc062723c751e8b465ee728b)
Start importing Assets/Sprites/mainlev_build_703.asset using Guid(e3b60b6d66601574fac695adb6e0021b) Importer(815301076,1909f56bfc062723c751e8b465ee728b) (PreviewImporter) -> (artifact id: '93b863b0a8471bd30febc79ad2ecef07') in 0.0121804 seconds
Number of updated asset objects reloaded before import = 0Number of asset objects unloaded after import = 3

========================================================================
Received Import Request.
  Time since last request: 0.000021 seconds.
  path: Assets/Sprites/props1_1948.asset
  artifactKey: Guid(ce18106a3e4c9d7428b9713a393aa194) Importer(815301076,1909f56bfc062723c751e8b465ee728b)
Start importing Assets/Sprites/props1_1948.asset using Guid(ce18106a3e4c9d7428b9713a393aa194) Importer(815301076,1909f56bfc062723c751e8b465ee728b) (PreviewImporter) -> (artifact id: '997d5ff0fdb1b21144bd3a0d31d2c3c9') in 0.0149261 seconds
Number of updated asset objects reloaded before import = 0Number of asset objects unloaded after import = 3

========================================================================
Received Import Request.
  Time since last request: 0.000028 seconds.
  path: Assets/Sprites/props1_934.asset
  artifactKey: Guid(81717f32a677ffb47b0578a371f498be) Importer(815301076,1909f56bfc062723c751e8b465ee728b)
Start importing Assets/Sprites/props1_934.asset using Guid(81717f32a677ffb47b0578a371f498be) Importer(815301076,1909f56bfc062723c751e8b465ee728b) (PreviewImporter) -> (artifact id: '3151e47aecebbad57db1ea3945be37f7') in 0.0137774 seconds
Number of updated asset objects reloaded before import = 0Number of asset objects unloaded after import = 3

========================================================================
Received Import Request.
  Time since last request: 0.000022 seconds.
  path: Assets/UnitystoreAssets/Cave Platformer Tileset/Individual PNG files/Tileset/trees-trunk-grey/trees-trunk-grey-10.png
  artifactKey: Guid(39fa5c21cb44e2241b705a5f892ed113) Importer(815301076,1909f56bfc062723c751e8b465ee728b)
Start importing Assets/UnitystoreAssets/Cave Platformer Tileset/Individual PNG files/Tileset/trees-trunk-grey/trees-trunk-grey-10.png using Guid(39fa5c21cb44e2241b705a5f892ed113) Importer(815301076,1909f56bfc062723c751e8b465ee728b) (PreviewImporter) -> (artifact id: 'd973ef05af67732f8d26ab37d39bda2b') in 0.0134098 seconds
Number of updated asset objects reloaded before import = 0Number of asset objects unloaded after import = 3

========================================================================
Received Import Request.
  Time since last request: 0.000023 seconds.
  path: Assets/Sprites/mainlev_build_249.asset
  artifactKey: Guid(c90a7135b6d222e4390a9f355ecbab6e) Importer(815301076,1909f56bfc062723c751e8b465ee728b)
Start importing Assets/Sprites/mainlev_build_249.asset using Guid(c90a7135b6d222e4390a9f355ecbab6e) Importer(815301076,1909f56bfc062723c751e8b465ee728b) (PreviewImporter) -> (artifact id: '7f52c3fa4e8b5d0b303a3ad56f471be8') in 0.0118835 seconds
Number of updated asset objects reloaded before import = 0Number of asset objects unloaded after import = 3

========================================================================
Received Import Request.
  Time since last request: 0.000021 seconds.
  path: Assets/Sprites/mainlev_build_179.asset
  artifactKey: Guid(753863563853c38418a940e37923d439) Importer(815301076,1909f56bfc062723c751e8b465ee728b)
Start importing Assets/Sprites/mainlev_build_179.asset using Guid(753863563853c38418a940e37923d439) Importer(815301076,1909f56bfc062723c751e8b465ee728b) (PreviewImporter) -> (artifact id: 'c5fbfecd94e5e8acf995ef5b9b84b965') in 0.0118705 seconds
Number of updated asset objects reloaded before import = 0Number of asset objects unloaded after import = 3

========================================================================
Received Import Request.
  Time since last request: 0.000025 seconds.
  path: Assets/Sprites/props1_1842.asset
  artifactKey: Guid(1963a099c97c4204ea7f1c0cde2fe093) Importer(815301076,1909f56bfc062723c751e8b465ee728b)
Start importing Assets/Sprites/props1_1842.asset using Guid(1963a099c97c4204ea7f1c0cde2fe093) Importer(815301076,1909f56bfc062723c751e8b465ee728b) (PreviewImporter) -> (artifact id: '22d456ccd8e31e820c66e82e34144387') in 0.0137223 seconds
Number of updated asset objects reloaded before import = 0Number of asset objects unloaded after import = 3

========================================================================
Received Import Request.
  Time since last request: 0.000031 seconds.
  path: Assets/Sprites/props1_555.asset
  artifactKey: Guid(67b4d609ca3b7a04788f2fa234c1a784) Importer(815301076,1909f56bfc062723c751e8b465ee728b)
Start importing Assets/Sprites/props1_555.asset using Guid(67b4d609ca3b7a04788f2fa234c1a784) Importer(815301076,1909f56bfc062723c751e8b465ee728b) (PreviewImporter) -> (artifact id: '8a4a39325097b30108dff48fca96db06') in 0.0153969 seconds
Number of updated asset objects reloaded before import = 0Number of asset objects unloaded after import = 3

========================================================================
Received Import Request.
  Time since last request: 0.000023 seconds.
  path: Assets/UnitystoreAssets/Cainos/Pixel Art Platformer - Village Props/Tileset Palette/TP Ground/TX Tileset Ground_90.asset
  artifactKey: Guid(da7ab159069365f438533801271ce97f) Importer(815301076,1909f56bfc062723c751e8b465ee728b)
Start importing Assets/UnitystoreAssets/Cainos/Pixel Art Platformer - Village Props/Tileset Palette/TP Ground/TX Tileset Ground_90.asset using Guid(da7ab159069365f438533801271ce97f) Importer(815301076,1909f56bfc062723c751e8b465ee728b) (PreviewImporter) -> (artifact id: '09c8a71dc0ddb6e11c8f9792057c1535') in 0.0129179 seconds
Number of updated asset objects reloaded before import = 0Number of asset objects unloaded after import = 3

========================================================================
Received Import Request.
  Time since last request: 0.000021 seconds.
  path: Assets/UnitystoreAssets/Cave Platformer Tileset/Individual PNG files/Monster/scorpion-violet/scorpion-violet-15.png
  artifactKey: Guid(c23af727360b0e54da4e9ee3b0d0a34e) Importer(815301076,1909f56bfc062723c751e8b465ee728b)
Start importing Assets/UnitystoreAssets/Cave Platformer Tileset/Individual PNG files/Monster/scorpion-violet/scorpion-violet-15.png using Guid(c23af727360b0e54da4e9ee3b0d0a34e) Importer(815301076,1909f56bfc062723c751e8b465ee728b) (PreviewImporter) -> (artifact id: '65cbaf79bd8a7f807802373e49f8144d') in 0.0066366 seconds
Number of updated asset objects reloaded before import = 0Number of asset objects unloaded after import = 3

========================================================================
Received Import Request.
  Time since last request: 0.000020 seconds.
  path: Assets/UnitystoreAssets/Cave Platformer Tileset/Individual PNG files/Tileset/bg_cave_greenish_16x32/bg_cave_greenish_16x32_tile_06.png
  artifactKey: Guid(d046e77983a594248a75f3b400c5060f) Importer(815301076,1909f56bfc062723c751e8b465ee728b)
Start importing Assets/UnitystoreAssets/Cave Platformer Tileset/Individual PNG files/Tileset/bg_cave_greenish_16x32/bg_cave_greenish_16x32_tile_06.png using Guid(d046e77983a594248a75f3b400c5060f) Importer(815301076,1909f56bfc062723c751e8b465ee728b) (PreviewImporter) -> (artifact id: '9330c3ac963bde3de57a492b5a662f56') in 0.0129039 seconds
Number of updated asset objects reloaded before import = 0Number of asset objects unloaded after import = 3

========================================================================
Received Import Request.
  Time since last request: 0.000021 seconds.
  path: Assets/Sprites/mainlev_build_856.asset
  artifactKey: Guid(39b74672cf26c3d4fb95b1864c69c21b) Importer(815301076,1909f56bfc062723c751e8b465ee728b)
Start importing Assets/Sprites/mainlev_build_856.asset using Guid(39b74672cf26c3d4fb95b1864c69c21b) Importer(815301076,1909f56bfc062723c751e8b465ee728b) (PreviewImporter) -> (artifact id: '859540badc1f604d24f1996f8d0525c3') in 0.0130304 seconds
Number of updated asset objects reloaded before import = 0Number of asset objects unloaded after import = 3

========================================================================
Received Import Request.
  Time since last request: 0.000022 seconds.
  path: Assets/Sprites/props1_2008.asset
  artifactKey: Guid(552cb40f4a9033a419a9b7472b69a5dd) Importer(815301076,1909f56bfc062723c751e8b465ee728b)
Start importing Assets/Sprites/props1_2008.asset using Guid(552cb40f4a9033a419a9b7472b69a5dd) Importer(815301076,1909f56bfc062723c751e8b465ee728b) (PreviewImporter) -> (artifact id: 'ccf656002af05c19842752868d026cb7') in 0.0146462 seconds
Number of updated asset objects reloaded before import = 0Number of asset objects unloaded after import = 3

========================================================================
Received Import Request.
  Time since last request: 0.000038 seconds.
  path: Assets/UnitystoreAssets/2D Pixel Art Platformer Biome - American Forest/Tilemap/TileGround16.asset
  artifactKey: Guid(200d924199aa0fa4c83af3599d90e86e) Importer(815301076,1909f56bfc062723c751e8b465ee728b)
Start importing Assets/UnitystoreAssets/2D Pixel Art Platformer Biome - American Forest/Tilemap/TileGround16.asset using Guid(200d924199aa0fa4c83af3599d90e86e) Importer(815301076,1909f56bfc062723c751e8b465ee728b) (PreviewImporter) -> (artifact id: '4d20f65a34c0a92cde7197d5148f4ff7') in 0.0142342 seconds
Number of updated asset objects reloaded before import = 0Number of asset objects unloaded after import = 92

========================================================================
Received Import Request.
  Time since last request: 0.000028 seconds.
  path: Assets/Sprites/props1_1797.asset
  artifactKey: Guid(fc509937fc215ee4cab79e05e16db7b5) Importer(815301076,1909f56bfc062723c751e8b465ee728b)
Start importing Assets/Sprites/props1_1797.asset using Guid(fc509937fc215ee4cab79e05e16db7b5) Importer(815301076,1909f56bfc062723c751e8b465ee728b) (PreviewImporter) -> (artifact id: '12ac00ca35ca6cb660d2df1234fed89f') in 0.0149099 seconds
Number of updated asset objects reloaded before import = 0Number of asset objects unloaded after import = 3

========================================================================
Received Import Request.
  Time since last request: 0.000031 seconds.
  path: Assets/Sprites/props1_675.asset
  artifactKey: Guid(a3df31ab50ca78241855b15293698b11) Importer(815301076,1909f56bfc062723c751e8b465ee728b)
Start importing Assets/Sprites/props1_675.asset using Guid(a3df31ab50ca78241855b15293698b11) Importer(815301076,1909f56bfc062723c751e8b465ee728b) (PreviewImporter) -> (artifact id: 'f481e9ca47db588168c993eb61c3089f') in 0.0148757 seconds
Number of updated asset objects reloaded before import = 0Number of asset objects unloaded after import = 3

========================================================================
Received Import Request.
  Time since last request: 0.000021 seconds.
  path: Assets/UnitystoreAssets/Asset FTTGR/Palettes/Blocks/Bricks37.asset
  artifactKey: Guid(51e299128f5c18d459f15eb9e5924ade) Importer(815301076,1909f56bfc062723c751e8b465ee728b)
Start importing Assets/UnitystoreAssets/Asset FTTGR/Palettes/Blocks/Bricks37.asset using Guid(51e299128f5c18d459f15eb9e5924ade) Importer(815301076,1909f56bfc062723c751e8b465ee728b) (PreviewImporter) -> (artifact id: '3124a579abda2bcbf7c593192ff2dde2') in 0.0097983 seconds
Number of updated asset objects reloaded before import = 0Number of asset objects unloaded after import = 3

========================================================================
Received Import Request.
  Time since last request: 0.000021 seconds.
  path: Assets/UnitystoreAssets/Cainos/Pixel Art Platformer - Village Props/Tileset Palette/TP Ground/TX Tileset Ground_65.asset
  artifactKey: Guid(308e50ac3a88d83439648e519b1b0f8a) Importer(815301076,1909f56bfc062723c751e8b465ee728b)
Start importing Assets/UnitystoreAssets/Cainos/Pixel Art Platformer - Village Props/Tileset Palette/TP Ground/TX Tileset Ground_65.asset using Guid(308e50ac3a88d83439648e519b1b0f8a) Importer(815301076,1909f56bfc062723c751e8b465ee728b) (PreviewImporter) -> (artifact id: '06a3d64e7c6bdcce8d3ed1782a7a8eb1') in 0.011309 seconds
Number of updated asset objects reloaded before import = 0Number of asset objects unloaded after import = 3

========================================================================
Received Import Request.
  Time since last request: 0.000021 seconds.
  path: Assets/UnitystoreAssets/Cainos/Third Party/Lucid Editor/Editor/Utils
  artifactKey: Guid(addf71a58c95c46c9bcda1926e0a9199) Importer(815301076,1909f56bfc062723c751e8b465ee728b)
Start importing Assets/UnitystoreAssets/Cainos/Third Party/Lucid Editor/Editor/Utils using Guid(addf71a58c95c46c9bcda1926e0a9199) Importer(815301076,1909f56bfc062723c751e8b465ee728b) (PreviewImporter) -> (artifact id: '9cd035177869632309ca0231e1cc03a9') in 0.0005158 seconds
Number of updated asset objects reloaded before import = 0Number of asset objects unloaded after import = 0

========================================================================
Received Import Request.
  Time since last request: 0.000021 seconds.
  path: Assets/Sprites/props1_886.asset
  artifactKey: Guid(0e571647544e9e948b036b1c41197ee4) Importer(815301076,1909f56bfc062723c751e8b465ee728b)
Start importing Assets/Sprites/props1_886.asset using Guid(0e571647544e9e948b036b1c41197ee4) Importer(815301076,1909f56bfc062723c751e8b465ee728b) (PreviewImporter) -> (artifact id: '370f5383448ee66a579ea78fe6093f1a') in 0.0149158 seconds
Number of updated asset objects reloaded before import = 0Number of asset objects unloaded after import = 3

========================================================================
Received Import Request.
  Time since last request: 0.000036 seconds.
  path: Assets/Sprites/mainlev_build_134.asset
  artifactKey: Guid(dc759cf98287808469444743a10b55a0) Importer(815301076,1909f56bfc062723c751e8b465ee728b)
Start importing Assets/Sprites/mainlev_build_134.asset using Guid(dc759cf98287808469444743a10b55a0) Importer(815301076,1909f56bfc062723c751e8b465ee728b) (PreviewImporter) -> (artifact id: '6ee9adae010d39206d11109d4cd60491') in 0.0125989 seconds
Number of updated asset objects reloaded before import = 0Number of asset objects unloaded after import = 3

========================================================================
Received Import Request.
  Time since last request: 0.000022 seconds.
  path: Assets/Sprites/mainlev_build_230.asset
  artifactKey: Guid(2b6a247503200c1459ab9e019f35d96f) Importer(815301076,1909f56bfc062723c751e8b465ee728b)
Start importing Assets/Sprites/mainlev_build_230.asset using Guid(2b6a247503200c1459ab9e019f35d96f) Importer(815301076,1909f56bfc062723c751e8b465ee728b) (PreviewImporter) -> (artifact id: 'a4225fb40d52f38ceb4f6033d8bf10ff') in 0.0127685 seconds
Number of updated asset objects reloaded before import = 0Number of asset objects unloaded after import = 3

========================================================================
Received Import Request.
  Time since last request: 0.000024 seconds.
  path: Assets/Sprites/props1_104.asset
  artifactKey: Guid(f4a4e7b6ce288c04bbf3c26c9aeb10f8) Importer(815301076,1909f56bfc062723c751e8b465ee728b)
Start importing Assets/Sprites/props1_104.asset using Guid(f4a4e7b6ce288c04bbf3c26c9aeb10f8) Importer(815301076,1909f56bfc062723c751e8b465ee728b) (PreviewImporter) -> (artifact id: 'd86cfe3c325a352c9da6b5846f943eec') in 0.0143899 seconds
Number of updated asset objects reloaded before import = 0Number of asset objects unloaded after import = 3

========================================================================
Received Import Request.
  Time since last request: 0.000031 seconds.
  path: Assets/Sprites/props1_1404.asset
  artifactKey: Guid(f5c9d5bab637f0148a183146a797e55d) Importer(815301076,1909f56bfc062723c751e8b465ee728b)
Start importing Assets/Sprites/props1_1404.asset using Guid(f5c9d5bab637f0148a183146a797e55d) Importer(815301076,1909f56bfc062723c751e8b465ee728b) (PreviewImporter) -> (artifact id: '7151ebb9791801fb5cea758e15a7ec43') in 0.0143695 seconds
Number of updated asset objects reloaded before import = 0Number of asset objects unloaded after import = 3

========================================================================
Received Import Request.
  Time since last request: 0.000022 seconds.
  path: Assets/Sprites/mainlev_build_415.asset
  artifactKey: Guid(7bb2faf882ac83549b72d6b2f5a6258e) Importer(815301076,1909f56bfc062723c751e8b465ee728b)
Start importing Assets/Sprites/mainlev_build_415.asset using Guid(7bb2faf882ac83549b72d6b2f5a6258e) Importer(815301076,1909f56bfc062723c751e8b465ee728b) (PreviewImporter) -> (artifact id: 'd5b040d9b85aefd2d105ff40d167e6a6') in 0.0124306 seconds
Number of updated asset objects reloaded before import = 0Number of asset objects unloaded after import = 3

========================================================================
Received Import Request.
  Time since last request: 0.000021 seconds.
  path: Assets/Sprites/props1_1770.asset
  artifactKey: Guid(870a01689764766448299d0d904f3310) Importer(815301076,1909f56bfc062723c751e8b465ee728b)
Start importing Assets/Sprites/props1_1770.asset using Guid(870a01689764766448299d0d904f3310) Importer(815301076,1909f56bfc062723c751e8b465ee728b) (PreviewImporter) -> (artifact id: 'c9df824c4fdfa146b3e7474c3d5d33f4') in 0.0154405 seconds
Number of updated asset objects reloaded before import = 0Number of asset objects unloaded after import = 3

========================================================================
Received Import Request.
  Time since last request: 0.000031 seconds.
  path: Assets/UnitystoreAssets/Cave Platformer Tileset/Individual PNG files/Monster/scorpion-violet/scorpion-violet-0.png
  artifactKey: Guid(742f1669efbeb2e40856f384aee00be9) Importer(815301076,1909f56bfc062723c751e8b465ee728b)
Start importing Assets/UnitystoreAssets/Cave Platformer Tileset/Individual PNG files/Monster/scorpion-violet/scorpion-violet-0.png using Guid(742f1669efbeb2e40856f384aee00be9) Importer(815301076,1909f56bfc062723c751e8b465ee728b) (PreviewImporter) -> (artifact id: '1407a5dd4ea9ba021ecd6cd2b9c87936') in 0.012463 seconds
Number of updated asset objects reloaded before import = 0Number of asset objects unloaded after import = 3

========================================================================
Received Import Request.
  Time since last request: 0.000020 seconds.
  path: Assets/UnitystoreAssets/Asset FTTGR/Palettes/Blocks/GrassGround25.asset
  artifactKey: Guid(23e510fc60f71fa46aec2afa7829e278) Importer(815301076,1909f56bfc062723c751e8b465ee728b)
Start importing Assets/UnitystoreAssets/Asset FTTGR/Palettes/Blocks/GrassGround25.asset using Guid(23e510fc60f71fa46aec2afa7829e278) Importer(815301076,1909f56bfc062723c751e8b465ee728b) (PreviewImporter) -> (artifact id: '9edf29b7c29a984f07967d8d0defd85d') in 0.0096964 seconds
Number of updated asset objects reloaded before import = 0Number of asset objects unloaded after import = 3

========================================================================
Received Import Request.
  Time since last request: 0.000022 seconds.
  path: Assets/Sprites/props1_911.asset
  artifactKey: Guid(665e621894887b848b38e91f0f0d9f21) Importer(815301076,1909f56bfc062723c751e8b465ee728b)
Start importing Assets/Sprites/props1_911.asset using Guid(665e621894887b848b38e91f0f0d9f21) Importer(815301076,1909f56bfc062723c751e8b465ee728b) (PreviewImporter) -> (artifact id: '70fb9176f84cdbf6d45ac7eed5afc0e4') in 0.0147225 seconds
Number of updated asset objects reloaded before import = 0Number of asset objects unloaded after import = 3

========================================================================
Received Import Request.
  Time since last request: 0.000022 seconds.
  path: Assets/Sprites/props1_161.asset
  artifactKey: Guid(c69998206ced1d844831d8cc1596693e) Importer(815301076,1909f56bfc062723c751e8b465ee728b)
Start importing Assets/Sprites/props1_161.asset using Guid(c69998206ced1d844831d8cc1596693e) Importer(815301076,1909f56bfc062723c751e8b465ee728b) (PreviewImporter) -> (artifact id: '7975a0c29927065e9e3f36277e0cbcb1') in 0.0154361 seconds
Number of updated asset objects reloaded before import = 0Number of asset objects unloaded after import = 3

========================================================================
Received Import Request.
  Time since last request: 0.000024 seconds.
  path: Assets/Sprites/mainlev_build_846.asset
  artifactKey: Guid(18b6238a6bdd7a74eb953f5c34fc93d4) Importer(815301076,1909f56bfc062723c751e8b465ee728b)
Start importing Assets/Sprites/mainlev_build_846.asset using Guid(18b6238a6bdd7a74eb953f5c34fc93d4) Importer(815301076,1909f56bfc062723c751e8b465ee728b) (PreviewImporter) -> (artifact id: '5b6e76f0e70dc78b02708f8ea32fedcd') in 0.0076553 seconds
Number of updated asset objects reloaded before import = 0Number of asset objects unloaded after import = 3

========================================================================
Received Import Request.
  Time since last request: 0.000033 seconds.
  path: Assets/UnitystoreAssets/Cave Platformer Tileset/Individual PNG files/Tileset/bg_cave_blueish_32x16/bg_cave_blueish_32x16_tile_06.png
  artifactKey: Guid(3196b323d33a6fa46bb3e836bd850bc7) Importer(815301076,1909f56bfc062723c751e8b465ee728b)
Start importing Assets/UnitystoreAssets/Cave Platformer Tileset/Individual PNG files/Tileset/bg_cave_blueish_32x16/bg_cave_blueish_32x16_tile_06.png using Guid(3196b323d33a6fa46bb3e836bd850bc7) Importer(815301076,1909f56bfc062723c751e8b465ee728b) (PreviewImporter) -> (artifact id: '90eb6d47ca507b54d431dfee584c1478') in 0.0124136 seconds
Number of updated asset objects reloaded before import = 0Number of asset objects unloaded after import = 3

========================================================================
Received Import Request.
  Time since last request: 0.000021 seconds.
  path: Assets/UnitystoreAssets/Cave Platformer Tileset/Individual PNG files/Tileset/bg_cave_blueish_16x32/bg_cave_blueish_16x32_tile_27.png
  artifactKey: Guid(85a0cd688bbebff46b502364f67cbfb0) Importer(815301076,1909f56bfc062723c751e8b465ee728b)
Start importing Assets/UnitystoreAssets/Cave Platformer Tileset/Individual PNG files/Tileset/bg_cave_blueish_16x32/bg_cave_blueish_16x32_tile_27.png using Guid(85a0cd688bbebff46b502364f67cbfb0) Importer(815301076,1909f56bfc062723c751e8b465ee728b) (PreviewImporter) -> (artifact id: '2c1d2fabce119b25866f40a9559d1de7') in 0.0131398 seconds
Number of updated asset objects reloaded before import = 0Number of asset objects unloaded after import = 3

========================================================================
Received Import Request.
  Time since last request: 0.000022 seconds.
  path: Assets/UnitystoreAssets/Cave Platformer Tileset/Individual PNG files/Tileset/trees-trunk-lightbrown/trees-trunk-lightbrown-32.png
  artifactKey: Guid(0aa3ec75d95b01e47b090d07b40a313c) Importer(815301076,1909f56bfc062723c751e8b465ee728b)
Start importing Assets/UnitystoreAssets/Cave Platformer Tileset/Individual PNG files/Tileset/trees-trunk-lightbrown/trees-trunk-lightbrown-32.png using Guid(0aa3ec75d95b01e47b090d07b40a313c) Importer(815301076,1909f56bfc062723c751e8b465ee728b) (PreviewImporter) -> (artifact id: '42d130f0e4f6ebf012b7737ce8ea75cf') in 0.0122383 seconds
Number of updated asset objects reloaded before import = 0Number of asset objects unloaded after import = 3

========================================================================
Received Import Request.
  Time since last request: 0.000031 seconds.
  path: Assets/Sprites/mainlev_build_383.asset
  artifactKey: Guid(d8659932b5dd30c4182602d55610859f) Importer(815301076,1909f56bfc062723c751e8b465ee728b)
Start importing Assets/Sprites/mainlev_build_383.asset using Guid(d8659932b5dd30c4182602d55610859f) Importer(815301076,1909f56bfc062723c751e8b465ee728b) (PreviewImporter) -> (artifact id: '7ce476138f31edc66df75c6a44f47b27') in 0.0139469 seconds
Number of updated asset objects reloaded before import = 0Number of asset objects unloaded after import = 3

========================================================================
Received Import Request.
  Time since last request: 0.000022 seconds.
  path: Assets/Sprites/mainlev_build_720.asset
  artifactKey: Guid(4046da62427b171488ea6c0a7c35e716) Importer(815301076,1909f56bfc062723c751e8b465ee728b)
Start importing Assets/Sprites/mainlev_build_720.asset using Guid(4046da62427b171488ea6c0a7c35e716) Importer(815301076,1909f56bfc062723c751e8b465ee728b) (PreviewImporter) -> (artifact id: 'f5e4d1a975803478f1310b50884c549c') in 0.0129512 seconds
Number of updated asset objects reloaded before import = 0Number of asset objects unloaded after import = 3

========================================================================
Received Import Request.
  Time since last request: 0.000021 seconds.
  path: Assets/UnitystoreAssets/Cave Platformer Tileset/Individual PNG files/Tileset/trees-trunk-lightbrown/trees-trunk-lightbrown-56.png
  artifactKey: Guid(aed257052586d4c4186bdc052d02b55e) Importer(815301076,1909f56bfc062723c751e8b465ee728b)
Start importing Assets/UnitystoreAssets/Cave Platformer Tileset/Individual PNG files/Tileset/trees-trunk-lightbrown/trees-trunk-lightbrown-56.png using Guid(aed257052586d4c4186bdc052d02b55e) Importer(815301076,1909f56bfc062723c751e8b465ee728b) (PreviewImporter) -> (artifact id: 'd93d976658f4087b28246f42727ab6bd') in 0.0133023 seconds
Number of updated asset objects reloaded before import = 0Number of asset objects unloaded after import = 3

========================================================================
Received Import Request.
  Time since last request: 0.000023 seconds.
  path: Assets/Sprites/mainlev_build_355.asset
  artifactKey: Guid(12a7df0478ac59d4c8eccaa9ca9f2816) Importer(815301076,1909f56bfc062723c751e8b465ee728b)
Start importing Assets/Sprites/mainlev_build_355.asset using Guid(12a7df0478ac59d4c8eccaa9ca9f2816) Importer(815301076,1909f56bfc062723c751e8b465ee728b) (PreviewImporter) -> (artifact id: '041da10346d8907f28c0e1ed4495d5af') in 0.0131222 seconds
Number of updated asset objects reloaded before import = 0Number of asset objects unloaded after import = 3

========================================================================
Received Import Request.
  Time since last request: 0.000026 seconds.
  path: Assets/Sprites/props1_1774.asset
  artifactKey: Guid(38f64f3f7a0c1614580981ce5030933a) Importer(815301076,1909f56bfc062723c751e8b465ee728b)
Start importing Assets/Sprites/props1_1774.asset using Guid(38f64f3f7a0c1614580981ce5030933a) Importer(815301076,1909f56bfc062723c751e8b465ee728b) (PreviewImporter) -> (artifact id: 'a93d3b18e2e2395b076929ac699003f8') in 0.0138944 seconds
Number of updated asset objects reloaded before import = 0Number of asset objects unloaded after import = 3

========================================================================
Received Import Request.
  Time since last request: 0.000022 seconds.
  path: Assets/Sprites/props1_925.asset
  artifactKey: Guid(857729df987ae3045815463031ce9865) Importer(815301076,1909f56bfc062723c751e8b465ee728b)
Start importing Assets/Sprites/props1_925.asset using Guid(857729df987ae3045815463031ce9865) Importer(815301076,1909f56bfc062723c751e8b465ee728b) (PreviewImporter) -> (artifact id: 'd70537883e6f0f275f6d0c648c725a4f') in 0.0136931 seconds
Number of updated asset objects reloaded before import = 0Number of asset objects unloaded after import = 3

========================================================================
Received Import Request.
  Time since last request: 0.000022 seconds.
  path: Assets/Sprites/props1_1898.asset
  artifactKey: Guid(1a0097e8ded470f4891932eb7f61079c) Importer(815301076,1909f56bfc062723c751e8b465ee728b)
Start importing Assets/Sprites/props1_1898.asset using Guid(1a0097e8ded470f4891932eb7f61079c) Importer(815301076,1909f56bfc062723c751e8b465ee728b) (PreviewImporter) -> (artifact id: 'd989ed45dcea5d41d7435915a605050b') in 0.0164585 seconds
Number of updated asset objects reloaded before import = 0Number of asset objects unloaded after import = 3

========================================================================
Received Import Request.
  Time since last request: 0.000024 seconds.
  path: Assets/Sprites/props1_720.asset
  artifactKey: Guid(d2196ec1b119d0443a626fbb5c93ea69) Importer(815301076,1909f56bfc062723c751e8b465ee728b)
Start importing Assets/Sprites/props1_720.asset using Guid(d2196ec1b119d0443a626fbb5c93ea69) Importer(815301076,1909f56bfc062723c751e8b465ee728b) (PreviewImporter) -> (artifact id: '379e0289db910b60372ca2ac2fa7e088') in 0.0186038 seconds
Number of updated asset objects reloaded before import = 0Number of asset objects unloaded after import = 3

========================================================================
Received Import Request.
  Time since last request: 0.000023 seconds.
  path: Assets/UnitystoreAssets/Asset FTTGR/Palettes/Blocks/GroundWinter79.asset
  artifactKey: Guid(dbd90d2430ea03d46b305e82f086785d) Importer(815301076,1909f56bfc062723c751e8b465ee728b)
Start importing Assets/UnitystoreAssets/Asset FTTGR/Palettes/Blocks/GroundWinter79.asset using Guid(dbd90d2430ea03d46b305e82f086785d) Importer(815301076,1909f56bfc062723c751e8b465ee728b) (PreviewImporter) -> (artifact id: '179c5470aa61afe6f4ae1f137919c19b') in 0.0098554 seconds
Number of updated asset objects reloaded before import = 0Number of asset objects unloaded after import = 3

========================================================================
Received Import Request.
  Time since last request: 0.000021 seconds.
  path: Assets/Sprites/mainlev_build_353.asset
  artifactKey: Guid(adb69a05e4be48741a4e6537119b2c38) Importer(815301076,1909f56bfc062723c751e8b465ee728b)
Start importing Assets/Sprites/mainlev_build_353.asset using Guid(adb69a05e4be48741a4e6537119b2c38) Importer(815301076,1909f56bfc062723c751e8b465ee728b) (PreviewImporter) -> (artifact id: '949beb9d016b101110877e3707e49e5c') in 0.0131944 seconds
Number of updated asset objects reloaded before import = 0Number of asset objects unloaded after import = 3

========================================================================
Received Import Request.
  Time since last request: 0.000024 seconds.
  path: Assets/Sprites/props1_1131.asset
  artifactKey: Guid(16495160f20ec504ba14cf15916a9e47) Importer(815301076,1909f56bfc062723c751e8b465ee728b)
Start importing Assets/Sprites/props1_1131.asset using Guid(16495160f20ec504ba14cf15916a9e47) Importer(815301076,1909f56bfc062723c751e8b465ee728b) (PreviewImporter) -> (artifact id: '643e3fbf7c6980ec5b56cbe5b52c868b') in 0.0145362 seconds
Number of updated asset objects reloaded before import = 0Number of asset objects unloaded after import = 3

========================================================================
Received Import Request.
  Time since last request: 0.000030 seconds.
  path: Assets/UnitystoreAssets/Cave Platformer Tileset/Individual PNG files/Tileset/bg_cave_greenish_32x16/bg_cave_greenish_32x16_tile_14.png
  artifactKey: Guid(13303dfed882ef84ea96ea729fa23664) Importer(815301076,1909f56bfc062723c751e8b465ee728b)
Start importing Assets/UnitystoreAssets/Cave Platformer Tileset/Individual PNG files/Tileset/bg_cave_greenish_32x16/bg_cave_greenish_32x16_tile_14.png using Guid(13303dfed882ef84ea96ea729fa23664) Importer(815301076,1909f56bfc062723c751e8b465ee728b) (PreviewImporter) -> (artifact id: 'a3d329fde96aa24d0bdbb33a19d8e505') in 0.013735 seconds
Number of updated asset objects reloaded before import = 0Number of asset objects unloaded after import = 3

========================================================================
Received Import Request.
  Time since last request: 0.000023 seconds.
  path: Assets/UnitystoreAssets/Cave Platformer Tileset/Individual PNG files/Tileset/objects_misc_animated/object_misc_animated_40.png
  artifactKey: Guid(8912276c491f3b24db5e960857af83fc) Importer(815301076,1909f56bfc062723c751e8b465ee728b)
Start importing Assets/UnitystoreAssets/Cave Platformer Tileset/Individual PNG files/Tileset/objects_misc_animated/object_misc_animated_40.png using Guid(8912276c491f3b24db5e960857af83fc) Importer(815301076,1909f56bfc062723c751e8b465ee728b) (PreviewImporter) -> (artifact id: 'c0459c79c881a95b09fd3525e6634595') in 0.012287 seconds
Number of updated asset objects reloaded before import = 0Number of asset objects unloaded after import = 3

========================================================================
Received Import Request.
  Time since last request: 0.000023 seconds.
  path: Assets/Sprites/mainlev_build_629.asset
  artifactKey: Guid(28c0d1c157fe0c441a810ea31a92f673) Importer(815301076,1909f56bfc062723c751e8b465ee728b)
Start importing Assets/Sprites/mainlev_build_629.asset using Guid(28c0d1c157fe0c441a810ea31a92f673) Importer(815301076,1909f56bfc062723c751e8b465ee728b) (PreviewImporter) -> (artifact id: 'bb00b713e2a57860de2f5222dd070be4') in 0.0124122 seconds
Number of updated asset objects reloaded before import = 0Number of asset objects unloaded after import = 3

========================================================================
Received Import Request.
  Time since last request: 0.000021 seconds.
  path: Assets/Sprites/mainlev_build_547.asset
  artifactKey: Guid(0d86c9253fab3b8438c3c9814d212d5e) Importer(815301076,1909f56bfc062723c751e8b465ee728b)
Start importing Assets/Sprites/mainlev_build_547.asset using Guid(0d86c9253fab3b8438c3c9814d212d5e) Importer(815301076,1909f56bfc062723c751e8b465ee728b) (PreviewImporter) -> (artifact id: 'f8b2f8abded985a3c358f2fe9717bd6e') in 0.012512 seconds
Number of updated asset objects reloaded before import = 0Number of asset objects unloaded after import = 3

========================================================================
Received Import Request.
  Time since last request: 0.000021 seconds.
  path: Assets/Sprites/props1_2072.asset
  artifactKey: Guid(4493e7782b6887d4387bf0b7f6472dad) Importer(815301076,1909f56bfc062723c751e8b465ee728b)
Start importing Assets/Sprites/props1_2072.asset using Guid(4493e7782b6887d4387bf0b7f6472dad) Importer(815301076,1909f56bfc062723c751e8b465ee728b) (PreviewImporter) -> (artifact id: 'c654d1c47fb4b166d01760656ff6e453') in 0.0152115 seconds
Number of updated asset objects reloaded before import = 0Number of asset objects unloaded after import = 3

========================================================================
Received Import Request.
  Time since last request: 0.000023 seconds.
  path: Assets/Sprites/mainlev_build_818.asset
  artifactKey: Guid(fcc1c60b053931846a8c48686bcacfb0) Importer(815301076,1909f56bfc062723c751e8b465ee728b)
Start importing Assets/Sprites/mainlev_build_818.asset using Guid(fcc1c60b053931846a8c48686bcacfb0) Importer(815301076,1909f56bfc062723c751e8b465ee728b) (PreviewImporter) -> (artifact id: 'ead12101a0783186e1adf88e4eb0c279') in 0.0127727 seconds
Number of updated asset objects reloaded before import = 0Number of asset objects unloaded after import = 3

========================================================================
Received Import Request.
  Time since last request: 0.000025 seconds.
  path: Assets/Sprites/props1_467.asset
  artifactKey: Guid(f570d15eaa9b46a4aa1960245e664bf0) Importer(815301076,1909f56bfc062723c751e8b465ee728b)
Start importing Assets/Sprites/props1_467.asset using Guid(f570d15eaa9b46a4aa1960245e664bf0) Importer(815301076,1909f56bfc062723c751e8b465ee728b) (PreviewImporter) -> (artifact id: 'de3f52beecb2bc43a37db353483bdb31') in 0.0138534 seconds
Number of updated asset objects reloaded before import = 0Number of asset objects unloaded after import = 3

========================================================================
Received Import Request.
  Time since last request: 0.000031 seconds.
  path: Assets/Sprites/mainlev_build_603.asset
  artifactKey: Guid(c6a888c37169ca44a99b1911683457e9) Importer(815301076,1909f56bfc062723c751e8b465ee728b)
Start importing Assets/Sprites/mainlev_build_603.asset using Guid(c6a888c37169ca44a99b1911683457e9) Importer(815301076,1909f56bfc062723c751e8b465ee728b) (PreviewImporter) -> (artifact id: 'e51295ce23241d00dd28236781d8435b') in 0.0119872 seconds
Number of updated asset objects reloaded before import = 0Number of asset objects unloaded after import = 3

========================================================================
Received Import Request.
  Time since last request: 0.000022 seconds.
  path: Assets/UnitystoreAssets/Cave Platformer Tileset/Individual PNG files/Tileset/cave_tileset/main_tiles_16x16_19.png
  artifactKey: Guid(0c315c7779cf7344c9bdaf648f6975ff) Importer(815301076,1909f56bfc062723c751e8b465ee728b)
Start importing Assets/UnitystoreAssets/Cave Platformer Tileset/Individual PNG files/Tileset/cave_tileset/main_tiles_16x16_19.png using Guid(0c315c7779cf7344c9bdaf648f6975ff) Importer(815301076,1909f56bfc062723c751e8b465ee728b) (PreviewImporter) -> (artifact id: 'fc15cf28d2cfd529191bda3237720974') in 0.012656 seconds
Number of updated asset objects reloaded before import = 0Number of asset objects unloaded after import = 3

========================================================================
Received Import Request.
  Time since last request: 0.000020 seconds.
  path: Assets/UnitystoreAssets/Cainos/Pixel Art Platformer - Village Props/Animation/Chest Iron/AM Chest Iron - Opened.anim
  artifactKey: Guid(44b675353ec717e4caa10dab2db7597f) Importer(815301076,1909f56bfc062723c751e8b465ee728b)
Start importing Assets/UnitystoreAssets/Cainos/Pixel Art Platformer - Village Props/Animation/Chest Iron/AM Chest Iron - Opened.anim using Guid(44b675353ec717e4caa10dab2db7597f) Importer(815301076,1909f56bfc062723c751e8b465ee728b) (PreviewImporter) -> (artifact id: '8e64572a7f10ffd1bdc4b3daa5064cf5') in 0.0008845 seconds
Number of updated asset objects reloaded before import = 0Number of asset objects unloaded after import = 1

========================================================================
Received Import Request.
  Time since last request: 0.000021 seconds.
  path: Assets/UnitystoreAssets/Cave Platformer Tileset/Individual PNG files/Tileset/object_misc/objects_misc_0.png
  artifactKey: Guid(1a87785f1aded0244ad61d5addc2eda9) Importer(815301076,1909f56bfc062723c751e8b465ee728b)
Start importing Assets/UnitystoreAssets/Cave Platformer Tileset/Individual PNG files/Tileset/object_misc/objects_misc_0.png using Guid(1a87785f1aded0244ad61d5addc2eda9) Importer(815301076,1909f56bfc062723c751e8b465ee728b) (PreviewImporter) -> (artifact id: '543abf09ab18f835960cba9f184da299') in 0.0126013 seconds
Number of updated asset objects reloaded before import = 0Number of asset objects unloaded after import = 3

========================================================================
Received Import Request.
  Time since last request: 0.000022 seconds.
  path: Assets/Sprites/props1_943.asset
  artifactKey: Guid(90dbcbbc72ed92547a906f9b3f57b58a) Importer(815301076,1909f56bfc062723c751e8b465ee728b)
Start importing Assets/Sprites/props1_943.asset using Guid(90dbcbbc72ed92547a906f9b3f57b58a) Importer(815301076,1909f56bfc062723c751e8b465ee728b) (PreviewImporter) -> (artifact id: 'cfa16de1058399b0b5bad52e3a1cc7e2') in 0.0142813 seconds
Number of updated asset objects reloaded before import = 0Number of asset objects unloaded after import = 3

========================================================================
Received Import Request.
  Time since last request: 0.000023 seconds.
  path: Assets/TextMesh Pro/Shaders
  artifactKey: Guid(e9f693669af91aa45ad615fc681ed29f) Importer(815301076,1909f56bfc062723c751e8b465ee728b)
Start importing Assets/TextMesh Pro/Shaders using Guid(e9f693669af91aa45ad615fc681ed29f) Importer(815301076,1909f56bfc062723c751e8b465ee728b) (PreviewImporter) -> (artifact id: '9a91f11808356c12d48ced8d1eaef175') in 0.0004753 seconds
Number of updated asset objects reloaded before import = 0Number of asset objects unloaded after import = 0

========================================================================
Received Import Request.
  Time since last request: 0.000022 seconds.
  path: Assets/UnitystoreAssets/Asset FTTGR/Prefabs
  artifactKey: Guid(d714971ee8adda341b7ef65a91033ffc) Importer(815301076,1909f56bfc062723c751e8b465ee728b)
Start importing Assets/UnitystoreAssets/Asset FTTGR/Prefabs using Guid(d714971ee8adda341b7ef65a91033ffc) Importer(815301076,1909f56bfc062723c751e8b465ee728b) (PreviewImporter) -> (artifact id: '25be469b1f0f9784c0ea8cd0d97b821e') in 0.0004385 seconds
Number of updated asset objects reloaded before import = 0Number of asset objects unloaded after import = 0

========================================================================
Received Import Request.
  Time since last request: 0.000030 seconds.
  path: Assets/UnitystoreAssets/Cave Platformer Tileset/Individual PNG files/Tileset/trees-trunk-lightbrown/trees-trunk-lightbrown-18.png
  artifactKey: Guid(488887bd466af6f4c9f120609e774d0f) Importer(815301076,1909f56bfc062723c751e8b465ee728b)
Start importing Assets/UnitystoreAssets/Cave Platformer Tileset/Individual PNG files/Tileset/trees-trunk-lightbrown/trees-trunk-lightbrown-18.png using Guid(488887bd466af6f4c9f120609e774d0f) Importer(815301076,1909f56bfc062723c751e8b465ee728b) (PreviewImporter) -> (artifact id: '46db31a1155f7078af272cdf18677600') in 0.0257298 seconds
Number of updated asset objects reloaded before import = 0Number of asset objects unloaded after import = 3

========================================================================
Received Import Request.
  Time since last request: 0.000026 seconds.
  path: Assets/Sprites/props1_1306.asset
  artifactKey: Guid(3827dee735e74c0429602405b825bc1b) Importer(815301076,1909f56bfc062723c751e8b465ee728b)
Start importing Assets/Sprites/props1_1306.asset using Guid(3827dee735e74c0429602405b825bc1b) Importer(815301076,1909f56bfc062723c751e8b465ee728b) (PreviewImporter) -> (artifact id: 'fb60b306e72c6c7fc66c177e9c5793bb') in 0.0200623 seconds
Number of updated asset objects reloaded before import = 0Number of asset objects unloaded after import = 3

========================================================================
Received Import Request.
  Time since last request: 0.000045 seconds.
  path: Assets/UnitystoreAssets/Asset FTTGR/Palettes/Blocks/GroundWinter78.asset
  artifactKey: Guid(9492c63ee27f45144a6cb5ab1f639c7c) Importer(815301076,1909f56bfc062723c751e8b465ee728b)
Start importing Assets/UnitystoreAssets/Asset FTTGR/Palettes/Blocks/GroundWinter78.asset using Guid(9492c63ee27f45144a6cb5ab1f639c7c) Importer(815301076,1909f56bfc062723c751e8b465ee728b) (PreviewImporter) -> (artifact id: 'ce439fec7c4759bc28f8924c5ac1547e') in 0.0106292 seconds
Number of updated asset objects reloaded before import = 0Number of asset objects unloaded after import = 3

========================================================================
Received Import Request.
  Time since last request: 0.000024 seconds.
  path: Assets/Sprites/mainlev_build_428.asset
  artifactKey: Guid(634369df93b18944784f83bc9e84e4a2) Importer(815301076,1909f56bfc062723c751e8b465ee728b)
Start importing Assets/Sprites/mainlev_build_428.asset using Guid(634369df93b18944784f83bc9e84e4a2) Importer(815301076,1909f56bfc062723c751e8b465ee728b) (PreviewImporter) -> (artifact id: '508fe9b9941321f803fe46e6348310ca') in 0.0150705 seconds
Number of updated asset objects reloaded before import = 0Number of asset objects unloaded after import = 3

========================================================================
Received Import Request.
  Time since last request: 0.000028 seconds.
  path: Assets/UnitystoreAssets/Asset FTTGR/Palettes/Blocks/GroundWinter19.asset
  artifactKey: Guid(8aebd4f1353b5a741900f45ad268a45c) Importer(815301076,1909f56bfc062723c751e8b465ee728b)
Start importing Assets/UnitystoreAssets/Asset FTTGR/Palettes/Blocks/GroundWinter19.asset using Guid(8aebd4f1353b5a741900f45ad268a45c) Importer(815301076,1909f56bfc062723c751e8b465ee728b) (PreviewImporter) -> (artifact id: '4cf50225a54961bccf94ae154c616fd3') in 0.01148 seconds
Number of updated asset objects reloaded before import = 0Number of asset objects unloaded after import = 3

========================================================================
Received Import Request.
  Time since last request: 0.000025 seconds.
  path: Assets/UnitystoreAssets/Cave Platformer Tileset/Individual PNG files/Tileset/bg_cave_blueish_32x16/bg_cave_blueish_32x16_tile_04.png
  artifactKey: Guid(2eaff4717c62fe04eb82de93dcd9fb2d) Importer(815301076,1909f56bfc062723c751e8b465ee728b)
Start importing Assets/UnitystoreAssets/Cave Platformer Tileset/Individual PNG files/Tileset/bg_cave_blueish_32x16/bg_cave_blueish_32x16_tile_04.png using Guid(2eaff4717c62fe04eb82de93dcd9fb2d) Importer(815301076,1909f56bfc062723c751e8b465ee728b) (PreviewImporter) -> (artifact id: '2792d7dcb523ff2509c7e3cb14d87049') in 0.0150325 seconds
Number of updated asset objects reloaded before import = 0Number of asset objects unloaded after import = 3

========================================================================
Received Import Request.
  Time since last request: 0.000022 seconds.
  path: Assets/UnitystoreAssets/2D Pixel Art Platformer Biome - Plains/Tilemap/TilePlant18.asset
  artifactKey: Guid(f021efad6f172bb428f810220bbf1ef3) Importer(815301076,1909f56bfc062723c751e8b465ee728b)
Start importing Assets/UnitystoreAssets/2D Pixel Art Platformer Biome - Plains/Tilemap/TilePlant18.asset using Guid(f021efad6f172bb428f810220bbf1ef3) Importer(815301076,1909f56bfc062723c751e8b465ee728b) (PreviewImporter) -> (artifact id: '671804f8784a8766f99036fbf925727b') in 0.0152672 seconds
Number of updated asset objects reloaded before import = 0Number of asset objects unloaded after import = 3

========================================================================
Received Import Request.
  Time since last request: 0.000023 seconds.
  path: Assets/UnitystoreAssets/Cave Platformer Tileset/Individual PNG files/Tileset/bg_objects/bg_objects_03.png
  artifactKey: Guid(91f9dbe31f1f2d041be255c585e1cffe) Importer(815301076,1909f56bfc062723c751e8b465ee728b)
Start importing Assets/UnitystoreAssets/Cave Platformer Tileset/Individual PNG files/Tileset/bg_objects/bg_objects_03.png using Guid(91f9dbe31f1f2d041be255c585e1cffe) Importer(815301076,1909f56bfc062723c751e8b465ee728b) (PreviewImporter) -> (artifact id: 'cf9369069c30cc35c14bae2fe0668ad8') in 0.01488 seconds
Number of updated asset objects reloaded before import = 0Number of asset objects unloaded after import = 3

========================================================================
Received Import Request.
  Time since last request: 0.000034 seconds.
  path: Assets/UnitystoreAssets/Cave Platformer Tileset/Individual PNG files/Tileset/parallax_bg_cave_blueish/parallax_bg_cave_blueish_tiles_01.png
  artifactKey: Guid(28ecafec3b5472e459cba22d5db6e2be) Importer(815301076,1909f56bfc062723c751e8b465ee728b)
Start importing Assets/UnitystoreAssets/Cave Platformer Tileset/Individual PNG files/Tileset/parallax_bg_cave_blueish/parallax_bg_cave_blueish_tiles_01.png using Guid(28ecafec3b5472e459cba22d5db6e2be) Importer(815301076,1909f56bfc062723c751e8b465ee728b) (PreviewImporter) -> (artifact id: 'd959d2ac544271415eeebc7661983bbe') in 0.0140845 seconds
Number of updated asset objects reloaded before import = 0Number of asset objects unloaded after import = 3

========================================================================
Received Import Request.
  Time since last request: 0.000032 seconds.
  path: Assets/Sprites/props1_1164.asset
  artifactKey: Guid(123555975dc0514489af70e97b637a30) Importer(815301076,1909f56bfc062723c751e8b465ee728b)
Start importing Assets/Sprites/props1_1164.asset using Guid(123555975dc0514489af70e97b637a30) Importer(815301076,1909f56bfc062723c751e8b465ee728b) (PreviewImporter) -> (artifact id: '7223f071231996a8ef1506d044fb4aae') in 0.0158565 seconds
Number of updated asset objects reloaded before import = 0Number of asset objects unloaded after import = 3

========================================================================
Received Import Request.
  Time since last request: 0.000024 seconds.
  path: Assets/Sprites/props1_871.asset
  artifactKey: Guid(fdafe9bba2af84448a2e8ddbe73899c8) Importer(815301076,1909f56bfc062723c751e8b465ee728b)
Start importing Assets/Sprites/props1_871.asset using Guid(fdafe9bba2af84448a2e8ddbe73899c8) Importer(815301076,1909f56bfc062723c751e8b465ee728b) (PreviewImporter) -> (artifact id: 'a9852764460c3af54819b54be764ed47') in 0.016505 seconds
Number of updated asset objects reloaded before import = 0Number of asset objects unloaded after import = 3

========================================================================
Received Import Request.
  Time since last request: 0.000023 seconds.
  path: Assets/UnitystoreAssets/Cave Platformer Tileset/Individual PNG files/Monster/scorpion-violet/scorpion-violet-19.png
  artifactKey: Guid(2fcbbf49637c37d4891b9ffa0b35d348) Importer(815301076,1909f56bfc062723c751e8b465ee728b)
Start importing Assets/UnitystoreAssets/Cave Platformer Tileset/Individual PNG files/Monster/scorpion-violet/scorpion-violet-19.png using Guid(2fcbbf49637c37d4891b9ffa0b35d348) Importer(815301076,1909f56bfc062723c751e8b465ee728b) (PreviewImporter) -> (artifact id: 'c2d2d50e2a375309ea78f9dba69ea50a') in 0.0187237 seconds
Number of updated asset objects reloaded before import = 0Number of asset objects unloaded after import = 3

========================================================================
Received Import Request.
  Time since last request: 0.000045 seconds.
  path: Assets/UnitystoreAssets/Cave Platformer Tileset/Individual PNG files/Tileset/bg_cave_blueish_16x16/bg_cave_blueish_16x16_tile_08.png
  artifactKey: Guid(5dc2519b7e4f8cd488e61ba792f1d9a2) Importer(815301076,1909f56bfc062723c751e8b465ee728b)
Start importing Assets/UnitystoreAssets/Cave Platformer Tileset/Individual PNG files/Tileset/bg_cave_blueish_16x16/bg_cave_blueish_16x16_tile_08.png using Guid(5dc2519b7e4f8cd488e61ba792f1d9a2) Importer(815301076,1909f56bfc062723c751e8b465ee728b) (PreviewImporter) -> (artifact id: '8d0547b626fb4943e1c189c85667df24') in 0.0197869 seconds
Number of updated asset objects reloaded before import = 0Number of asset objects unloaded after import = 3

========================================================================
Received Import Request.
  Time since last request: 0.000037 seconds.
  path: Assets/Sprites/props1_1812.asset
  artifactKey: Guid(31355d4c7366c3044a99b432f9f1ddfe) Importer(815301076,1909f56bfc062723c751e8b465ee728b)
Start importing Assets/Sprites/props1_1812.asset using Guid(31355d4c7366c3044a99b432f9f1ddfe) Importer(815301076,1909f56bfc062723c751e8b465ee728b) (PreviewImporter) -> (artifact id: 'bbce6944fb8cdee2f8d288b961951b87') in 0.0176501 seconds
Number of updated asset objects reloaded before import = 0Number of asset objects unloaded after import = 3

========================================================================
Received Import Request.
  Time since last request: 0.000029 seconds.
  path: Assets/Sprites/props1_263.asset
  artifactKey: Guid(fbd37a34bf890be48a9151dda029a51f) Importer(815301076,1909f56bfc062723c751e8b465ee728b)
Start importing Assets/Sprites/props1_263.asset using Guid(fbd37a34bf890be48a9151dda029a51f) Importer(815301076,1909f56bfc062723c751e8b465ee728b) (PreviewImporter) -> (artifact id: 'b9c4a116b0f7272d3ef3a8c9c3e3a983') in 0.015365 seconds
Number of updated asset objects reloaded before import = 0Number of asset objects unloaded after import = 3

========================================================================
Received Import Request.
  Time since last request: 0.000032 seconds.
  path: Assets/karsiori/TileMap/Decorations/GRASS 1-1.png
  artifactKey: Guid(0601d1c0d4f47414d8f4753656fb214d) Importer(815301076,1909f56bfc062723c751e8b465ee728b)
Start importing Assets/karsiori/TileMap/Decorations/GRASS 1-1.png using Guid(0601d1c0d4f47414d8f4753656fb214d) Importer(815301076,1909f56bfc062723c751e8b465ee728b) (PreviewImporter) -> (artifact id: 'b58e14a0664e8608d7752a6024534ac6') in 0.0196976 seconds
Number of updated asset objects reloaded before import = 0Number of asset objects unloaded after import = 3

========================================================================
Received Import Request.
  Time since last request: 0.000023 seconds.
  path: Assets/Sprites/props1_1105.asset
  artifactKey: Guid(ee4b1488998413f40807db5ce928c5eb) Importer(815301076,1909f56bfc062723c751e8b465ee728b)
Start importing Assets/Sprites/props1_1105.asset using Guid(ee4b1488998413f40807db5ce928c5eb) Importer(815301076,1909f56bfc062723c751e8b465ee728b) (PreviewImporter) -> (artifact id: '07f7ecafaf6bc7573fb491aaa1b295a9') in 0.0160102 seconds
Number of updated asset objects reloaded before import = 0Number of asset objects unloaded after import = 3

========================================================================
Received Import Request.
  Time since last request: 0.000048 seconds.
  path: Assets/Sprites/props1_165.asset
  artifactKey: Guid(ee995ed8b36d68540987710458c6c212) Importer(815301076,1909f56bfc062723c751e8b465ee728b)
Start importing Assets/Sprites/props1_165.asset using Guid(ee995ed8b36d68540987710458c6c212) Importer(815301076,1909f56bfc062723c751e8b465ee728b) (PreviewImporter) -> (artifact id: '7297ce0f6da2b05ea56035c61fbb168a') in 0.0172805 seconds
Number of updated asset objects reloaded before import = 0Number of asset objects unloaded after import = 3

========================================================================
Received Import Request.
  Time since last request: 0.000028 seconds.
  path: Assets/Sprites/props1_1696.asset
  artifactKey: Guid(f05b9508bcd8dc7418f0699775103613) Importer(815301076,1909f56bfc062723c751e8b465ee728b)
Start importing Assets/Sprites/props1_1696.asset using Guid(f05b9508bcd8dc7418f0699775103613) Importer(815301076,1909f56bfc062723c751e8b465ee728b) (PreviewImporter) -> (artifact id: '69ec4f1f7e74ef6474bf040f4df951e3') in 0.0182356 seconds
Number of updated asset objects reloaded before import = 0Number of asset objects unloaded after import = 3

========================================================================
Received Import Request.
  Time since last request: 0.000028 seconds.
  path: Assets/Sprites/props1_1767.asset
  artifactKey: Guid(4e1f06ebca678294489ea9b7e32ef10c) Importer(815301076,1909f56bfc062723c751e8b465ee728b)
Start importing Assets/Sprites/props1_1767.asset using Guid(4e1f06ebca678294489ea9b7e32ef10c) Importer(815301076,1909f56bfc062723c751e8b465ee728b) (PreviewImporter) -> (artifact id: 'e8e668132b636dd1fc42c6a011af523d') in 0.0186799 seconds
Number of updated asset objects reloaded before import = 0Number of asset objects unloaded after import = 3

========================================================================
Received Import Request.
  Time since last request: 0.000067 seconds.
  path: Assets/Sprites/props1_3.asset
  artifactKey: Guid(621c5cadee23c854686e58501bdb7a8c) Importer(815301076,1909f56bfc062723c751e8b465ee728b)
Start importing Assets/Sprites/props1_3.asset using Guid(621c5cadee23c854686e58501bdb7a8c) Importer(815301076,1909f56bfc062723c751e8b465ee728b) (PreviewImporter) -> (artifact id: '78c32bce8b068f2b61d8c2d7718d497b') in 0.0174247 seconds
Number of updated asset objects reloaded before import = 0Number of asset objects unloaded after import = 3

========================================================================
Received Import Request.
  Time since last request: 0.000037 seconds.
  path: Assets/UnitystoreAssets/Cave Platformer Tileset/Enviroment sprite sheets/objects_misc.png
  artifactKey: Guid(a960d45a01b175649839aa6c4d61341c) Importer(815301076,1909f56bfc062723c751e8b465ee728b)
Start importing Assets/UnitystoreAssets/Cave Platformer Tileset/Enviroment sprite sheets/objects_misc.png using Guid(a960d45a01b175649839aa6c4d61341c) Importer(815301076,1909f56bfc062723c751e8b465ee728b) (PreviewImporter) -> (artifact id: '85cc10afb59aabf35ba3ea03b8b95cdf') in 0.0542778 seconds
Number of updated asset objects reloaded before import = 0Number of asset objects unloaded after import = 18

========================================================================
Received Import Request.
  Time since last request: 0.000021 seconds.
  path: Assets/Sprites/props1_840.asset
  artifactKey: Guid(378666a3ee5b7294290c6e85fb71493b) Importer(815301076,1909f56bfc062723c751e8b465ee728b)
Start importing Assets/Sprites/props1_840.asset using Guid(378666a3ee5b7294290c6e85fb71493b) Importer(815301076,1909f56bfc062723c751e8b465ee728b) (PreviewImporter) -> (artifact id: '5a57be51d4e7729dc09873bf74ab6302') in 0.0152392 seconds
Number of updated asset objects reloaded before import = 0Number of asset objects unloaded after import = 3

========================================================================
Received Import Request.
  Time since last request: 0.000042 seconds.
  path: Assets/Sprites/props1_971.asset
  artifactKey: Guid(77749da4631302348ac860ce85f6fb5b) Importer(815301076,1909f56bfc062723c751e8b465ee728b)
Start importing Assets/Sprites/props1_971.asset using Guid(77749da4631302348ac860ce85f6fb5b) Importer(815301076,1909f56bfc062723c751e8b465ee728b) (PreviewImporter) -> (artifact id: 'a2568352ef55a02998731b33b41f24a7') in 0.0163957 seconds
Number of updated asset objects reloaded before import = 0Number of asset objects unloaded after import = 3

========================================================================
Received Import Request.
  Time since last request: 0.000023 seconds.
  path: Assets/Sprites/mainlev_build_50.asset
  artifactKey: Guid(165449bb9f6c7f543b3b356a4f97b996) Importer(815301076,1909f56bfc062723c751e8b465ee728b)
Start importing Assets/Sprites/mainlev_build_50.asset using Guid(165449bb9f6c7f543b3b356a4f97b996) Importer(815301076,1909f56bfc062723c751e8b465ee728b) (PreviewImporter) -> (artifact id: '8619379c2943ca56e8c5504be70235a2') in 0.0135329 seconds
Number of updated asset objects reloaded before import = 0Number of asset objects unloaded after import = 3

========================================================================
Received Import Request.
  Time since last request: 0.000022 seconds.
  path: Assets/Sprites/props1_2053.asset
  artifactKey: Guid(a132e429f84b53a4e926bb4d56602be2) Importer(815301076,1909f56bfc062723c751e8b465ee728b)
Start importing Assets/Sprites/props1_2053.asset using Guid(a132e429f84b53a4e926bb4d56602be2) Importer(815301076,1909f56bfc062723c751e8b465ee728b) (PreviewImporter) -> (artifact id: 'dcf82d4372895abbd73cdd42392b5ce6') in 0.0149171 seconds
Number of updated asset objects reloaded before import = 0Number of asset objects unloaded after import = 3

========================================================================
Received Import Request.
  Time since last request: 0.000053 seconds.
  path: Assets/Sprites/props1_1843.asset
  artifactKey: Guid(af96da8960a0103468870691efd2c781) Importer(815301076,1909f56bfc062723c751e8b465ee728b)
Start importing Assets/Sprites/props1_1843.asset using Guid(af96da8960a0103468870691efd2c781) Importer(815301076,1909f56bfc062723c751e8b465ee728b) (PreviewImporter) -> (artifact id: '7ebed62e41f22c7008a5eced197ab118') in 0.0188673 seconds
Number of updated asset objects reloaded before import = 0Number of asset objects unloaded after import = 3

========================================================================
Received Import Request.
  Time since last request: 0.000030 seconds.
  path: Assets/Sprites/props1_1235.asset
  artifactKey: Guid(fea5b86232d1c824ca5cb1583b8e43ec) Importer(815301076,1909f56bfc062723c751e8b465ee728b)
Start importing Assets/Sprites/props1_1235.asset using Guid(fea5b86232d1c824ca5cb1583b8e43ec) Importer(815301076,1909f56bfc062723c751e8b465ee728b) (PreviewImporter) -> (artifact id: '4f43340b13e78187536aa60198c82fe6') in 0.0141038 seconds
Number of updated asset objects reloaded before import = 0Number of asset objects unloaded after import = 3

========================================================================
Received Import Request.
  Time since last request: 0.000025 seconds.
  path: Assets/Sprites/mainlev_build_380.asset
  artifactKey: Guid(7d4ec183a6c422441aec313fbd073676) Importer(815301076,1909f56bfc062723c751e8b465ee728b)
Start importing Assets/Sprites/mainlev_build_380.asset using Guid(7d4ec183a6c422441aec313fbd073676) Importer(815301076,1909f56bfc062723c751e8b465ee728b) (PreviewImporter) -> (artifact id: '460df9d39e30e832f187a7c8767dd93f') in 0.0133991 seconds
Number of updated asset objects reloaded before import = 0Number of asset objects unloaded after import = 3

========================================================================
Received Import Request.
  Time since last request: 0.000040 seconds.
  path: Assets/Sprites/props1_759.asset
  artifactKey: Guid(0b34d14716198264f9a0168cc5a4ac42) Importer(815301076,1909f56bfc062723c751e8b465ee728b)
Start importing Assets/Sprites/props1_759.asset using Guid(0b34d14716198264f9a0168cc5a4ac42) Importer(815301076,1909f56bfc062723c751e8b465ee728b) (PreviewImporter) -> (artifact id: 'ca45e91eda6986b8bd9f619aff6a8e6e') in 0.0180556 seconds
Number of updated asset objects reloaded before import = 0Number of asset objects unloaded after import = 3

========================================================================
Received Import Request.
  Time since last request: 0.000035 seconds.
  path: Assets/Sprites/mainlev_build_38.asset
  artifactKey: Guid(e7e0a1cefa065754ba26ae6b23472999) Importer(815301076,1909f56bfc062723c751e8b465ee728b)
Start importing Assets/Sprites/mainlev_build_38.asset using Guid(e7e0a1cefa065754ba26ae6b23472999) Importer(815301076,1909f56bfc062723c751e8b465ee728b) (PreviewImporter) -> (artifact id: '2d0ddb0b312f8d31286b1d07c5373d1c') in 0.0153335 seconds
Number of updated asset objects reloaded before import = 0Number of asset objects unloaded after import = 3

========================================================================
Received Import Request.
  Time since last request: 0.000053 seconds.
  path: Assets/UnitystoreAssets/Asset FTTGR/Palettes/Decorations/GroundInBackground34.asset
  artifactKey: Guid(a3c67bc1d0b84fb42b22102991dc1edc) Importer(815301076,1909f56bfc062723c751e8b465ee728b)
Start importing Assets/UnitystoreAssets/Asset FTTGR/Palettes/Decorations/GroundInBackground34.asset using Guid(a3c67bc1d0b84fb42b22102991dc1edc) Importer(815301076,1909f56bfc062723c751e8b465ee728b) (PreviewImporter) -> (artifact id: '4280af9607e72ffdcc08e9d868fe3106') in 0.0102671 seconds
Number of updated asset objects reloaded before import = 0Number of asset objects unloaded after import = 3

========================================================================
Received Import Request.
  Time since last request: 0.000023 seconds.
  path: Assets/UnitystoreAssets/2D Pixel Art Platformer Biome - Plains/Tilemap/TileGround14.asset
  artifactKey: Guid(aa81d52ec76f07a4992017a6e403783e) Importer(815301076,1909f56bfc062723c751e8b465ee728b)
Start importing Assets/UnitystoreAssets/2D Pixel Art Platformer Biome - Plains/Tilemap/TileGround14.asset using Guid(aa81d52ec76f07a4992017a6e403783e) Importer(815301076,1909f56bfc062723c751e8b465ee728b) (PreviewImporter) -> (artifact id: 'c0eed5ed6c76a847cdad6ad7127f14f6') in 0.0177806 seconds
Number of updated asset objects reloaded before import = 0Number of asset objects unloaded after import = 3

========================================================================
Received Import Request.
  Time since last request: 0.000026 seconds.
  path: Assets/Sprites/props1_60.asset
  artifactKey: Guid(66f9817e6412a0d469f233445b833ed4) Importer(815301076,1909f56bfc062723c751e8b465ee728b)
Start importing Assets/Sprites/props1_60.asset using Guid(66f9817e6412a0d469f233445b833ed4) Importer(815301076,1909f56bfc062723c751e8b465ee728b) (PreviewImporter) -> (artifact id: '2effd3fd93acd013d8a4a708a1df2a96') in 0.0148837 seconds
Number of updated asset objects reloaded before import = 0Number of asset objects unloaded after import = 3

========================================================================
Received Import Request.
  Time since last request: 0.000040 seconds.
  path: Assets/Sprites/props1_310.asset
  artifactKey: Guid(239ff4c303a436a4eaf913505c0acda5) Importer(815301076,1909f56bfc062723c751e8b465ee728b)
Start importing Assets/Sprites/props1_310.asset using Guid(239ff4c303a436a4eaf913505c0acda5) Importer(815301076,1909f56bfc062723c751e8b465ee728b) (PreviewImporter) -> (artifact id: '4c31fba66527c43e3c0e3323a077a882') in 0.0142563 seconds
Number of updated asset objects reloaded before import = 0Number of asset objects unloaded after import = 3

========================================================================
Received Import Request.
  Time since last request: 0.000022 seconds.
  path: Assets/UnitystoreAssets/Cave Platformer Tileset/Individual PNG files/Tileset/trees-trunk-lightbrown/trees-trunk-lightbrown-13.png
  artifactKey: Guid(fb789e971bd4b964b9df474deb153b9f) Importer(815301076,1909f56bfc062723c751e8b465ee728b)
Start importing Assets/UnitystoreAssets/Cave Platformer Tileset/Individual PNG files/Tileset/trees-trunk-lightbrown/trees-trunk-lightbrown-13.png using Guid(fb789e971bd4b964b9df474deb153b9f) Importer(815301076,1909f56bfc062723c751e8b465ee728b) (PreviewImporter) -> (artifact id: 'e0b49bb99eaf811d625b6c0bb41b1d00') in 0.015199 seconds
Number of updated asset objects reloaded before import = 0Number of asset objects unloaded after import = 3

========================================================================
Received Import Request.
  Time since last request: 0.000028 seconds.
  path: Assets/Sprites/props1_809.asset
  artifactKey: Guid(ad6c832eea7617040aa10b709d7857df) Importer(815301076,1909f56bfc062723c751e8b465ee728b)
Start importing Assets/Sprites/props1_809.asset using Guid(ad6c832eea7617040aa10b709d7857df) Importer(815301076,1909f56bfc062723c751e8b465ee728b) (PreviewImporter) -> (artifact id: '0b644bf84a761fd8b158deb521385e92') in 0.0096016 seconds
Number of updated asset objects reloaded before import = 0Number of asset objects unloaded after import = 3

========================================================================
Received Import Request.
  Time since last request: 0.000023 seconds.
  path: Assets/UnitystoreAssets/Asset FTTGR/Palettes/Blocks/MudGround35.asset
  artifactKey: Guid(281d646d624d52c4dbeee60f6e844acd) Importer(815301076,1909f56bfc062723c751e8b465ee728b)
Start importing Assets/UnitystoreAssets/Asset FTTGR/Palettes/Blocks/MudGround35.asset using Guid(281d646d624d52c4dbeee60f6e844acd) Importer(815301076,1909f56bfc062723c751e8b465ee728b) (PreviewImporter) -> (artifact id: 'cec5429dbf1f95f30b074a7b52f3dcf1') in 0.0097562 seconds
Number of updated asset objects reloaded before import = 0Number of asset objects unloaded after import = 3

========================================================================
Received Import Request.
  Time since last request: 0.000021 seconds.
  path: Assets/Sprites/props1_1529.asset
  artifactKey: Guid(7e6aed4d7d84f8147af21914d5bf93a0) Importer(815301076,1909f56bfc062723c751e8b465ee728b)
Start importing Assets/Sprites/props1_1529.asset using Guid(7e6aed4d7d84f8147af21914d5bf93a0) Importer(815301076,1909f56bfc062723c751e8b465ee728b) (PreviewImporter) -> (artifact id: '57aafa59f0c3bd6433ec8772c06560f8') in 0.0136828 seconds
Number of updated asset objects reloaded before import = 0Number of asset objects unloaded after import = 3

========================================================================
Received Import Request.
  Time since last request: 0.000023 seconds.
  path: Assets/Sprites/props1_173.asset
  artifactKey: Guid(ef0302d080a8ab940a74f91e2ae1e794) Importer(815301076,1909f56bfc062723c751e8b465ee728b)
Start importing Assets/Sprites/props1_173.asset using Guid(ef0302d080a8ab940a74f91e2ae1e794) Importer(815301076,1909f56bfc062723c751e8b465ee728b) (PreviewImporter) -> (artifact id: 'f334edf380dcc6435b8b717e03bec1a0') in 0.0148292 seconds
Number of updated asset objects reloaded before import = 0Number of asset objects unloaded after import = 3

========================================================================
Received Import Request.
  Time since last request: 0.000024 seconds.
  path: Assets/UnitystoreAssets/Cave Platformer Tileset/Individual PNG files/Tileset/bg_cave_blueish_32x32
  artifactKey: Guid(14873128df5d8754c9a4684ec1f4c77b) Importer(815301076,1909f56bfc062723c751e8b465ee728b)
Start importing Assets/UnitystoreAssets/Cave Platformer Tileset/Individual PNG files/Tileset/bg_cave_blueish_32x32 using Guid(14873128df5d8754c9a4684ec1f4c77b) Importer(815301076,1909f56bfc062723c751e8b465ee728b) (PreviewImporter) -> (artifact id: '2be045fa313c38605fd80223274cf18d') in 0.0004206 seconds
Number of updated asset objects reloaded before import = 0Number of asset objects unloaded after import = 0

========================================================================
Received Import Request.
  Time since last request: 0.000031 seconds.
  path: Assets/Sprites/props1_1610.asset
  artifactKey: Guid(5b2554f1a4497434c988004b8b92a0ce) Importer(815301076,1909f56bfc062723c751e8b465ee728b)
Start importing Assets/Sprites/props1_1610.asset using Guid(5b2554f1a4497434c988004b8b92a0ce) Importer(815301076,1909f56bfc062723c751e8b465ee728b) (PreviewImporter) -> (artifact id: 'a44a647035946f5ebb269990b8f8440a') in 0.0138969 seconds
Number of updated asset objects reloaded before import = 0Number of asset objects unloaded after import = 3

========================================================================
Received Import Request.
  Time since last request: 0.000021 seconds.
  path: Assets/Sprites/props1_18.asset
  artifactKey: Guid(703b2e66c207d9c48a21ca9f0d8324ba) Importer(815301076,1909f56bfc062723c751e8b465ee728b)
Start importing Assets/Sprites/props1_18.asset using Guid(703b2e66c207d9c48a21ca9f0d8324ba) Importer(815301076,1909f56bfc062723c751e8b465ee728b) (PreviewImporter) -> (artifact id: '2e1c0959ebb1b1cc234326740b1918b7') in 0.0141005 seconds
Number of updated asset objects reloaded before import = 0Number of asset objects unloaded after import = 3

========================================================================
Received Import Request.
  Time since last request: 0.000031 seconds.
  path: Assets/Sprites/mainlev_build_541.asset
  artifactKey: Guid(39153c35d4a28f344ac02d28ae58c3d0) Importer(815301076,1909f56bfc062723c751e8b465ee728b)
Start importing Assets/Sprites/mainlev_build_541.asset using Guid(39153c35d4a28f344ac02d28ae58c3d0) Importer(815301076,1909f56bfc062723c751e8b465ee728b) (PreviewImporter) -> (artifact id: '14b6c2fefcd8d47b49c66cbfe277d942') in 0.0134453 seconds
Number of updated asset objects reloaded before import = 0Number of asset objects unloaded after import = 3

========================================================================
Received Import Request.
  Time since last request: 0.000023 seconds.
  path: Assets/Sprites/props1_1139.asset
  artifactKey: Guid(4b653caaf18f515469da974a6f9f22d3) Importer(815301076,1909f56bfc062723c751e8b465ee728b)
Start importing Assets/Sprites/props1_1139.asset using Guid(4b653caaf18f515469da974a6f9f22d3) Importer(815301076,1909f56bfc062723c751e8b465ee728b) (PreviewImporter) -> (artifact id: '65e645572266d8f8cf86d74a7a8a12a9') in 0.0138496 seconds
Number of updated asset objects reloaded before import = 0Number of asset objects unloaded after import = 3

========================================================================
Received Import Request.
  Time since last request: 0.000023 seconds.
  path: Assets/Sprites/props1_1247.asset
  artifactKey: Guid(11388fe314c8fdf44a975a4cabd1e1f9) Importer(815301076,1909f56bfc062723c751e8b465ee728b)
Start importing Assets/Sprites/props1_1247.asset using Guid(11388fe314c8fdf44a975a4cabd1e1f9) Importer(815301076,1909f56bfc062723c751e8b465ee728b) (PreviewImporter) -> (artifact id: '99c09db051f40ec0750e9ea7e3602e9e') in 0.015087 seconds
Number of updated asset objects reloaded before import = 0Number of asset objects unloaded after import = 3

========================================================================
Received Import Request.
  Time since last request: 0.000021 seconds.
  path: Assets/Sprites/props1_2062.asset
  artifactKey: Guid(cc11af060b59dd44d82c35ed1d67e14a) Importer(815301076,1909f56bfc062723c751e8b465ee728b)
Start importing Assets/Sprites/props1_2062.asset using Guid(cc11af060b59dd44d82c35ed1d67e14a) Importer(815301076,1909f56bfc062723c751e8b465ee728b) (PreviewImporter) -> (artifact id: 'ead7e19914fbf33aea6c48505d56b246') in 0.0136509 seconds
Number of updated asset objects reloaded before import = 0Number of asset objects unloaded after import = 3

========================================================================
Received Import Request.
  Time since last request: 0.000024 seconds.
  path: Assets/Sprites/props1_630.asset
  artifactKey: Guid(c468f0b0475c3854e94b23c7b3f47458) Importer(815301076,1909f56bfc062723c751e8b465ee728b)
Start importing Assets/Sprites/props1_630.asset using Guid(c468f0b0475c3854e94b23c7b3f47458) Importer(815301076,1909f56bfc062723c751e8b465ee728b) (PreviewImporter) -> (artifact id: '84ccfb67ad59bfa08d46c8bb5421eb6a') in 0.0135573 seconds
Number of updated asset objects reloaded before import = 0Number of asset objects unloaded after import = 3

========================================================================
Received Import Request.
  Time since last request: 0.000031 seconds.
  path: Assets/Sprites/mainlev_build_809.asset
  artifactKey: Guid(c052e026ae3c5e640aa16cd1aa5d4c23) Importer(815301076,1909f56bfc062723c751e8b465ee728b)
Start importing Assets/Sprites/mainlev_build_809.asset using Guid(c052e026ae3c5e640aa16cd1aa5d4c23) Importer(815301076,1909f56bfc062723c751e8b465ee728b) (PreviewImporter) -> (artifact id: '9a94242e2a5d4950dc4e2dc194836703') in 0.0127019 seconds
Number of updated asset objects reloaded before import = 0Number of asset objects unloaded after import = 3

========================================================================
Received Import Request.
  Time since last request: 0.000021 seconds.
  path: Assets/UnitystoreAssets/Asset FTTGR/Prefabs/VFXs/EffectSmoke .prefab
  artifactKey: Guid(b65e0fe937d59114486ee5c246c6641a) Importer(815301076,1909f56bfc062723c751e8b465ee728b)
Start importing Assets/UnitystoreAssets/Asset FTTGR/Prefabs/VFXs/EffectSmoke .prefab using Guid(b65e0fe937d59114486ee5c246c6641a) Importer(815301076,1909f56bfc062723c751e8b465ee728b) (PreviewImporter) -> (artifact id: '45e3c4c8e3b2833d9a73d1c1ab3a7b54') in 0.0391656 seconds
Number of updated asset objects reloaded before import = 0Number of asset objects unloaded after import = 13

========================================================================
Received Import Request.
  Time since last request: 0.000022 seconds.
  path: Assets/Sprites/props1_1076.asset
  artifactKey: Guid(7eefa5b22ae2b6b42a1a6392eebf0657) Importer(815301076,1909f56bfc062723c751e8b465ee728b)
Start importing Assets/Sprites/props1_1076.asset using Guid(7eefa5b22ae2b6b42a1a6392eebf0657) Importer(815301076,1909f56bfc062723c751e8b465ee728b) (PreviewImporter) -> (artifact id: '3c33f51c913337e2423226ec0e3c06ea') in 0.0137561 seconds
Number of updated asset objects reloaded before import = 0Number of asset objects unloaded after import = 3

========================================================================
Received Import Request.
  Time since last request: 0.000023 seconds.
  path: Assets/UnitystoreAssets/Cainos/Pixel Art Platformer - Village Props/Tileset Palette/TP Ground/TX Tileset Ground_73.asset
  artifactKey: Guid(8cc67f36f2d95b846bc76f23b754ffc3) Importer(815301076,1909f56bfc062723c751e8b465ee728b)
Start importing Assets/UnitystoreAssets/Cainos/Pixel Art Platformer - Village Props/Tileset Palette/TP Ground/TX Tileset Ground_73.asset using Guid(8cc67f36f2d95b846bc76f23b754ffc3) Importer(815301076,1909f56bfc062723c751e8b465ee728b) (PreviewImporter) -> (artifact id: '7cc60ca12608e8d22389ed1d2f5f8980') in 0.0049175 seconds
Number of updated asset objects reloaded before import = 0Number of asset objects unloaded after import = 3

========================================================================
Received Import Request.
  Time since last request: 0.000022 seconds.
  path: Assets/Sprites/mainlev_build_233.asset
  artifactKey: Guid(88f7efb5dc702c74cbc0b8b8e53d8ced) Importer(815301076,1909f56bfc062723c751e8b465ee728b)
Start importing Assets/Sprites/mainlev_build_233.asset using Guid(88f7efb5dc702c74cbc0b8b8e53d8ced) Importer(815301076,1909f56bfc062723c751e8b465ee728b) (PreviewImporter) -> (artifact id: '44cffc52fca10fd3ba00823e2250ad36') in 0.0124556 seconds
Number of updated asset objects reloaded before import = 0Number of asset objects unloaded after import = 3

========================================================================
Received Import Request.
  Time since last request: 0.000022 seconds.
  path: Assets/Sprites/props1_354.asset
  artifactKey: Guid(a9c11f28ff9d3a24e927e80b76d188db) Importer(815301076,1909f56bfc062723c751e8b465ee728b)
Start importing Assets/Sprites/props1_354.asset using Guid(a9c11f28ff9d3a24e927e80b76d188db) Importer(815301076,1909f56bfc062723c751e8b465ee728b) (PreviewImporter) -> (artifact id: '90f9848e9a00cb434a4f7480d8dffa3c') in 0.0235616 seconds
Number of updated asset objects reloaded before import = 0Number of asset objects unloaded after import = 3

========================================================================
Received Import Request.
  Time since last request: 0.000024 seconds.
  path: Assets/Sprites/props1_1851.asset
  artifactKey: Guid(be8b34985eab6e64bb3cdf2d7b22d574) Importer(815301076,1909f56bfc062723c751e8b465ee728b)
Start importing Assets/Sprites/props1_1851.asset using Guid(be8b34985eab6e64bb3cdf2d7b22d574) Importer(815301076,1909f56bfc062723c751e8b465ee728b) (PreviewImporter) -> (artifact id: '98aaff91e91b58cc8a97a6de0d98531e') in 0.0138395 seconds
Number of updated asset objects reloaded before import = 0Number of asset objects unloaded after import = 3

========================================================================
Received Import Request.
  Time since last request: 0.000031 seconds.
  path: Assets/Sprites/props1_623.asset
  artifactKey: Guid(7a90adb3a84a0c54e98144d0e07b4568) Importer(815301076,1909f56bfc062723c751e8b465ee728b)
Start importing Assets/Sprites/props1_623.asset using Guid(7a90adb3a84a0c54e98144d0e07b4568) Importer(815301076,1909f56bfc062723c751e8b465ee728b) (PreviewImporter) -> (artifact id: 'e3030875fa688fb5ed8e28b677d758a5') in 0.0161973 seconds
Number of updated asset objects reloaded before import = 0Number of asset objects unloaded after import = 3

========================================================================
Received Import Request.
  Time since last request: 0.000023 seconds.
  path: Assets/Sprites/mainlev_build_546.asset
  artifactKey: Guid(c343b4698bf924a4c9170195a1b16689) Importer(815301076,1909f56bfc062723c751e8b465ee728b)
Start importing Assets/Sprites/mainlev_build_546.asset using Guid(c343b4698bf924a4c9170195a1b16689) Importer(815301076,1909f56bfc062723c751e8b465ee728b) (PreviewImporter) -> (artifact id: 'eee220a6062bbb6853e6350af6f8ebe7') in 0.0122334 seconds
Number of updated asset objects reloaded before import = 0Number of asset objects unloaded after import = 3

========================================================================
Received Import Request.
  Time since last request: 0.000021 seconds.
  path: Assets/UnitystoreAssets/Cave Platformer Tileset/Individual PNG files/Monster/scorpion-gold/scorpion-gold-0.png
  artifactKey: Guid(f0a281764c8fe304ca497b2a6c54537e) Importer(815301076,1909f56bfc062723c751e8b465ee728b)
Start importing Assets/UnitystoreAssets/Cave Platformer Tileset/Individual PNG files/Monster/scorpion-gold/scorpion-gold-0.png using Guid(f0a281764c8fe304ca497b2a6c54537e) Importer(815301076,1909f56bfc062723c751e8b465ee728b) (PreviewImporter) -> (artifact id: '6d128ec26e312c099a88744b670eed80') in 0.0129264 seconds
Number of updated asset objects reloaded before import = 0Number of asset objects unloaded after import = 3

========================================================================
Received Import Request.
  Time since last request: 0.000027 seconds.
  path: Assets/Sprites/props1_336.asset
  artifactKey: Guid(af632b7687cbb954da77ec76d138b0eb) Importer(815301076,1909f56bfc062723c751e8b465ee728b)
Start importing Assets/Sprites/props1_336.asset using Guid(af632b7687cbb954da77ec76d138b0eb) Importer(815301076,1909f56bfc062723c751e8b465ee728b) (PreviewImporter) -> (artifact id: 'de1d27f9530a8e1d6586a00d5c317193') in 0.0148558 seconds
Number of updated asset objects reloaded before import = 0Number of asset objects unloaded after import = 3

========================================================================
Received Import Request.
  Time since last request: 0.000022 seconds.
  path: Assets/UnitystoreAssets/Cave Platformer Tileset/Individual PNG files/Tileset/trees-trunk-dark/trees-trunk-dark-44.png
  artifactKey: Guid(f46ba0b80218b7f4e874b12e79bdf1f2) Importer(815301076,1909f56bfc062723c751e8b465ee728b)
Start importing Assets/UnitystoreAssets/Cave Platformer Tileset/Individual PNG files/Tileset/trees-trunk-dark/trees-trunk-dark-44.png using Guid(f46ba0b80218b7f4e874b12e79bdf1f2) Importer(815301076,1909f56bfc062723c751e8b465ee728b) (PreviewImporter) -> (artifact id: 'bb5860c9b8f15fbeb768dfec8d8da4ef') in 0.013028 seconds
Number of updated asset objects reloaded before import = 0Number of asset objects unloaded after import = 3

========================================================================
Received Import Request.
  Time since last request: 0.000021 seconds.
  path: Assets/UnitystoreAssets/Cave Platformer Tileset/Individual PNG files/Tileset/objects_misc_animated/object_misc_animated_12.png
  artifactKey: Guid(b194a3b7b7ccdae47ba7fdffd8afc732) Importer(815301076,1909f56bfc062723c751e8b465ee728b)
Start importing Assets/UnitystoreAssets/Cave Platformer Tileset/Individual PNG files/Tileset/objects_misc_animated/object_misc_animated_12.png using Guid(b194a3b7b7ccdae47ba7fdffd8afc732) Importer(815301076,1909f56bfc062723c751e8b465ee728b) (PreviewImporter) -> (artifact id: '867f6e87c38d7406766ed9f9df452240') in 0.0152654 seconds
Number of updated asset objects reloaded before import = 0Number of asset objects unloaded after import = 3

========================================================================
Received Import Request.
  Time since last request: 0.000024 seconds.
  path: Assets/Sprites/props1_1701.asset
  artifactKey: Guid(cc7b523230d5e0f4d97de208491ce201) Importer(815301076,1909f56bfc062723c751e8b465ee728b)
Start importing Assets/Sprites/props1_1701.asset using Guid(cc7b523230d5e0f4d97de208491ce201) Importer(815301076,1909f56bfc062723c751e8b465ee728b) (PreviewImporter) -> (artifact id: '0c8d33e5d13759bc2c5098af2221f34e') in 0.0151588 seconds
Number of updated asset objects reloaded before import = 0Number of asset objects unloaded after import = 3

========================================================================
Received Import Request.
  Time since last request: 0.000030 seconds.
  path: Assets/Sprites/props1_1467.asset
  artifactKey: Guid(94e526ca994efb34cb731dbbb590560c) Importer(815301076,1909f56bfc062723c751e8b465ee728b)
Start importing Assets/Sprites/props1_1467.asset using Guid(94e526ca994efb34cb731dbbb590560c) Importer(815301076,1909f56bfc062723c751e8b465ee728b) (PreviewImporter) -> (artifact id: 'ec57c6f8ceaf4f090a8cd12f1cb01bf5') in 0.0162761 seconds
Number of updated asset objects reloaded before import = 0Number of asset objects unloaded after import = 3

========================================================================
Received Import Request.
  Time since last request: 0.000023 seconds.
  path: Assets/Sprites/mainlev_build_773.asset
  artifactKey: Guid(c8cae756481a7fa4597866e5bc7cb84a) Importer(815301076,1909f56bfc062723c751e8b465ee728b)
Start importing Assets/Sprites/mainlev_build_773.asset using Guid(c8cae756481a7fa4597866e5bc7cb84a) Importer(815301076,1909f56bfc062723c751e8b465ee728b) (PreviewImporter) -> (artifact id: '3b483b932865dcef450e60086ff0042e') in 0.0085754 seconds
Number of updated asset objects reloaded before import = 0Number of asset objects unloaded after import = 3

========================================================================
Received Import Request.
  Time since last request: 0.000050 seconds.
  path: Assets/Sprites/props1_242.asset
  artifactKey: Guid(30107427b0f6b2b49bfcb1769d1f4e3f) Importer(815301076,1909f56bfc062723c751e8b465ee728b)
Start importing Assets/Sprites/props1_242.asset using Guid(30107427b0f6b2b49bfcb1769d1f4e3f) Importer(815301076,1909f56bfc062723c751e8b465ee728b) (PreviewImporter) -> (artifact id: '1ef502df074e797164bd51ed8bc79c61') in 0.0181294 seconds
Number of updated asset objects reloaded before import = 0Number of asset objects unloaded after import = 3

========================================================================
Received Import Request.
  Time since last request: 0.000045 seconds.
  path: Assets/Sprites/props1_702.asset
  artifactKey: Guid(43960c4f37dbe4d46b43f38a907489a0) Importer(815301076,1909f56bfc062723c751e8b465ee728b)
Start importing Assets/Sprites/props1_702.asset using Guid(43960c4f37dbe4d46b43f38a907489a0) Importer(815301076,1909f56bfc062723c751e8b465ee728b) (PreviewImporter) -> (artifact id: '0999a422722b537ca5daf036d30c2265') in 0.024714 seconds
Number of updated asset objects reloaded before import = 0Number of asset objects unloaded after import = 3

========================================================================
Received Import Request.
  Time since last request: 0.000024 seconds.
  path: Assets/Sprites/mainlev_build_35.asset
  artifactKey: Guid(e82bc82bd3da4f74bb3e2a96daf77ead) Importer(815301076,1909f56bfc062723c751e8b465ee728b)
Start importing Assets/Sprites/mainlev_build_35.asset using Guid(e82bc82bd3da4f74bb3e2a96daf77ead) Importer(815301076,1909f56bfc062723c751e8b465ee728b) (PreviewImporter) -> (artifact id: '51483438d9b1a33f22d76ac2a119cef6') in 0.0159427 seconds
Number of updated asset objects reloaded before import = 0Number of asset objects unloaded after import = 3

========================================================================
Received Import Request.
  Time since last request: 0.000050 seconds.
  path: Assets/Sprites/props1_449.asset
  artifactKey: Guid(434ba11b5fc2d1e47aa604d81c0a24a6) Importer(815301076,1909f56bfc062723c751e8b465ee728b)
Start importing Assets/Sprites/props1_449.asset using Guid(434ba11b5fc2d1e47aa604d81c0a24a6) Importer(815301076,1909f56bfc062723c751e8b465ee728b) (PreviewImporter) -> (artifact id: '1ae05bd2a268b2007c91d32c9d3c8f09') in 0.0186242 seconds
Number of updated asset objects reloaded before import = 0Number of asset objects unloaded after import = 3

========================================================================
Received Import Request.
  Time since last request: 0.000039 seconds.
  path: Assets/Sprites/props1_1384.asset
  artifactKey: Guid(ebc7379c3edc7ef49bc8ae709fe0d8dc) Importer(815301076,1909f56bfc062723c751e8b465ee728b)
Start importing Assets/Sprites/props1_1384.asset using Guid(ebc7379c3edc7ef49bc8ae709fe0d8dc) Importer(815301076,1909f56bfc062723c751e8b465ee728b) (PreviewImporter) -> (artifact id: 'cef552b6db5899762ef0648b0e824d75') in 0.0144579 seconds
Number of updated asset objects reloaded before import = 0Number of asset objects unloaded after import = 3

========================================================================
Received Import Request.
  Time since last request: 0.000063 seconds.
  path: Assets/UnitystoreAssets/Asset FTTGR/Palettes/Blocks/Bricks15.asset
  artifactKey: Guid(89cd988c8722b4b4c8899d657efaaeec) Importer(815301076,1909f56bfc062723c751e8b465ee728b)
Start importing Assets/UnitystoreAssets/Asset FTTGR/Palettes/Blocks/Bricks15.asset using Guid(89cd988c8722b4b4c8899d657efaaeec) Importer(815301076,1909f56bfc062723c751e8b465ee728b) (PreviewImporter) -> (artifact id: '83876b7edfec5716665031909c5cc7f1') in 0.0106637 seconds
Number of updated asset objects reloaded before import = 0Number of asset objects unloaded after import = 3

========================================================================
Received Import Request.
  Time since last request: 0.000024 seconds.
  path: Assets/Sprites/props1_248.asset
  artifactKey: Guid(568cfeb8ea4680743b999de09709eb5a) Importer(815301076,1909f56bfc062723c751e8b465ee728b)
Start importing Assets/Sprites/props1_248.asset using Guid(568cfeb8ea4680743b999de09709eb5a) Importer(815301076,1909f56bfc062723c751e8b465ee728b) (PreviewImporter) -> (artifact id: '6757d12e9aa1b438b32320fb1bc8f435') in 0.013461 seconds
Number of updated asset objects reloaded before import = 0Number of asset objects unloaded after import = 3

========================================================================
Received Import Request.
  Time since last request: 0.000025 seconds.
  path: Assets/UnitystoreAssets/Cave Platformer Tileset/Individual PNG files/Tileset/trees-trunk-dark/trees-trunk-dark-35.png
  artifactKey: Guid(e1efed91060e618439bdd957a721b9a3) Importer(815301076,1909f56bfc062723c751e8b465ee728b)
Start importing Assets/UnitystoreAssets/Cave Platformer Tileset/Individual PNG files/Tileset/trees-trunk-dark/trees-trunk-dark-35.png using Guid(e1efed91060e618439bdd957a721b9a3) Importer(815301076,1909f56bfc062723c751e8b465ee728b) (PreviewImporter) -> (artifact id: '18bf596f07dce9798ebb094e98314014') in 0.0156087 seconds
Number of updated asset objects reloaded before import = 0Number of asset objects unloaded after import = 3

========================================================================
Received Import Request.
  Time since last request: 0.000032 seconds.
  path: Assets/Sprites/props1_56.asset
  artifactKey: Guid(12a8cb16e980e1a4584c795dde62981c) Importer(815301076,1909f56bfc062723c751e8b465ee728b)
Start importing Assets/Sprites/props1_56.asset using Guid(12a8cb16e980e1a4584c795dde62981c) Importer(815301076,1909f56bfc062723c751e8b465ee728b) (PreviewImporter) -> (artifact id: '60349f99ccdb04d74b9bbbc507173bc7') in 0.018484 seconds
Number of updated asset objects reloaded before import = 0Number of asset objects unloaded after import = 3

========================================================================
Received Import Request.
  Time since last request: 0.000050 seconds.
  path: Assets/UnitystoreAssets/Asset FTTGR/Sprites/VFXs/Snow.png
  artifactKey: Guid(eb7b04fdfe2a7dc4e895f7a72c07fc22) Importer(815301076,1909f56bfc062723c751e8b465ee728b)
Start importing Assets/UnitystoreAssets/Asset FTTGR/Sprites/VFXs/Snow.png using Guid(eb7b04fdfe2a7dc4e895f7a72c07fc22) Importer(815301076,1909f56bfc062723c751e8b465ee728b) (PreviewImporter) -> (artifact id: '7ea9e464cc8ed9d0e888926378050907') in 0.0270691 seconds
Number of updated asset objects reloaded before import = 0Number of asset objects unloaded after import = 5

========================================================================
Received Import Request.
  Time since last request: 0.000028 seconds.
  path: Assets/Sprites/props1_260.asset
  artifactKey: Guid(87375e390eb8f8847b895f7ed2d7dbeb) Importer(815301076,1909f56bfc062723c751e8b465ee728b)
Start importing Assets/Sprites/props1_260.asset using Guid(87375e390eb8f8847b895f7ed2d7dbeb) Importer(815301076,1909f56bfc062723c751e8b465ee728b) (PreviewImporter) -> (artifact id: 'fce752f757d4e159be591d97611a488a') in 0.0159565 seconds
Number of updated asset objects reloaded before import = 0Number of asset objects unloaded after import = 3

========================================================================
Received Import Request.
  Time since last request: 0.000052 seconds.
  path: Assets/UnitystoreAssets/Asset FTTGR/Palettes/Blocks/GrassGround22.asset
  artifactKey: Guid(ac8eb6f54b0027a408fd0a4ae94679d8) Importer(815301076,1909f56bfc062723c751e8b465ee728b)
Start importing Assets/UnitystoreAssets/Asset FTTGR/Palettes/Blocks/GrassGround22.asset using Guid(ac8eb6f54b0027a408fd0a4ae94679d8) Importer(815301076,1909f56bfc062723c751e8b465ee728b) (PreviewImporter) -> (artifact id: '4b7e797de6f543b06f82a510c136d460') in 0.0130562 seconds
Number of updated asset objects reloaded before import = 0Number of asset objects unloaded after import = 3

========================================================================
Received Import Request.
  Time since last request: 0.000023 seconds.
  path: Assets/Sprites/props1_396.asset
  artifactKey: Guid(fb45ced3b437e1c4aba0f171a1ffe26d) Importer(815301076,1909f56bfc062723c751e8b465ee728b)
Start importing Assets/Sprites/props1_396.asset using Guid(fb45ced3b437e1c4aba0f171a1ffe26d) Importer(815301076,1909f56bfc062723c751e8b465ee728b) (PreviewImporter) -> (artifact id: 'b190c684ef31e640942a1580cbe11f66') in 0.0143233 seconds
Number of updated asset objects reloaded before import = 0Number of asset objects unloaded after import = 3

========================================================================
Received Import Request.
  Time since last request: 0.000067 seconds.
  path: Assets/UnitystoreAssets/Cave Platformer Tileset/Individual PNG files/Monster/scorpion-black/scorpion-black-20.png
  artifactKey: Guid(5afeda3e60a6bcc4c882733424f98847) Importer(815301076,1909f56bfc062723c751e8b465ee728b)
Start importing Assets/UnitystoreAssets/Cave Platformer Tileset/Individual PNG files/Monster/scorpion-black/scorpion-black-20.png using Guid(5afeda3e60a6bcc4c882733424f98847) Importer(815301076,1909f56bfc062723c751e8b465ee728b) (PreviewImporter) -> (artifact id: '18efe8d63a60e0f2b4815da6e96460e5') in 0.012039 seconds
Number of updated asset objects reloaded before import = 0Number of asset objects unloaded after import = 3

========================================================================
Received Import Request.
  Time since last request: 0.000021 seconds.
  path: Assets/Sprites/mainlev_build_198.asset
  artifactKey: Guid(7fb616f3d3dab6744bf78f105d02f35a) Importer(815301076,1909f56bfc062723c751e8b465ee728b)
Start importing Assets/Sprites/mainlev_build_198.asset using Guid(7fb616f3d3dab6744bf78f105d02f35a) Importer(815301076,1909f56bfc062723c751e8b465ee728b) (PreviewImporter) -> (artifact id: 'd3bba74d5caa6aa3725b1a318de9e507') in 0.0120518 seconds
Number of updated asset objects reloaded before import = 0Number of asset objects unloaded after import = 3

========================================================================
Received Import Request.
  Time since last request: 0.000021 seconds.
  path: Assets/Sprites/props1_1354.asset
  artifactKey: Guid(0e7dbeb67d1d2e64e89224692d5d459c) Importer(815301076,1909f56bfc062723c751e8b465ee728b)
Start importing Assets/Sprites/props1_1354.asset using Guid(0e7dbeb67d1d2e64e89224692d5d459c) Importer(815301076,1909f56bfc062723c751e8b465ee728b) (PreviewImporter) -> (artifact id: 'e5e07ef79779539864a3bd36362a94b9') in 0.0134117 seconds
Number of updated asset objects reloaded before import = 0Number of asset objects unloaded after import = 3

========================================================================
Received Import Request.
  Time since last request: 0.000022 seconds.
  path: Assets/Sprites/props1_958.asset
  artifactKey: Guid(4ee0a70594ee48240ab75aeeb314c81d) Importer(815301076,1909f56bfc062723c751e8b465ee728b)
Start importing Assets/Sprites/props1_958.asset using Guid(4ee0a70594ee48240ab75aeeb314c81d) Importer(815301076,1909f56bfc062723c751e8b465ee728b) (PreviewImporter) -> (artifact id: 'a792912800de3a2e3c1005a7bd4fc5aa') in 0.0120561 seconds
Number of updated asset objects reloaded before import = 0Number of asset objects unloaded after import = 3

========================================================================
Received Import Request.
  Time since last request: 0.000027 seconds.
  path: Assets/UnitystoreAssets/Cave Platformer Tileset/Individual PNG files/Tileset/trees-trunk-lightbrown/trees-trunk-lightbrown-41.png
  artifactKey: Guid(2f7f5bcea3fa71f4183fa3d4f778f82a) Importer(815301076,1909f56bfc062723c751e8b465ee728b)
Start importing Assets/UnitystoreAssets/Cave Platformer Tileset/Individual PNG files/Tileset/trees-trunk-lightbrown/trees-trunk-lightbrown-41.png using Guid(2f7f5bcea3fa71f4183fa3d4f778f82a) Importer(815301076,1909f56bfc062723c751e8b465ee728b) (PreviewImporter) -> (artifact id: '99814a30c3ee37f189591165229b59c6') in 0.0111702 seconds
Number of updated asset objects reloaded before import = 0Number of asset objects unloaded after import = 3

========================================================================
Received Import Request.
  Time since last request: 0.000032 seconds.
  path: Assets/UnitystoreAssets/Cave Platformer Tileset/Individual PNG files/Tileset/trees-trunk-lightbrown/trees-trunk-lightbrown-71.png
  artifactKey: Guid(636c142ef16d93d418b7dfc5b8b2352a) Importer(815301076,1909f56bfc062723c751e8b465ee728b)
Start importing Assets/UnitystoreAssets/Cave Platformer Tileset/Individual PNG files/Tileset/trees-trunk-lightbrown/trees-trunk-lightbrown-71.png using Guid(636c142ef16d93d418b7dfc5b8b2352a) Importer(815301076,1909f56bfc062723c751e8b465ee728b) (PreviewImporter) -> (artifact id: 'cdfbd1b4d2f34ba7d0faffeab6087a69') in 0.014698 seconds
Number of updated asset objects reloaded before import = 0Number of asset objects unloaded after import = 3

========================================================================
Received Import Request.
  Time since last request: 0.000023 seconds.
  path: Assets/UnitystoreAssets/Cainos/Pixel Art Platformer - Village Props/Tileset Palette/TP Ground/TX Tileset Ground_21.asset
  artifactKey: Guid(26f6567865bdaf0438cb400adef5888d) Importer(815301076,1909f56bfc062723c751e8b465ee728b)
Start importing Assets/UnitystoreAssets/Cainos/Pixel Art Platformer - Village Props/Tileset Palette/TP Ground/TX Tileset Ground_21.asset using Guid(26f6567865bdaf0438cb400adef5888d) Importer(815301076,1909f56bfc062723c751e8b465ee728b) (PreviewImporter) -> (artifact id: '10d3f987c00ede405ea8c2389132fb8b') in 0.0114526 seconds
Number of updated asset objects reloaded before import = 0Number of asset objects unloaded after import = 3

========================================================================
Received Import Request.
  Time since last request: 0.026548 seconds.
  path: Assets/Sprites/props1_2142.asset
  artifactKey: Guid(7e1e313d637ebcb41abd851c07ea26a9) Importer(815301076,1909f56bfc062723c751e8b465ee728b)
Start importing Assets/Sprites/props1_2142.asset using Guid(7e1e313d637ebcb41abd851c07ea26a9) Importer(815301076,1909f56bfc062723c751e8b465ee728b) (PreviewImporter) -> (artifact id: '2fbf07d5b2d6e752aecef2a67720d950') in 0.0219918 seconds
Number of updated asset objects reloaded before import = 0Number of asset objects unloaded after import = 3

========================================================================
Received Import Request.
  Time since last request: 0.000024 seconds.
  path: Assets/Sprites/mainlev_build_5.asset
  artifactKey: Guid(88b1015ebe5eb6345b5d005e7847cdeb) Importer(815301076,1909f56bfc062723c751e8b465ee728b)
Start importing Assets/Sprites/mainlev_build_5.asset using Guid(88b1015ebe5eb6345b5d005e7847cdeb) Importer(815301076,1909f56bfc062723c751e8b465ee728b) (PreviewImporter) -> (artifact id: 'e9305f235ba2b20b93496a65bed1b0c3') in 0.012321 seconds
Number of updated asset objects reloaded before import = 0Number of asset objects unloaded after import = 3

========================================================================
Received Import Request.
  Time since last request: 0.000022 seconds.
  path: Assets/Sprites/props1_369.asset
  artifactKey: Guid(90a38e03afeb4c944ab48f65b998ec32) Importer(815301076,1909f56bfc062723c751e8b465ee728b)
Start importing Assets/Sprites/props1_369.asset using Guid(90a38e03afeb4c944ab48f65b998ec32) Importer(815301076,1909f56bfc062723c751e8b465ee728b) (PreviewImporter) -> (artifact id: 'aa2089abf1c87fff74e3c9499aeb8370') in 0.0124997 seconds
Number of updated asset objects reloaded before import = 0Number of asset objects unloaded after import = 3

========================================================================
Received Import Request.
  Time since last request: 0.000029 seconds.
  path: Assets/UnitystoreAssets/Cave Platformer Tileset/Individual PNG files/Tileset/trees-trunk-lightbrown/trees-trunk-lightbrown-58.png
  artifactKey: Guid(fb497af42b839354eb3a633d5dea0e2a) Importer(815301076,1909f56bfc062723c751e8b465ee728b)
Start importing Assets/UnitystoreAssets/Cave Platformer Tileset/Individual PNG files/Tileset/trees-trunk-lightbrown/trees-trunk-lightbrown-58.png using Guid(fb497af42b839354eb3a633d5dea0e2a) Importer(815301076,1909f56bfc062723c751e8b465ee728b) (PreviewImporter) -> (artifact id: '64bbf4936521bb01d6bc8f44394aa0bd') in 0.0340236 seconds
Number of updated asset objects reloaded before import = 0Number of asset objects unloaded after import = 3

========================================================================
Received Import Request.
  Time since last request: 0.000033 seconds.
  path: Assets/Sprites/props1_408.asset
  artifactKey: Guid(d1336194192d3cb41aef34e25cd954b5) Importer(815301076,1909f56bfc062723c751e8b465ee728b)
Start importing Assets/Sprites/props1_408.asset using Guid(d1336194192d3cb41aef34e25cd954b5) Importer(815301076,1909f56bfc062723c751e8b465ee728b) (PreviewImporter) -> (artifact id: '17b1c04ece32b76b5c08216aa1a80712') in 0.0143188 seconds
Number of updated asset objects reloaded before import = 0Number of asset objects unloaded after import = 3

========================================================================
Received Import Request.
  Time since last request: 0.000039 seconds.
  path: Assets/UnitystoreAssets/Cave Platformer Tileset/Individual PNG files/Tileset/bg_cave_blueish_16x16/bg_cave_blueish_16x16_tile_13.png
  artifactKey: Guid(55f5eb4841fac064c8ce59722e49204e) Importer(815301076,1909f56bfc062723c751e8b465ee728b)
Start importing Assets/UnitystoreAssets/Cave Platformer Tileset/Individual PNG files/Tileset/bg_cave_blueish_16x16/bg_cave_blueish_16x16_tile_13.png using Guid(55f5eb4841fac064c8ce59722e49204e) Importer(815301076,1909f56bfc062723c751e8b465ee728b) (PreviewImporter) -> (artifact id: '930dd5d223c0a9cfdcfed9bbcb6bfcaa') in 0.0116209 seconds
Number of updated asset objects reloaded before import = 0Number of asset objects unloaded after import = 3

========================================================================
Received Import Request.
  Time since last request: 0.000021 seconds.
  path: Assets/Sprites/props1_1256.asset
  artifactKey: Guid(7a95fe71abc9bde43bec2fb23f73b49e) Importer(815301076,1909f56bfc062723c751e8b465ee728b)
Start importing Assets/Sprites/props1_1256.asset using Guid(7a95fe71abc9bde43bec2fb23f73b49e) Importer(815301076,1909f56bfc062723c751e8b465ee728b) (PreviewImporter) -> (artifact id: 'c4835fea75f91c93e84c753f990a682c') in 0.0118092 seconds
Number of updated asset objects reloaded before import = 0Number of asset objects unloaded after import = 3

========================================================================
Received Import Request.
  Time since last request: 0.000022 seconds.
  path: Assets/UnitystoreAssets/Cave Platformer Tileset/Individual PNG files/Tileset/bg_objects/bg_objects_11.png
  artifactKey: Guid(01c6017906267e64ea9815f9e24270b3) Importer(815301076,1909f56bfc062723c751e8b465ee728b)
Start importing Assets/UnitystoreAssets/Cave Platformer Tileset/Individual PNG files/Tileset/bg_objects/bg_objects_11.png using Guid(01c6017906267e64ea9815f9e24270b3) Importer(815301076,1909f56bfc062723c751e8b465ee728b) (PreviewImporter) -> (artifact id: '1effab5c429ceede57c660c0ad53b728') in 0.0112082 seconds
Number of updated asset objects reloaded before import = 0Number of asset objects unloaded after import = 3

========================================================================
Received Import Request.
  Time since last request: 0.000021 seconds.
  path: Assets/Sprites/mainlev_build_836.asset
  artifactKey: Guid(2251e8bb0af1f9542a69e107e7307c30) Importer(815301076,1909f56bfc062723c751e8b465ee728b)
Start importing Assets/Sprites/mainlev_build_836.asset using Guid(2251e8bb0af1f9542a69e107e7307c30) Importer(815301076,1909f56bfc062723c751e8b465ee728b) (PreviewImporter) -> (artifact id: 'b3e0f5a9614029f45d011fd00618e991') in 0.0104963 seconds
Number of updated asset objects reloaded before import = 0Number of asset objects unloaded after import = 3

========================================================================
Received Import Request.
  Time since last request: 0.000022 seconds.
  path: Assets/Sprites/mainlev_build_714.asset
  artifactKey: Guid(c0ff7d7dc19ad8640887118bdfecdfb6) Importer(815301076,1909f56bfc062723c751e8b465ee728b)
Start importing Assets/Sprites/mainlev_build_714.asset using Guid(c0ff7d7dc19ad8640887118bdfecdfb6) Importer(815301076,1909f56bfc062723c751e8b465ee728b) (PreviewImporter) -> (artifact id: '3821f7c3ca060fd7d39fe4134c27185a') in 0.0105318 seconds
Number of updated asset objects reloaded before import = 0Number of asset objects unloaded after import = 3

========================================================================
Received Import Request.
  Time since last request: 0.000023 seconds.
  path: Assets/Sprites/props1_221.asset
  artifactKey: Guid(ad9184c58fb83084bbefdfea36ebc861) Importer(815301076,1909f56bfc062723c751e8b465ee728b)
Start importing Assets/Sprites/props1_221.asset using Guid(ad9184c58fb83084bbefdfea36ebc861) Importer(815301076,1909f56bfc062723c751e8b465ee728b) (PreviewImporter) -> (artifact id: '05b5a968cb0809c73fe81537f8f2086f') in 0.0118084 seconds
Number of updated asset objects reloaded before import = 0Number of asset objects unloaded after import = 3

========================================================================
Received Import Request.
  Time since last request: 0.000026 seconds.
  path: Assets/Sprites/mainlev_build_700.asset
  artifactKey: Guid(07ac9887c8189c442b71d1c45cd04512) Importer(815301076,1909f56bfc062723c751e8b465ee728b)
Start importing Assets/Sprites/mainlev_build_700.asset using Guid(07ac9887c8189c442b71d1c45cd04512) Importer(815301076,1909f56bfc062723c751e8b465ee728b) (PreviewImporter) -> (artifact id: 'b28920cbb22aa0714421300e7846e10c') in 0.010919 seconds
Number of updated asset objects reloaded before import = 0Number of asset objects unloaded after import = 3

========================================================================
Received Import Request.
  Time since last request: 0.000030 seconds.
  path: Assets/Sprites/mainlev_build_449.asset
  artifactKey: Guid(1a3e6e81fad453e4189c02b52cce46e7) Importer(815301076,1909f56bfc062723c751e8b465ee728b)
Start importing Assets/Sprites/mainlev_build_449.asset using Guid(1a3e6e81fad453e4189c02b52cce46e7) Importer(815301076,1909f56bfc062723c751e8b465ee728b) (PreviewImporter) -> (artifact id: '822a96847c6b90abde201134f41db9c9') in 0.0109083 seconds
Number of updated asset objects reloaded before import = 0Number of asset objects unloaded after import = 3

========================================================================
Received Import Request.
  Time since last request: 0.000024 seconds.
  path: Assets/Sprites/mainlev_build_454.asset
  artifactKey: Guid(8b77d936a860d0b48a032897143bae0e) Importer(815301076,1909f56bfc062723c751e8b465ee728b)
Start importing Assets/Sprites/mainlev_build_454.asset using Guid(8b77d936a860d0b48a032897143bae0e) Importer(815301076,1909f56bfc062723c751e8b465ee728b) (PreviewImporter) -> (artifact id: 'a2ca74178c54ea7d9908dc859133530c') in 0.0111013 seconds
Number of updated asset objects reloaded before import = 0Number of asset objects unloaded after import = 3

========================================================================
Received Import Request.
  Time since last request: 0.000021 seconds.
  path: Assets/Sprites/props1_1452.asset
  artifactKey: Guid(f54c963345f3c1442ad08658f9eadee2) Importer(815301076,1909f56bfc062723c751e8b465ee728b)
Start importing Assets/Sprites/props1_1452.asset using Guid(f54c963345f3c1442ad08658f9eadee2) Importer(815301076,1909f56bfc062723c751e8b465ee728b) (PreviewImporter) -> (artifact id: '2a82d9b0a6752e1ab18c85df567b2cdb') in 0.012455 seconds
Number of updated asset objects reloaded before import = 0Number of asset objects unloaded after import = 3

========================================================================
Received Import Request.
  Time since last request: 0.000029 seconds.
  path: Assets/Sprites/props1_1049.asset
  artifactKey: Guid(23442bf5eb15e0e4e93c9a885f43f5b5) Importer(815301076,1909f56bfc062723c751e8b465ee728b)
Start importing Assets/Sprites/props1_1049.asset using Guid(23442bf5eb15e0e4e93c9a885f43f5b5) Importer(815301076,1909f56bfc062723c751e8b465ee728b) (PreviewImporter) -> (artifact id: 'acadc65f8e20f36e12877f500f2d59ad') in 0.0119677 seconds
Number of updated asset objects reloaded before import = 0Number of asset objects unloaded after import = 3

========================================================================
Received Import Request.
  Time since last request: 0.000022 seconds.
  path: Assets/Sprites/props1_2177.asset
  artifactKey: Guid(9fd6e496029e0be4fbc5d6d91f7c79af) Importer(815301076,1909f56bfc062723c751e8b465ee728b)
Start importing Assets/Sprites/props1_2177.asset using Guid(9fd6e496029e0be4fbc5d6d91f7c79af) Importer(815301076,1909f56bfc062723c751e8b465ee728b) (PreviewImporter) -> (artifact id: 'dbf23c1a43b0a0ef40cd5bf103e8bbba') in 0.0121654 seconds
Number of updated asset objects reloaded before import = 0Number of asset objects unloaded after import = 3

========================================================================
Received Import Request.
  Time since last request: 0.000021 seconds.
  path: Assets/UnitystoreAssets/Cave Platformer Tileset/Individual PNG files/Tileset/bg_cave_greenish_16x32/bg_cave_greenish_16x32_tile_23.png
  artifactKey: Guid(4eae6f8532873ca4eaf7a6de192f2b75) Importer(815301076,1909f56bfc062723c751e8b465ee728b)
Start importing Assets/UnitystoreAssets/Cave Platformer Tileset/Individual PNG files/Tileset/bg_cave_greenish_16x32/bg_cave_greenish_16x32_tile_23.png using Guid(4eae6f8532873ca4eaf7a6de192f2b75) Importer(815301076,1909f56bfc062723c751e8b465ee728b) (PreviewImporter) -> (artifact id: '14fee3d72a683bf45acbedbabb2cae9d') in 0.0108013 seconds
Number of updated asset objects reloaded before import = 0Number of asset objects unloaded after import = 3

========================================================================
Received Import Request.
  Time since last request: 0.000022 seconds.
  path: Assets/Sprites/props1_168.asset
  artifactKey: Guid(a8c1756d47d2f3847be15f6554ededd3) Importer(815301076,1909f56bfc062723c751e8b465ee728b)
Start importing Assets/Sprites/props1_168.asset using Guid(a8c1756d47d2f3847be15f6554ededd3) Importer(815301076,1909f56bfc062723c751e8b465ee728b) (PreviewImporter) -> (artifact id: '688a2b64bad91ab9eea15dde88c581de') in 0.0120214 seconds
Number of updated asset objects reloaded before import = 0Number of asset objects unloaded after import = 3

========================================================================
Received Import Request.
  Time since last request: 0.000035 seconds.
  path: Assets/Sprites/props1_793.asset
  artifactKey: Guid(7d6f33c157630fe4083ac2f5607fbd82) Importer(815301076,1909f56bfc062723c751e8b465ee728b)
Start importing Assets/Sprites/props1_793.asset using Guid(7d6f33c157630fe4083ac2f5607fbd82) Importer(815301076,1909f56bfc062723c751e8b465ee728b) (PreviewImporter) -> (artifact id: 'fb10939d92575eb861111ed004a514f9') in 0.0126022 seconds
Number of updated asset objects reloaded before import = 0Number of asset objects unloaded after import = 3

========================================================================
Received Import Request.
  Time since last request: 0.000030 seconds.
  path: Assets/Sprites/mainlev_build_756.asset
  artifactKey: Guid(d47b133021d129a4bb52ddc159782b94) Importer(815301076,1909f56bfc062723c751e8b465ee728b)
Start importing Assets/Sprites/mainlev_build_756.asset using Guid(d47b133021d129a4bb52ddc159782b94) Importer(815301076,1909f56bfc062723c751e8b465ee728b) (PreviewImporter) -> (artifact id: 'a2d087f5a14696a6447d8a3fc70fea01') in 0.0108561 seconds
Number of updated asset objects reloaded before import = 0Number of asset objects unloaded after import = 3

========================================================================
Received Import Request.
  Time since last request: 0.000022 seconds.
  path: Assets/UnitystoreAssets/Cainos/Pixel Art Platformer - Village Props/Tileset Palette/TP Ground/TX Tileset Ground_29.asset
  artifactKey: Guid(f584808457934554cb836690b6ee14f2) Importer(815301076,1909f56bfc062723c751e8b465ee728b)
Start importing Assets/UnitystoreAssets/Cainos/Pixel Art Platformer - Village Props/Tileset Palette/TP Ground/TX Tileset Ground_29.asset using Guid(f584808457934554cb836690b6ee14f2) Importer(815301076,1909f56bfc062723c751e8b465ee728b) (PreviewImporter) -> (artifact id: '86debb2c95b7181bf0a98c22b0dca5ab') in 0.0098553 seconds
Number of updated asset objects reloaded before import = 0Number of asset objects unloaded after import = 3

========================================================================
Received Import Request.
  Time since last request: 0.000021 seconds.
  path: Assets/Sprites/props1_1186.asset
  artifactKey: Guid(9669bc73e0b1332469f8c8ac4a8979a8) Importer(815301076,1909f56bfc062723c751e8b465ee728b)
Start importing Assets/Sprites/props1_1186.asset using Guid(9669bc73e0b1332469f8c8ac4a8979a8) Importer(815301076,1909f56bfc062723c751e8b465ee728b) (PreviewImporter) -> (artifact id: '68e4f82e5c16b37019de32cb7ea5bb9b') in 0.0119704 seconds
Number of updated asset objects reloaded before import = 0Number of asset objects unloaded after import = 3

========================================================================
Received Import Request.
  Time since last request: 0.000022 seconds.
  path: Assets/Sprites/props1_753.asset
  artifactKey: Guid(ab3f915c61235564fa0fb4fe189ebde5) Importer(815301076,1909f56bfc062723c751e8b465ee728b)
Start importing Assets/Sprites/props1_753.asset using Guid(ab3f915c61235564fa0fb4fe189ebde5) Importer(815301076,1909f56bfc062723c751e8b465ee728b) (PreviewImporter) -> (artifact id: '82737cc6700fa331efa4eee876ce2c0a') in 0.0113713 seconds
Number of updated asset objects reloaded before import = 0Number of asset objects unloaded after import = 3

========================================================================
Received Import Request.
  Time since last request: 0.000029 seconds.
  path: Assets/Sprites/mainlev_build_874.asset
  artifactKey: Guid(39571355f380e0d4bb96e42daf7b9e5f) Importer(815301076,1909f56bfc062723c751e8b465ee728b)
Start importing Assets/Sprites/mainlev_build_874.asset using Guid(39571355f380e0d4bb96e42daf7b9e5f) Importer(815301076,1909f56bfc062723c751e8b465ee728b) (PreviewImporter) -> (artifact id: 'b4e777558fb0d7c1942d83050e2a4798') in 0.010792 seconds
Number of updated asset objects reloaded before import = 0Number of asset objects unloaded after import = 3

========================================================================
Received Import Request.
  Time since last request: 0.000025 seconds.
  path: Assets/Sprites/props1_921.asset
  artifactKey: Guid(95d28d2ab575b2944a9e9559cff619be) Importer(815301076,1909f56bfc062723c751e8b465ee728b)
Start importing Assets/Sprites/props1_921.asset using Guid(95d28d2ab575b2944a9e9559cff619be) Importer(815301076,1909f56bfc062723c751e8b465ee728b) (PreviewImporter) -> (artifact id: '54977f506cdf530cdedd0255cdfdd451') in 0.0115342 seconds
Number of updated asset objects reloaded before import = 0Number of asset objects unloaded after import = 3

========================================================================
Received Import Request.
  Time since last request: 0.000022 seconds.
  path: Assets/Sprites/mainlev_build_342.asset
  artifactKey: Guid(4ed6a3b4014906e4586831b2a594e053) Importer(815301076,1909f56bfc062723c751e8b465ee728b)
Start importing Assets/Sprites/mainlev_build_342.asset using Guid(4ed6a3b4014906e4586831b2a594e053) Importer(815301076,1909f56bfc062723c751e8b465ee728b) (PreviewImporter) -> (artifact id: '28b0dea4d9267449177fbef5e9110cf8') in 0.0104248 seconds
Number of updated asset objects reloaded before import = 0Number of asset objects unloaded after import = 3

========================================================================
Received Import Request.
  Time since last request: 0.000024 seconds.
  path: Assets/UnitystoreAssets/Cainos/Pixel Art Platformer - Village Props/Tileset Palette/TP Ground/TX Tileset Ground_50.asset
  artifactKey: Guid(79b409ead76923446bf835edb1fc03f5) Importer(815301076,1909f56bfc062723c751e8b465ee728b)
Start importing Assets/UnitystoreAssets/Cainos/Pixel Art Platformer - Village Props/Tileset Palette/TP Ground/TX Tileset Ground_50.asset using Guid(79b409ead76923446bf835edb1fc03f5) Importer(815301076,1909f56bfc062723c751e8b465ee728b) (PreviewImporter) -> (artifact id: '25b6780c8d768d188ad7e189aac7c879') in 0.0102841 seconds
Number of updated asset objects reloaded before import = 0Number of asset objects unloaded after import = 3

========================================================================
Received Import Request.
  Time since last request: 0.000031 seconds.
  path: Assets/Sprites/props1_656.asset
  artifactKey: Guid(8f6c8dad57c0f634bbcc60de5ea1ad71) Importer(815301076,1909f56bfc062723c751e8b465ee728b)
Start importing Assets/Sprites/props1_656.asset using Guid(8f6c8dad57c0f634bbcc60de5ea1ad71) Importer(815301076,1909f56bfc062723c751e8b465ee728b) (PreviewImporter) -> (artifact id: '1a4196cbf9e30c48eae85c84e08a9763') in 0.0116206 seconds
Number of updated asset objects reloaded before import = 0Number of asset objects unloaded after import = 3

========================================================================
Received Import Request.
  Time since last request: 0.000023 seconds.
  path: Assets/UnitystoreAssets/Cave Platformer Tileset/Example stage layers/bg_08_brown.png
  artifactKey: Guid(5c3a6c4cd5780b542ac2d27c58e0b0cb) Importer(815301076,1909f56bfc062723c751e8b465ee728b)
Start importing Assets/UnitystoreAssets/Cave Platformer Tileset/Example stage layers/bg_08_brown.png using Guid(5c3a6c4cd5780b542ac2d27c58e0b0cb) Importer(815301076,1909f56bfc062723c751e8b465ee728b) (PreviewImporter) -> (artifact id: 'ed3134f7e2586e1ad9f213493acb3d9f') in 0.0182502 seconds
Number of updated asset objects reloaded before import = 0Number of asset objects unloaded after import = 3

========================================================================
Received Import Request.
  Time since last request: 0.000023 seconds.
  path: Assets/Sprites/mainlev_build_411.asset
  artifactKey: Guid(6fbe9fab0cddd0e41b22887c816f2e1b) Importer(815301076,1909f56bfc062723c751e8b465ee728b)
Start importing Assets/Sprites/mainlev_build_411.asset using Guid(6fbe9fab0cddd0e41b22887c816f2e1b) Importer(815301076,1909f56bfc062723c751e8b465ee728b) (PreviewImporter) -> (artifact id: 'a4c40abe77b696f2703c4c084da6dd53') in 0.0105184 seconds
Number of updated asset objects reloaded before import = 0Number of asset objects unloaded after import = 3

========================================================================
Received Import Request.
  Time since last request: 0.000022 seconds.
  path: Assets/Sprites/props1_1120.asset
  artifactKey: Guid(36a0d865567105e44be6a28462cdebeb) Importer(815301076,1909f56bfc062723c751e8b465ee728b)
Start importing Assets/Sprites/props1_1120.asset using Guid(36a0d865567105e44be6a28462cdebeb) Importer(815301076,1909f56bfc062723c751e8b465ee728b) (PreviewImporter) -> (artifact id: 'faddbcb2087cf869ed4e85fdd52ba5fa') in 0.0117114 seconds
Number of updated asset objects reloaded before import = 0Number of asset objects unloaded after import = 3

========================================================================
Received Import Request.
  Time since last request: 0.000022 seconds.
  path: Assets/UnitystoreAssets/2D Pixel Art Platformer Biome - American Forest/Tilemap/TileGround13.asset
  artifactKey: Guid(8d1c039693b380846b2e3eb78712f06a) Importer(815301076,1909f56bfc062723c751e8b465ee728b)
Start importing Assets/UnitystoreAssets/2D Pixel Art Platformer Biome - American Forest/Tilemap/TileGround13.asset using Guid(8d1c039693b380846b2e3eb78712f06a) Importer(815301076,1909f56bfc062723c751e8b465ee728b) (PreviewImporter) -> (artifact id: 'b7dbcc2df52043acdc2268267d79b08e') in 0.0103094 seconds
Number of updated asset objects reloaded before import = 0Number of asset objects unloaded after import = 92

========================================================================
Received Import Request.
  Time since last request: 0.000022 seconds.
  path: Assets/Sprites/props1_1464.asset
  artifactKey: Guid(f2d2587f2f3730d4fabcc6fdbb7fbe0c) Importer(815301076,1909f56bfc062723c751e8b465ee728b)
Start importing Assets/Sprites/props1_1464.asset using Guid(f2d2587f2f3730d4fabcc6fdbb7fbe0c) Importer(815301076,1909f56bfc062723c751e8b465ee728b) (PreviewImporter) -> (artifact id: '4458747c1efb32aa023b3e2e296efd70') in 0.0120097 seconds
Number of updated asset objects reloaded before import = 0Number of asset objects unloaded after import = 3

========================================================================
Received Import Request.
  Time since last request: 0.000022 seconds.
  path: Assets/Sprites/mainlev_build_744.asset
  artifactKey: Guid(496b5afce9e991b4f87e41d973b99582) Importer(815301076,1909f56bfc062723c751e8b465ee728b)
Start importing Assets/Sprites/mainlev_build_744.asset using Guid(496b5afce9e991b4f87e41d973b99582) Importer(815301076,1909f56bfc062723c751e8b465ee728b) (PreviewImporter) -> (artifact id: 'd233893e820f1feda3912b5d7f5be4f3') in 0.0117074 seconds
Number of updated asset objects reloaded before import = 0Number of asset objects unloaded after import = 3

========================================================================
Received Import Request.
  Time since last request: 0.000035 seconds.
  path: Assets/UnitystoreAssets/Cave Platformer Tileset/Individual PNG files/Tileset/bg_cave_blueish_16x16/bg_cave_blueish_16x16_tile_15.png
  artifactKey: Guid(27843cd187f0ded449f912b1414e47c6) Importer(815301076,1909f56bfc062723c751e8b465ee728b)
Start importing Assets/UnitystoreAssets/Cave Platformer Tileset/Individual PNG files/Tileset/bg_cave_blueish_16x16/bg_cave_blueish_16x16_tile_15.png using Guid(27843cd187f0ded449f912b1414e47c6) Importer(815301076,1909f56bfc062723c751e8b465ee728b) (PreviewImporter) -> (artifact id: 'a9ac424036517a16783ff7209681652d') in 0.010428 seconds
Number of updated asset objects reloaded before import = 0Number of asset objects unloaded after import = 3

========================================================================
Received Import Request.
  Time since last request: 0.000028 seconds.
  path: Assets/Sprites/props1_1002.asset
  artifactKey: Guid(4c0713e1392c851439cb07639dbf87bd) Importer(815301076,1909f56bfc062723c751e8b465ee728b)
Start importing Assets/Sprites/props1_1002.asset using Guid(4c0713e1392c851439cb07639dbf87bd) Importer(815301076,1909f56bfc062723c751e8b465ee728b) (PreviewImporter) -> (artifact id: '7abc3e9a0ded328d5496122123262e92') in 0.0114 seconds
Number of updated asset objects reloaded before import = 0Number of asset objects unloaded after import = 3

========================================================================
Received Import Request.
  Time since last request: 0.000022 seconds.
  path: Assets/UnitystoreAssets/Asset FTTGR/Palettes/Blocks/GroundWinter21.asset
  artifactKey: Guid(945f07447d13d5d4f8c348ed79da13e2) Importer(815301076,1909f56bfc062723c751e8b465ee728b)
Start importing Assets/UnitystoreAssets/Asset FTTGR/Palettes/Blocks/GroundWinter21.asset using Guid(945f07447d13d5d4f8c348ed79da13e2) Importer(815301076,1909f56bfc062723c751e8b465ee728b) (PreviewImporter) -> (artifact id: 'd1d3d83793e8a6fb48ab8bb75aef2d92') in 0.0088213 seconds
Number of updated asset objects reloaded before import = 0Number of asset objects unloaded after import = 3

========================================================================
Received Import Request.
  Time since last request: 0.000023 seconds.
  path: Assets/UnitystoreAssets/Cave Platformer Tileset/Individual PNG files/Tileset/bg_cave_blueish_32x16/bg_cave_blueish_32x16_tile_15.png
  artifactKey: Guid(8d8343d2d3898c44c8134d7d1f01ba1d) Importer(815301076,1909f56bfc062723c751e8b465ee728b)
Start importing Assets/UnitystoreAssets/Cave Platformer Tileset/Individual PNG files/Tileset/bg_cave_blueish_32x16/bg_cave_blueish_32x16_tile_15.png using Guid(8d8343d2d3898c44c8134d7d1f01ba1d) Importer(815301076,1909f56bfc062723c751e8b465ee728b) (PreviewImporter) -> (artifact id: '02e6097a2f8e3c9406a376cb18f7dc0b') in 0.0103073 seconds
Number of updated asset objects reloaded before import = 0Number of asset objects unloaded after import = 3

========================================================================
Received Import Request.
  Time since last request: 0.000022 seconds.
  path: Assets/Sprites/props1_713.asset
  artifactKey: Guid(e82bc887508bba840a3bdcb505078afa) Importer(815301076,1909f56bfc062723c751e8b465ee728b)
Start importing Assets/Sprites/props1_713.asset using Guid(e82bc887508bba840a3bdcb505078afa) Importer(815301076,1909f56bfc062723c751e8b465ee728b) (PreviewImporter) -> (artifact id: 'c8aa8d55d20be3b8e40c0d735f262f78') in 0.0117935 seconds
Number of updated asset objects reloaded before import = 0Number of asset objects unloaded after import = 3

========================================================================
Received Import Request.
  Time since last request: 0.000022 seconds.
  path: Assets/UnitystoreAssets/Cave Platformer Tileset/Individual PNG files/Monster/scorpion-brown/scorpion-brown-2.png
  artifactKey: Guid(ad1e48050ad4cd0429cc40f1aac86a84) Importer(815301076,1909f56bfc062723c751e8b465ee728b)
Start importing Assets/UnitystoreAssets/Cave Platformer Tileset/Individual PNG files/Monster/scorpion-brown/scorpion-brown-2.png using Guid(ad1e48050ad4cd0429cc40f1aac86a84) Importer(815301076,1909f56bfc062723c751e8b465ee728b) (PreviewImporter) -> (artifact id: '505c63ec512c40f09060c6130cbbf040') in 0.0106927 seconds
Number of updated asset objects reloaded before import = 0Number of asset objects unloaded after import = 3

========================================================================
Received Import Request.
  Time since last request: 0.000022 seconds.
  path: Assets/UnitystoreAssets/Cave Platformer Tileset/Individual PNG files/Tileset/objects_misc_animated/object_misc_animated_46.png
  artifactKey: Guid(7da438d59f4848845bb8be1cfe56563e) Importer(815301076,1909f56bfc062723c751e8b465ee728b)
Start importing Assets/UnitystoreAssets/Cave Platformer Tileset/Individual PNG files/Tileset/objects_misc_animated/object_misc_animated_46.png using Guid(7da438d59f4848845bb8be1cfe56563e) Importer(815301076,1909f56bfc062723c751e8b465ee728b) (PreviewImporter) -> (artifact id: '3986b556920356021143683b43f543f6') in 0.0108559 seconds
Number of updated asset objects reloaded before import = 0Number of asset objects unloaded after import = 3

========================================================================
Received Import Request.
  Time since last request: 0.000028 seconds.
  path: Assets/Sprites/props1_835.asset
  artifactKey: Guid(6b69fcdc98db7cb47af9cbeb8767b408) Importer(815301076,1909f56bfc062723c751e8b465ee728b)
Start importing Assets/Sprites/props1_835.asset using Guid(6b69fcdc98db7cb47af9cbeb8767b408) Importer(815301076,1909f56bfc062723c751e8b465ee728b) (PreviewImporter) -> (artifact id: '1b266b3e3737db3bace821842ffffbd3') in 0.0121279 seconds
Number of updated asset objects reloaded before import = 0Number of asset objects unloaded after import = 3

========================================================================
Received Import Request.
  Time since last request: 0.000031 seconds.
  path: Assets/Sprites/props1_1580.asset
  artifactKey: Guid(c6e9bff45f21e6947965d36adc6c7628) Importer(815301076,1909f56bfc062723c751e8b465ee728b)
Start importing Assets/Sprites/props1_1580.asset using Guid(c6e9bff45f21e6947965d36adc6c7628) Importer(815301076,1909f56bfc062723c751e8b465ee728b) (PreviewImporter) -> (artifact id: 'b8815ea3dccaa5ba68d0dfa1f73e306e') in 0.0116896 seconds
Number of updated asset objects reloaded before import = 0Number of asset objects unloaded after import = 3

========================================================================
Received Import Request.
  Time since last request: 0.007644 seconds.
  path: Assets/Sprites/props1_651.asset
  artifactKey: Guid(245224c89d287bb45a96396165396540) Importer(815301076,1909f56bfc062723c751e8b465ee728b)
Start importing Assets/Sprites/props1_651.asset using Guid(245224c89d287bb45a96396165396540) Importer(815301076,1909f56bfc062723c751e8b465ee728b) (PreviewImporter) -> (artifact id: '9e0c12819d4b72e720ac0f4a1cc2049e') in 0.0120312 seconds
Number of updated asset objects reloaded before import = 0Number of asset objects unloaded after import = 3

========================================================================
Received Import Request.
  Time since last request: 0.000022 seconds.
  path: Assets/UnitystoreAssets/Asset FTTGR/Palettes/Blocks/MudGround29.asset
  artifactKey: Guid(3f0304fa3a2990246b6b0745d21af432) Importer(815301076,1909f56bfc062723c751e8b465ee728b)
Start importing Assets/UnitystoreAssets/Asset FTTGR/Palettes/Blocks/MudGround29.asset using Guid(3f0304fa3a2990246b6b0745d21af432) Importer(815301076,1909f56bfc062723c751e8b465ee728b) (PreviewImporter) -> (artifact id: '8e4e87c7bd8279863891f22ba5d9fa69') in 0.0090957 seconds
Number of updated asset objects reloaded before import = 0Number of asset objects unloaded after import = 3

========================================================================
Received Import Request.
  Time since last request: 0.000021 seconds.
  path: Assets/Sprites/props1_70.asset
  artifactKey: Guid(86dec78dd2ae3ce4b9ad9cd961b6f09c) Importer(815301076,1909f56bfc062723c751e8b465ee728b)
Start importing Assets/Sprites/props1_70.asset using Guid(86dec78dd2ae3ce4b9ad9cd961b6f09c) Importer(815301076,1909f56bfc062723c751e8b465ee728b) (PreviewImporter) -> (artifact id: 'bd4f0de80da5cdbfdf8f72aaeec9ce29') in 0.0125297 seconds
Number of updated asset objects reloaded before import = 0Number of asset objects unloaded after import = 3

========================================================================
Received Import Request.
  Time since last request: 0.000022 seconds.
  path: Assets/Sprites/props1_833.asset
  artifactKey: Guid(55ef01f47bbdc57419be2794fc3be122) Importer(815301076,1909f56bfc062723c751e8b465ee728b)
Start importing Assets/Sprites/props1_833.asset using Guid(55ef01f47bbdc57419be2794fc3be122) Importer(815301076,1909f56bfc062723c751e8b465ee728b) (PreviewImporter) -> (artifact id: '90fd9a1c308fd20148823755ea297e9c') in 0.0122291 seconds
Number of updated asset objects reloaded before import = 0Number of asset objects unloaded after import = 3

========================================================================
Received Import Request.
  Time since last request: 0.000022 seconds.
  path: Assets/Sprites/props1_1980.asset
  artifactKey: Guid(b4492f8313e93e24c80bc6ca02764648) Importer(815301076,1909f56bfc062723c751e8b465ee728b)
Start importing Assets/Sprites/props1_1980.asset using Guid(b4492f8313e93e24c80bc6ca02764648) Importer(815301076,1909f56bfc062723c751e8b465ee728b) (PreviewImporter) -> (artifact id: 'f1ab341a712a59a10ad538fc7203ded9') in 0.012261 seconds
Number of updated asset objects reloaded before import = 0Number of asset objects unloaded after import = 3

========================================================================
Received Import Request.
  Time since last request: 0.000022 seconds.
  path: Assets/Sprites/props1_1219.asset
  artifactKey: Guid(c0f659f2980c9b64f9ac0fde99a885e1) Importer(815301076,1909f56bfc062723c751e8b465ee728b)
Start importing Assets/Sprites/props1_1219.asset using Guid(c0f659f2980c9b64f9ac0fde99a885e1) Importer(815301076,1909f56bfc062723c751e8b465ee728b) (PreviewImporter) -> (artifact id: '95e16bc7eca733cefae5447a545325b5') in 0.0123661 seconds
Number of updated asset objects reloaded before import = 0Number of asset objects unloaded after import = 3

========================================================================
Received Import Request.
  Time since last request: 0.000023 seconds.
  path: Assets/Sprites/props1_1773.asset
  artifactKey: Guid(318d44b78ee77184d9e209f175bd4cee) Importer(815301076,1909f56bfc062723c751e8b465ee728b)
Start importing Assets/Sprites/props1_1773.asset using Guid(318d44b78ee77184d9e209f175bd4cee) Importer(815301076,1909f56bfc062723c751e8b465ee728b) (PreviewImporter) -> (artifact id: '2e6e82af18c88acecd374d0885303e94') in 0.0122749 seconds
Number of updated asset objects reloaded before import = 0Number of asset objects unloaded after import = 3

========================================================================
Received Import Request.
  Time since last request: 0.000034 seconds.
  path: Assets/Sprites/mainlev_build_765.asset
  artifactKey: Guid(a0bea76b03254a74fb46013fc9670f8c) Importer(815301076,1909f56bfc062723c751e8b465ee728b)
Start importing Assets/Sprites/mainlev_build_765.asset using Guid(a0bea76b03254a74fb46013fc9670f8c) Importer(815301076,1909f56bfc062723c751e8b465ee728b) (PreviewImporter) -> (artifact id: '335a8ec3d3dde0b8420d16b9183e38c9') in 0.0110566 seconds
Number of updated asset objects reloaded before import = 0Number of asset objects unloaded after import = 3

========================================================================
Received Import Request.
  Time since last request: 0.000024 seconds.
  path: Assets/Sprites/mainlev_build_495.asset
  artifactKey: Guid(1e9fb6ba2153bb34ba909bc55b3f7123) Importer(815301076,1909f56bfc062723c751e8b465ee728b)
Start importing Assets/Sprites/mainlev_build_495.asset using Guid(1e9fb6ba2153bb34ba909bc55b3f7123) Importer(815301076,1909f56bfc062723c751e8b465ee728b) (PreviewImporter) -> (artifact id: '3d8f4e2f2ba7c152e9209125f6875312') in 0.0060622 seconds
Number of updated asset objects reloaded before import = 0Number of asset objects unloaded after import = 3

========================================================================
Received Import Request.
  Time since last request: 0.000028 seconds.
  path: Assets/Sprites/mainlev_build_637.asset
  artifactKey: Guid(54f4917ad949b624985e840bbb584434) Importer(815301076,1909f56bfc062723c751e8b465ee728b)
Start importing Assets/Sprites/mainlev_build_637.asset using Guid(54f4917ad949b624985e840bbb584434) Importer(815301076,1909f56bfc062723c751e8b465ee728b) (PreviewImporter) -> (artifact id: '1e3c87918ece4d3ddbb9211de9baae92') in 0.0107542 seconds
Number of updated asset objects reloaded before import = 0Number of asset objects unloaded after import = 3

========================================================================
Received Import Request.
  Time since last request: 0.000022 seconds.
  path: Assets/UnitystoreAssets/Cave Platformer Tileset/Individual PNG files/Tileset/cave_tileset/main_tiles_16x16_47.png
  artifactKey: Guid(a42bb71cebebedf49803643290db4638) Importer(815301076,1909f56bfc062723c751e8b465ee728b)
Start importing Assets/UnitystoreAssets/Cave Platformer Tileset/Individual PNG files/Tileset/cave_tileset/main_tiles_16x16_47.png using Guid(a42bb71cebebedf49803643290db4638) Importer(815301076,1909f56bfc062723c751e8b465ee728b) (PreviewImporter) -> (artifact id: 'e711a225f746edc040a28ec348fade66') in 0.010758 seconds
Number of updated asset objects reloaded before import = 0Number of asset objects unloaded after import = 3

========================================================================
Received Import Request.
  Time since last request: 0.000021 seconds.
  path: Assets/Sprites/props1_1495.asset
  artifactKey: Guid(0b4e17a9fd938f54db2af74660d21b3d) Importer(815301076,1909f56bfc062723c751e8b465ee728b)
Start importing Assets/Sprites/props1_1495.asset using Guid(0b4e17a9fd938f54db2af74660d21b3d) Importer(815301076,1909f56bfc062723c751e8b465ee728b) (PreviewImporter) -> (artifact id: '8ffbe29084984d7d1a3833a9522c23df') in 0.0125735 seconds
Number of updated asset objects reloaded before import = 0Number of asset objects unloaded after import = 3

========================================================================
Received Import Request.
  Time since last request: 0.000030 seconds.
  path: Assets/Sprites/props1_1154.asset
  artifactKey: Guid(c63240c56044c304a9e38252d3357bb1) Importer(815301076,1909f56bfc062723c751e8b465ee728b)
Start importing Assets/Sprites/props1_1154.asset using Guid(c63240c56044c304a9e38252d3357bb1) Importer(815301076,1909f56bfc062723c751e8b465ee728b) (PreviewImporter) -> (artifact id: 'bb5836503932e294f15cd3decb4bb5c0') in 0.0123612 seconds
Number of updated asset objects reloaded before import = 0Number of asset objects unloaded after import = 3

========================================================================
Received Import Request.
  Time since last request: 0.000026 seconds.
  path: Assets/UnitystoreAssets/Asset FTTGR/Palettes/Decorations
  artifactKey: Guid(a0977a1f6fc87904491c2935c5e7cd62) Importer(815301076,1909f56bfc062723c751e8b465ee728b)
Start importing Assets/UnitystoreAssets/Asset FTTGR/Palettes/Decorations using Guid(a0977a1f6fc87904491c2935c5e7cd62) Importer(815301076,1909f56bfc062723c751e8b465ee728b) (PreviewImporter) -> (artifact id: '70c5804b4071625a2f919b6fcacd9625') in 0.0005212 seconds
Number of updated asset objects reloaded before import = 0Number of asset objects unloaded after import = 0

========================================================================
Received Import Request.
  Time since last request: 0.000025 seconds.
  path: Assets/UnitystoreAssets/Asset FTTGR/Palettes/Blocks/GrassGround29.asset
  artifactKey: Guid(0525235a5573d704a9cb735c7967cc2f) Importer(815301076,1909f56bfc062723c751e8b465ee728b)
Start importing Assets/UnitystoreAssets/Asset FTTGR/Palettes/Blocks/GrassGround29.asset using Guid(0525235a5573d704a9cb735c7967cc2f) Importer(815301076,1909f56bfc062723c751e8b465ee728b) (PreviewImporter) -> (artifact id: '02662a369815e07238304c86b08c33cd') in 0.0090891 seconds
Number of updated asset objects reloaded before import = 0Number of asset objects unloaded after import = 3

========================================================================
Received Import Request.
  Time since last request: 0.000031 seconds.
  path: Assets/Sprites/props1_866.asset
  artifactKey: Guid(85ecabae4da8c0748a202fc7b0929ce7) Importer(815301076,1909f56bfc062723c751e8b465ee728b)
Start importing Assets/Sprites/props1_866.asset using Guid(85ecabae4da8c0748a202fc7b0929ce7) Importer(815301076,1909f56bfc062723c751e8b465ee728b) (PreviewImporter) -> (artifact id: '0243d00356c2549e50397cfd9ac90d37') in 0.0120846 seconds
Number of updated asset objects reloaded before import = 0Number of asset objects unloaded after import = 3

========================================================================
Received Import Request.
  Time since last request: 0.000023 seconds.
  path: Assets/UnitystoreAssets/Cave Platformer Tileset/Individual PNG files/Tileset/bg_cave_blueish_16x32
  artifactKey: Guid(265d9383e1c385c47ab7f8e0839aa45d) Importer(815301076,1909f56bfc062723c751e8b465ee728b)
Start importing Assets/UnitystoreAssets/Cave Platformer Tileset/Individual PNG files/Tileset/bg_cave_blueish_16x32 using Guid(265d9383e1c385c47ab7f8e0839aa45d) Importer(815301076,1909f56bfc062723c751e8b465ee728b) (PreviewImporter) -> (artifact id: '0d8f8525146488fb638038c791aa98b7') in 0.0005747 seconds
Number of updated asset objects reloaded before import = 0Number of asset objects unloaded after import = 0

========================================================================
Received Import Request.
  Time since last request: 0.000023 seconds.
  path: Assets/UnitystoreAssets/Asset FTTGR/Palettes/Decorations/GroundInBackground26.asset
  artifactKey: Guid(c3f1346b5610fd34f8be155c1f34dfa1) Importer(815301076,1909f56bfc062723c751e8b465ee728b)
Start importing Assets/UnitystoreAssets/Asset FTTGR/Palettes/Decorations/GroundInBackground26.asset using Guid(c3f1346b5610fd34f8be155c1f34dfa1) Importer(815301076,1909f56bfc062723c751e8b465ee728b) (PreviewImporter) -> (artifact id: 'acccee4a6b11ace3844a7c5ef8885fa1') in 0.0094702 seconds
Number of updated asset objects reloaded before import = 0Number of asset objects unloaded after import = 3

========================================================================
Received Import Request.
  Time since last request: 0.000022 seconds.
  path: Assets/UnitystoreAssets/Cave Platformer Tileset/Individual PNG files/Tileset/objects_misc_animated/object_misc_animated_19.png
  artifactKey: Guid(18641a914947a1c47afe3ef4c37c53ee) Importer(815301076,1909f56bfc062723c751e8b465ee728b)
Start importing Assets/UnitystoreAssets/Cave Platformer Tileset/Individual PNG files/Tileset/objects_misc_animated/object_misc_animated_19.png using Guid(18641a914947a1c47afe3ef4c37c53ee) Importer(815301076,1909f56bfc062723c751e8b465ee728b) (PreviewImporter) -> (artifact id: 'c97a1230f961dc3624b64ad23261baf9') in 0.0121325 seconds
Number of updated asset objects reloaded before import = 0Number of asset objects unloaded after import = 3

========================================================================
Received Import Request.
  Time since last request: 0.000021 seconds.
  path: Assets/UnitystoreAssets/Cave Platformer Tileset/Individual PNG files/Tileset/bg_objects/bg_objects_16.png
  artifactKey: Guid(35f55cfcd0fc80847a840ec227b67132) Importer(815301076,1909f56bfc062723c751e8b465ee728b)
Start importing Assets/UnitystoreAssets/Cave Platformer Tileset/Individual PNG files/Tileset/bg_objects/bg_objects_16.png using Guid(35f55cfcd0fc80847a840ec227b67132) Importer(815301076,1909f56bfc062723c751e8b465ee728b) (PreviewImporter) -> (artifact id: '90803602f75c3a43988344775f54bae7') in 0.0114531 seconds
Number of updated asset objects reloaded before import = 0Number of asset objects unloaded after import = 3

========================================================================
Received Import Request.
  Time since last request: 0.000022 seconds.
  path: Assets/Sprites/props1_1385.asset
  artifactKey: Guid(7c292833e00d9c045994cd4c2c419e16) Importer(815301076,1909f56bfc062723c751e8b465ee728b)
Start importing Assets/Sprites/props1_1385.asset using Guid(7c292833e00d9c045994cd4c2c419e16) Importer(815301076,1909f56bfc062723c751e8b465ee728b) (PreviewImporter) -> (artifact id: '893edb2e31f331095536da1d03478bbc') in 0.006752 seconds
Number of updated asset objects reloaded before import = 0Number of asset objects unloaded after import = 3

========================================================================
Received Import Request.
  Time since last request: 0.000023 seconds.
  path: Assets/Sprites/props1_1936.asset
  artifactKey: Guid(700003488627ddb4c8e7c3ddb574a8a5) Importer(815301076,1909f56bfc062723c751e8b465ee728b)
Start importing Assets/Sprites/props1_1936.asset using Guid(700003488627ddb4c8e7c3ddb574a8a5) Importer(815301076,1909f56bfc062723c751e8b465ee728b) (PreviewImporter) -> (artifact id: '6807747e4f7ba3a07fbecf4b1a0612a1') in 0.0121798 seconds
Number of updated asset objects reloaded before import = 0Number of asset objects unloaded after import = 3

========================================================================
Received Import Request.
  Time since last request: 0.000033 seconds.
  path: Assets/UnitystoreAssets/Cave Platformer Tileset/Individual PNG files/Tileset/trees-trunk-lightbrown/trees-trunk-lightbrown-59.png
  artifactKey: Guid(3424e295c10866c45add4cdbca0c3d9b) Importer(815301076,1909f56bfc062723c751e8b465ee728b)
Start importing Assets/UnitystoreAssets/Cave Platformer Tileset/Individual PNG files/Tileset/trees-trunk-lightbrown/trees-trunk-lightbrown-59.png using Guid(3424e295c10866c45add4cdbca0c3d9b) Importer(815301076,1909f56bfc062723c751e8b465ee728b) (PreviewImporter) -> (artifact id: '97370658585b26c0ce7bcce42abeb61a') in 0.0119411 seconds
Number of updated asset objects reloaded before import = 0Number of asset objects unloaded after import = 3

========================================================================
Received Import Request.
  Time since last request: 0.000032 seconds.
  path: Assets/Sprites/props1_1534.asset
  artifactKey: Guid(d474a8c71383d19459a35084867f40d5) Importer(815301076,1909f56bfc062723c751e8b465ee728b)
Start importing Assets/Sprites/props1_1534.asset using Guid(d474a8c71383d19459a35084867f40d5) Importer(815301076,1909f56bfc062723c751e8b465ee728b) (PreviewImporter) -> (artifact id: '8efed4940803c6547ec7d07d46697063') in 0.0116015 seconds
Number of updated asset objects reloaded before import = 0Number of asset objects unloaded after import = 3

========================================================================
Received Import Request.
  Time since last request: 0.000022 seconds.
  path: Assets/Sprites/props1_1346.asset
  artifactKey: Guid(ceaccd7e6f7337142953bbcee3503917) Importer(815301076,1909f56bfc062723c751e8b465ee728b)
Start importing Assets/Sprites/props1_1346.asset using Guid(ceaccd7e6f7337142953bbcee3503917) Importer(815301076,1909f56bfc062723c751e8b465ee728b) (PreviewImporter) -> (artifact id: '6dbb1cd43c8fb1ac1f4a64d8afe2dd01') in 0.0120382 seconds
Number of updated asset objects reloaded before import = 0Number of asset objects unloaded after import = 3

========================================================================
Received Import Request.
  Time since last request: 0.000036 seconds.
  path: Assets/Sprites/props1_525.asset
  artifactKey: Guid(d542261795c2d6e43b7019591fcb023f) Importer(815301076,1909f56bfc062723c751e8b465ee728b)
Start importing Assets/Sprites/props1_525.asset using Guid(d542261795c2d6e43b7019591fcb023f) Importer(815301076,1909f56bfc062723c751e8b465ee728b) (PreviewImporter) -> (artifact id: '2759b78b7807e4b8aad1a0582ec2b2aa') in 0.029234 seconds
Number of updated asset objects reloaded before import = 0Number of asset objects unloaded after import = 3

========================================================================
Received Import Request.
  Time since last request: 0.000045 seconds.
  path: Assets/Sprites/mainlev_build_271.asset
  artifactKey: Guid(3a57f8fa01bdd2546ad18c70336b923c) Importer(815301076,1909f56bfc062723c751e8b465ee728b)
Start importing Assets/Sprites/mainlev_build_271.asset using Guid(3a57f8fa01bdd2546ad18c70336b923c) Importer(815301076,1909f56bfc062723c751e8b465ee728b) (PreviewImporter) -> (artifact id: '3683269ba0be455796ce75e287c045ef') in 0.011794 seconds
Number of updated asset objects reloaded before import = 0Number of asset objects unloaded after import = 3

========================================================================
Received Import Request.
  Time since last request: 0.000021 seconds.
  path: Assets/Sprites/props1_1301.asset
  artifactKey: Guid(921cc8263d1f56e47b8622243ec8e56a) Importer(815301076,1909f56bfc062723c751e8b465ee728b)
Start importing Assets/Sprites/props1_1301.asset using Guid(921cc8263d1f56e47b8622243ec8e56a) Importer(815301076,1909f56bfc062723c751e8b465ee728b) (PreviewImporter) -> (artifact id: '339e0152e839b492c905bb23ae3288c1') in 0.0130028 seconds
Number of updated asset objects reloaded before import = 0Number of asset objects unloaded after import = 3

========================================================================
Received Import Request.
  Time since last request: 0.000024 seconds.
  path: Assets/UnitystoreAssets/Asset FTTGR/Palettes/Blocks/GrassGround27.asset
  artifactKey: Guid(61e8579f7dffc1b458600b3da2478a01) Importer(815301076,1909f56bfc062723c751e8b465ee728b)
Start importing Assets/UnitystoreAssets/Asset FTTGR/Palettes/Blocks/GrassGround27.asset using Guid(61e8579f7dffc1b458600b3da2478a01) Importer(815301076,1909f56bfc062723c751e8b465ee728b) (PreviewImporter) -> (artifact id: 'a89287b9af1c3df0eac168d57825b016') in 0.0086834 seconds
Number of updated asset objects reloaded before import = 0Number of asset objects unloaded after import = 3

========================================================================
Received Import Request.
  Time since last request: 0.000024 seconds.
  path: Assets/UnitystoreAssets/Cave Platformer Tileset/Individual PNG files/Tileset/bg_objects/bg_objects_08.png
  artifactKey: Guid(9c768b7eb566b774e87c21811a6c9089) Importer(815301076,1909f56bfc062723c751e8b465ee728b)
Start importing Assets/UnitystoreAssets/Cave Platformer Tileset/Individual PNG files/Tileset/bg_objects/bg_objects_08.png using Guid(9c768b7eb566b774e87c21811a6c9089) Importer(815301076,1909f56bfc062723c751e8b465ee728b) (PreviewImporter) -> (artifact id: '5d68a2ec75c16848102227e798471b55') in 0.0124005 seconds
Number of updated asset objects reloaded before import = 0Number of asset objects unloaded after import = 3

========================================================================
Received Import Request.
  Time since last request: 0.000030 seconds.
  path: Assets/Sprites/props1_1257.asset
  artifactKey: Guid(fac11759bc14f0c4f893d92781c859cd) Importer(815301076,1909f56bfc062723c751e8b465ee728b)
Start importing Assets/Sprites/props1_1257.asset using Guid(fac11759bc14f0c4f893d92781c859cd) Importer(815301076,1909f56bfc062723c751e8b465ee728b) (PreviewImporter) -> (artifact id: '5c22d3a2f0bbde0fa9e6815a65350264') in 0.0120499 seconds
Number of updated asset objects reloaded before import = 0Number of asset objects unloaded after import = 3

========================================================================
Received Import Request.
  Time since last request: 0.000023 seconds.
  path: Assets/Sprites/props1_2081.asset
  artifactKey: Guid(48ec7ad08f34db64dac92512c3551df1) Importer(815301076,1909f56bfc062723c751e8b465ee728b)
Start importing Assets/Sprites/props1_2081.asset using Guid(48ec7ad08f34db64dac92512c3551df1) Importer(815301076,1909f56bfc062723c751e8b465ee728b) (PreviewImporter) -> (artifact id: '645e75c6ffa21737bf25f00748c2cb40') in 0.0125072 seconds
Number of updated asset objects reloaded before import = 0Number of asset objects unloaded after import = 3

========================================================================
Received Import Request.
  Time since last request: 0.000022 seconds.
  path: Assets/Sprites/props1_589.asset
  artifactKey: Guid(688d515aebd7c5b4994d731b61757f50) Importer(815301076,1909f56bfc062723c751e8b465ee728b)
Start importing Assets/Sprites/props1_589.asset using Guid(688d515aebd7c5b4994d731b61757f50) Importer(815301076,1909f56bfc062723c751e8b465ee728b) (PreviewImporter) -> (artifact id: 'befcc15ebff377ab87e68f0156152577') in 0.0120952 seconds
Number of updated asset objects reloaded before import = 0Number of asset objects unloaded after import = 3

========================================================================
Received Import Request.
  Time since last request: 0.000031 seconds.
  path: Assets/Sprites/mainlev_build_113.asset
  artifactKey: Guid(600d3b76bd2db4d4fa00e837aef430b9) Importer(815301076,1909f56bfc062723c751e8b465ee728b)
Start importing Assets/Sprites/mainlev_build_113.asset using Guid(600d3b76bd2db4d4fa00e837aef430b9) Importer(815301076,1909f56bfc062723c751e8b465ee728b) (PreviewImporter) -> (artifact id: 'c07265dcfa12c37ee4a2915dc4e1ab95') in 0.0130345 seconds
Number of updated asset objects reloaded before import = 0Number of asset objects unloaded after import = 3

========================================================================
Received Import Request.
  Time since last request: 0.000026 seconds.
  path: Assets/Sprites/mainlev_build_344.asset
  artifactKey: Guid(167121d185413a149a7363ce5e264f80) Importer(815301076,1909f56bfc062723c751e8b465ee728b)
Start importing Assets/Sprites/mainlev_build_344.asset using Guid(167121d185413a149a7363ce5e264f80) Importer(815301076,1909f56bfc062723c751e8b465ee728b) (PreviewImporter) -> (artifact id: '255cfe92cf837e7e4f104f0c7d04f672') in 0.0116267 seconds
Number of updated asset objects reloaded before import = 0Number of asset objects unloaded after import = 3

========================================================================
Received Import Request.
  Time since last request: 0.000022 seconds.
  path: Assets/UnitystoreAssets/Cave Platformer Tileset/Individual PNG files/Tileset/bg_cave_blueish_32x16/bg_cave_blueish_32x16_tile_09.png
  artifactKey: Guid(dc9202e9846dd65479f387d89881b22d) Importer(815301076,1909f56bfc062723c751e8b465ee728b)
Start importing Assets/UnitystoreAssets/Cave Platformer Tileset/Individual PNG files/Tileset/bg_cave_blueish_32x16/bg_cave_blueish_32x16_tile_09.png using Guid(dc9202e9846dd65479f387d89881b22d) Importer(815301076,1909f56bfc062723c751e8b465ee728b) (PreviewImporter) -> (artifact id: '645d326cb29d0f88f209bf9953905778') in 0.0110493 seconds
Number of updated asset objects reloaded before import = 0Number of asset objects unloaded after import = 3

========================================================================
Received Import Request.
  Time since last request: 0.000023 seconds.
  path: Assets/karsiori/TileMap/Tiles/Tilesheet - WOODS_64.asset
  artifactKey: Guid(df52d654f80c6f843a559c24812871d6) Importer(815301076,1909f56bfc062723c751e8b465ee728b)
Start importing Assets/karsiori/TileMap/Tiles/Tilesheet - WOODS_64.asset using Guid(df52d654f80c6f843a559c24812871d6) Importer(815301076,1909f56bfc062723c751e8b465ee728b) (PreviewImporter) -> (artifact id: 'ad557989d23474d700d04df971fc116c') in 0.0097816 seconds
Number of updated asset objects reloaded before import = 0Number of asset objects unloaded after import = 3

========================================================================
Received Import Request.
  Time since last request: 0.000034 seconds.
  path: Assets/Sprites/props1_995.asset
  artifactKey: Guid(d6134a15d7a363c4ba8b7d95fbff81bf) Importer(815301076,1909f56bfc062723c751e8b465ee728b)
Start importing Assets/Sprites/props1_995.asset using Guid(d6134a15d7a363c4ba8b7d95fbff81bf) Importer(815301076,1909f56bfc062723c751e8b465ee728b) (PreviewImporter) -> (artifact id: '7beaef2fe7444c1a6ed317c953a42ffb') in 0.0121624 seconds
Number of updated asset objects reloaded before import = 0Number of asset objects unloaded after import = 3

========================================================================
Received Import Request.
  Time since last request: 0.000026 seconds.
  path: Assets/Sprites/props1_254.asset
  artifactKey: Guid(b7af8ac3a4a618c4190f25bf9f3d51dd) Importer(815301076,1909f56bfc062723c751e8b465ee728b)
Start importing Assets/Sprites/props1_254.asset using Guid(b7af8ac3a4a618c4190f25bf9f3d51dd) Importer(815301076,1909f56bfc062723c751e8b465ee728b) (PreviewImporter) -> (artifact id: '79bd90bd21bada3105e594efba8fd224') in 0.0121741 seconds
Number of updated asset objects reloaded before import = 0Number of asset objects unloaded after import = 3

========================================================================
Received Import Request.
  Time since last request: 0.000022 seconds.
  path: Assets/Sprites/props1_955.asset
  artifactKey: Guid(ec3114436fb1cac43998eb923ef7b3d9) Importer(815301076,1909f56bfc062723c751e8b465ee728b)
Start importing Assets/Sprites/props1_955.asset using Guid(ec3114436fb1cac43998eb923ef7b3d9) Importer(815301076,1909f56bfc062723c751e8b465ee728b) (PreviewImporter) -> (artifact id: '2510e67a2bd2c726c1199275aafb3374') in 0.0127337 seconds
Number of updated asset objects reloaded before import = 0Number of asset objects unloaded after import = 3

========================================================================
Received Import Request.
  Time since last request: 0.000021 seconds.
  path: Assets/karsiori/TileMap/Tiles/Tilesheet - WOODS_17.asset
  artifactKey: Guid(d0ba0aece1cfe864ca3317c8391ef9b5) Importer(815301076,1909f56bfc062723c751e8b465ee728b)
Start importing Assets/karsiori/TileMap/Tiles/Tilesheet - WOODS_17.asset using Guid(d0ba0aece1cfe864ca3317c8391ef9b5) Importer(815301076,1909f56bfc062723c751e8b465ee728b) (PreviewImporter) -> (artifact id: 'e881453a5dc394c16db7e83aeef5a2e2') in 0.0097918 seconds
Number of updated asset objects reloaded before import = 0Number of asset objects unloaded after import = 3

========================================================================
Received Import Request.
  Time since last request: 0.000021 seconds.
  path: Assets/Sprites/mainlev_build_845.asset
  artifactKey: Guid(6d40533e799476f46966ac3923a9df76) Importer(815301076,1909f56bfc062723c751e8b465ee728b)
Start importing Assets/Sprites/mainlev_build_845.asset using Guid(6d40533e799476f46966ac3923a9df76) Importer(815301076,1909f56bfc062723c751e8b465ee728b) (PreviewImporter) -> (artifact id: '11ed472d5a37e17836b5f39bdd40bd3c') in 0.0110441 seconds
Number of updated asset objects reloaded before import = 0Number of asset objects unloaded after import = 3

========================================================================
Received Import Request.
  Time since last request: 0.000022 seconds.
  path: Assets/UnitystoreAssets/Cave Platformer Tileset/Individual PNG files/Monster/scorpion-red/scorpion-red-24.png
  artifactKey: Guid(ae08abd14678d044d91be9412b3ab935) Importer(815301076,1909f56bfc062723c751e8b465ee728b)
Start importing Assets/UnitystoreAssets/Cave Platformer Tileset/Individual PNG files/Monster/scorpion-red/scorpion-red-24.png using Guid(ae08abd14678d044d91be9412b3ab935) Importer(815301076,1909f56bfc062723c751e8b465ee728b) (PreviewImporter) -> (artifact id: 'e843a233cca34d5fb90d699ff09aa036') in 0.0120546 seconds
Number of updated asset objects reloaded before import = 0Number of asset objects unloaded after import = 3

========================================================================
Received Import Request.
  Time since last request: 0.000022 seconds.
  path: Assets/Sprites/props1_1881.asset
  artifactKey: Guid(cb99f4047881d75459e414670bc61c95) Importer(815301076,1909f56bfc062723c751e8b465ee728b)
Start importing Assets/Sprites/props1_1881.asset using Guid(cb99f4047881d75459e414670bc61c95) Importer(815301076,1909f56bfc062723c751e8b465ee728b) (PreviewImporter) -> (artifact id: '27feef88661b93274a0e49eabc7149ef') in 0.0132288 seconds
Number of updated asset objects reloaded before import = 0Number of asset objects unloaded after import = 3

========================================================================
Received Import Request.
  Time since last request: 0.000031 seconds.
  path: Assets/Sprites/props1_629.asset
  artifactKey: Guid(264d500f8b822bd4480a3ecd1e7b9d18) Importer(815301076,1909f56bfc062723c751e8b465ee728b)
Start importing Assets/Sprites/props1_629.asset using Guid(264d500f8b822bd4480a3ecd1e7b9d18) Importer(815301076,1909f56bfc062723c751e8b465ee728b) (PreviewImporter) -> (artifact id: '4a2f336ef26e36f373b25339bfbdf896') in 0.0135187 seconds
Number of updated asset objects reloaded before import = 0Number of asset objects unloaded after import = 3

========================================================================
Received Import Request.
  Time since last request: 0.000033 seconds.
  path: Assets/Sprites/mainlev_build_624.asset
  artifactKey: Guid(054c73bad7c7ecf4b9ff6741da06f85e) Importer(815301076,1909f56bfc062723c751e8b465ee728b)
Start importing Assets/Sprites/mainlev_build_624.asset using Guid(054c73bad7c7ecf4b9ff6741da06f85e) Importer(815301076,1909f56bfc062723c751e8b465ee728b) (PreviewImporter) -> (artifact id: '433ea7a2f7fd99050539fb1f3ad19951') in 0.0116904 seconds
Number of updated asset objects reloaded before import = 0Number of asset objects unloaded after import = 3

========================================================================
Received Import Request.
  Time since last request: 0.000022 seconds.
  path: Assets/Sprites/props1_2147.asset
  artifactKey: Guid(f8d3a68679113a64992f7c523c25a06c) Importer(815301076,1909f56bfc062723c751e8b465ee728b)
Start importing Assets/Sprites/props1_2147.asset using Guid(f8d3a68679113a64992f7c523c25a06c) Importer(815301076,1909f56bfc062723c751e8b465ee728b) (PreviewImporter) -> (artifact id: '2e7bbfafef636637aa0dc23c2e8a2995') in 0.0126718 seconds
Number of updated asset objects reloaded before import = 0Number of asset objects unloaded after import = 3

========================================================================
Received Import Request.
  Time since last request: 0.000022 seconds.
  path: Assets/Sprites/mainlev_build_475.asset
  artifactKey: Guid(c8688d8b46c3f4e4ca2784db9834ff3a) Importer(815301076,1909f56bfc062723c751e8b465ee728b)
Start importing Assets/Sprites/mainlev_build_475.asset using Guid(c8688d8b46c3f4e4ca2784db9834ff3a) Importer(815301076,1909f56bfc062723c751e8b465ee728b) (PreviewImporter) -> (artifact id: '570fa7e8a6b2b583bf21892c2015fe04') in 0.0110011 seconds
Number of updated asset objects reloaded before import = 0Number of asset objects unloaded after import = 3

========================================================================
Received Import Request.
  Time since last request: 0.000022 seconds.
  path: Assets/Sprites/props1_2151.asset
  artifactKey: Guid(6ff1d00c04f8591438ea5e26dbb3f9bd) Importer(815301076,1909f56bfc062723c751e8b465ee728b)
Start importing Assets/Sprites/props1_2151.asset using Guid(6ff1d00c04f8591438ea5e26dbb3f9bd) Importer(815301076,1909f56bfc062723c751e8b465ee728b) (PreviewImporter) -> (artifact id: '384556ccab26ed7a3348e2c40a8928bd') in 0.0129202 seconds
Number of updated asset objects reloaded before import = 0Number of asset objects unloaded after import = 3

========================================================================
Received Import Request.
  Time since last request: 0.000022 seconds.
  path: Assets/Sprites/props1_487.asset
  artifactKey: Guid(38886cfdedffe0d48841e44b1677f204) Importer(815301076,1909f56bfc062723c751e8b465ee728b)
Start importing Assets/Sprites/props1_487.asset using Guid(38886cfdedffe0d48841e44b1677f204) Importer(815301076,1909f56bfc062723c751e8b465ee728b) (PreviewImporter) -> (artifact id: 'c1eec6a01c1991c6759524ea753b372b') in 0.0119907 seconds
Number of updated asset objects reloaded before import = 0Number of asset objects unloaded after import = 3

========================================================================
Received Import Request.
  Time since last request: 0.000022 seconds.
  path: Assets/Sprites/mainlev_build_227.asset
  artifactKey: Guid(a9f206853a0b32b4e8190775c60ebf5d) Importer(815301076,1909f56bfc062723c751e8b465ee728b)
Start importing Assets/Sprites/mainlev_build_227.asset using Guid(a9f206853a0b32b4e8190775c60ebf5d) Importer(815301076,1909f56bfc062723c751e8b465ee728b) (PreviewImporter) -> (artifact id: 'd0a4fba2ff7ec8a32236d727e93305f0') in 0.0122998 seconds
Number of updated asset objects reloaded before import = 0Number of asset objects unloaded after import = 3

========================================================================
Received Import Request.
  Time since last request: 0.000021 seconds.
  path: Assets/Sprites/props1_1315.asset
  artifactKey: Guid(4c4ded05005054c42a16244ac1c87f27) Importer(815301076,1909f56bfc062723c751e8b465ee728b)
Start importing Assets/Sprites/props1_1315.asset using Guid(4c4ded05005054c42a16244ac1c87f27) Importer(815301076,1909f56bfc062723c751e8b465ee728b) (PreviewImporter) -> (artifact id: 'a4e5a5db6fcb244c137a164a9f04a821') in 0.0128651 seconds
Number of updated asset objects reloaded before import = 0Number of asset objects unloaded after import = 3

========================================================================
Received Import Request.
  Time since last request: 0.000027 seconds.
  path: Assets/Sprites/props1_715.asset
  artifactKey: Guid(7c4120f091a5d804ab5005537ffa9245) Importer(815301076,1909f56bfc062723c751e8b465ee728b)
Start importing Assets/Sprites/props1_715.asset using Guid(7c4120f091a5d804ab5005537ffa9245) Importer(815301076,1909f56bfc062723c751e8b465ee728b) (PreviewImporter) -> (artifact id: 'ccad88d34f64beaa5ea35d2755faf008') in 0.0119378 seconds
Number of updated asset objects reloaded before import = 0Number of asset objects unloaded after import = 3

========================================================================
Received Import Request.
  Time since last request: 0.000046 seconds.
  path: Assets/Sprites/props1_1783.asset
  artifactKey: Guid(00af2f8182ec15c4eb92bf09ea4eacc0) Importer(815301076,1909f56bfc062723c751e8b465ee728b)
Start importing Assets/Sprites/props1_1783.asset using Guid(00af2f8182ec15c4eb92bf09ea4eacc0) Importer(815301076,1909f56bfc062723c751e8b465ee728b) (PreviewImporter) -> (artifact id: 'e35eb0c915ba90324ad9578cce642db7') in 0.012207 seconds
Number of updated asset objects reloaded before import = 0Number of asset objects unloaded after import = 3

========================================================================
Received Import Request.
  Time since last request: 0.000032 seconds.
  path: Assets/Sprites/props1_898.asset
  artifactKey: Guid(5a0adc2de3caf0644b05c5f7ddfaa586) Importer(815301076,1909f56bfc062723c751e8b465ee728b)
Start importing Assets/Sprites/props1_898.asset using Guid(5a0adc2de3caf0644b05c5f7ddfaa586) Importer(815301076,1909f56bfc062723c751e8b465ee728b) (PreviewImporter) -> (artifact id: 'd1b9db39025a82fc2b26ca8179123031') in 0.0125924 seconds
Number of updated asset objects reloaded before import = 0Number of asset objects unloaded after import = 3

========================================================================
Received Import Request.
  Time since last request: 0.000022 seconds.
  path: Assets/Sprites/props1_1721.asset
  artifactKey: Guid(20ef856f4c000e34ca3c2c03db3947d9) Importer(815301076,1909f56bfc062723c751e8b465ee728b)
Start importing Assets/Sprites/props1_1721.asset using Guid(20ef856f4c000e34ca3c2c03db3947d9) Importer(815301076,1909f56bfc062723c751e8b465ee728b) (PreviewImporter) -> (artifact id: 'e73b2819a6e79ac160e05bab0b3df673') in 0.0128611 seconds
Number of updated asset objects reloaded before import = 0Number of asset objects unloaded after import = 3

========================================================================
Received Import Request.
  Time since last request: 0.000022 seconds.
  path: Assets/Sprites/props1_96.asset
  artifactKey: Guid(1b15e8dce76949e4e81fe863b32a1e86) Importer(815301076,1909f56bfc062723c751e8b465ee728b)
Start importing Assets/Sprites/props1_96.asset using Guid(1b15e8dce76949e4e81fe863b32a1e86) Importer(815301076,1909f56bfc062723c751e8b465ee728b) (PreviewImporter) -> (artifact id: '6e04e8232b5bfe05a19090f40042c4eb') in 0.0127161 seconds
Number of updated asset objects reloaded before import = 0Number of asset objects unloaded after import = 3

========================================================================
Received Import Request.
  Time since last request: 0.000023 seconds.
  path: Assets/UnitystoreAssets/Cave Platformer Tileset/Individual PNG files/Tileset/trees-trunk-lightbrown/trees-trunk-lightbrown-9.png
  artifactKey: Guid(be5b9360e12da374e9ca7dc3450488f4) Importer(815301076,1909f56bfc062723c751e8b465ee728b)
Start importing Assets/UnitystoreAssets/Cave Platformer Tileset/Individual PNG files/Tileset/trees-trunk-lightbrown/trees-trunk-lightbrown-9.png using Guid(be5b9360e12da374e9ca7dc3450488f4) Importer(815301076,1909f56bfc062723c751e8b465ee728b) (PreviewImporter) -> (artifact id: 'cf5b9c92fdc3edf020b2e7eb9294ae0b') in 0.0125651 seconds
Number of updated asset objects reloaded before import = 0Number of asset objects unloaded after import = 3

========================================================================
Received Import Request.
  Time since last request: 0.000021 seconds.
  path: Assets/UnitystoreAssets/Cave Platformer Tileset/Individual PNG files/Tileset/trees-trunk-dark/trees-trunk-dark-31.png
  artifactKey: Guid(5787a76d6cb1af244847d8b2ee11b907) Importer(815301076,1909f56bfc062723c751e8b465ee728b)
Start importing Assets/UnitystoreAssets/Cave Platformer Tileset/Individual PNG files/Tileset/trees-trunk-dark/trees-trunk-dark-31.png using Guid(5787a76d6cb1af244847d8b2ee11b907) Importer(815301076,1909f56bfc062723c751e8b465ee728b) (PreviewImporter) -> (artifact id: 'd604873ef0f12ffc5cc8c8fffa3d7160') in 0.0114168 seconds
Number of updated asset objects reloaded before import = 0Number of asset objects unloaded after import = 3

========================================================================
Received Import Request.
  Time since last request: 0.000021 seconds.
  path: Assets/Sprites/props1_1972.asset
  artifactKey: Guid(06a60ffe5218f3e43853db7f386903d2) Importer(815301076,1909f56bfc062723c751e8b465ee728b)
Start importing Assets/Sprites/props1_1972.asset using Guid(06a60ffe5218f3e43853db7f386903d2) Importer(815301076,1909f56bfc062723c751e8b465ee728b) (PreviewImporter) -> (artifact id: '48c2bc93559fda8eed3f08b6c5dee5f7') in 0.0123253 seconds
Number of updated asset objects reloaded before import = 0Number of asset objects unloaded after import = 3

========================================================================
Received Import Request.
  Time since last request: 0.000024 seconds.
  path: Assets/Sprites/props1_308.asset
  artifactKey: Guid(3b4927ceea3d00448ae2330fbc98dd2e) Importer(815301076,1909f56bfc062723c751e8b465ee728b)
Start importing Assets/Sprites/props1_308.asset using Guid(3b4927ceea3d00448ae2330fbc98dd2e) Importer(815301076,1909f56bfc062723c751e8b465ee728b) (PreviewImporter) -> (artifact id: '6f955647d6fb3e13da546ea427c8a91a') in 0.0127164 seconds
Number of updated asset objects reloaded before import = 0Number of asset objects unloaded after import = 3

========================================================================
Received Import Request.
  Time since last request: 0.000031 seconds.
  path: Assets/Sprites/props1_341.asset
  artifactKey: Guid(1dd73bd94c28e0c43b17136148dc9635) Importer(815301076,1909f56bfc062723c751e8b465ee728b)
Start importing Assets/Sprites/props1_341.asset using Guid(1dd73bd94c28e0c43b17136148dc9635) Importer(815301076,1909f56bfc062723c751e8b465ee728b) (PreviewImporter) -> (artifact id: '9ec154772a59e4824edd6bb8ed60f696') in 0.0133562 seconds
Number of updated asset objects reloaded before import = 0Number of asset objects unloaded after import = 3

========================================================================
Received Import Request.
  Time since last request: 0.000023 seconds.
  path: Assets/UnitystoreAssets/Cainos/Pixel Art Platformer - Village Props/Tileset Palette/TP Ground/TX Tileset Ground_54.asset
  artifactKey: Guid(d814db34bbccf9441b64c8a9c05b6534) Importer(815301076,1909f56bfc062723c751e8b465ee728b)
Start importing Assets/UnitystoreAssets/Cainos/Pixel Art Platformer - Village Props/Tileset Palette/TP Ground/TX Tileset Ground_54.asset using Guid(d814db34bbccf9441b64c8a9c05b6534) Importer(815301076,1909f56bfc062723c751e8b465ee728b) (PreviewImporter) -> (artifact id: '403170cd7cc7c3e7b39483a4c079cea1') in 0.0113086 seconds
Number of updated asset objects reloaded before import = 0Number of asset objects unloaded after import = 3

========================================================================
Received Import Request.
  Time since last request: 0.000022 seconds.
  path: Assets/Sprites/props1_608.asset
  artifactKey: Guid(9d9820a87d01fbf4292cac051bb01cb2) Importer(815301076,1909f56bfc062723c751e8b465ee728b)
Start importing Assets/Sprites/props1_608.asset using Guid(9d9820a87d01fbf4292cac051bb01cb2) Importer(815301076,1909f56bfc062723c751e8b465ee728b) (PreviewImporter) -> (artifact id: '8a3e4079aee6415715464a9e31720b82') in 0.014516 seconds
Number of updated asset objects reloaded before import = 0Number of asset objects unloaded after import = 3

========================================================================
Received Import Request.
  Time since last request: 0.000022 seconds.
  path: Assets/UnitystoreAssets/2D Pixel Art Platformer Biome - Plains/Tilemap
  artifactKey: Guid(6899f6b7cbda8b4459d7bb58555bca4b) Importer(815301076,1909f56bfc062723c751e8b465ee728b)
Start importing Assets/UnitystoreAssets/2D Pixel Art Platformer Biome - Plains/Tilemap using Guid(6899f6b7cbda8b4459d7bb58555bca4b) Importer(815301076,1909f56bfc062723c751e8b465ee728b) (PreviewImporter) -> (artifact id: 'd97d11fed35233dd3a55648dcaa13c0a') in 0.0004661 seconds
Number of updated asset objects reloaded before import = 0Number of asset objects unloaded after import = 0

========================================================================
Received Import Request.
  Time since last request: 0.000022 seconds.
  path: Assets/UnitystoreAssets/Cainos/Pixel Art Platformer - Village Props/Prefab/PF Village Props - Wheat 04.prefab
  artifactKey: Guid(e25962a23b0ae06459d988ce85f4476e) Importer(815301076,1909f56bfc062723c751e8b465ee728b)
Start importing Assets/UnitystoreAssets/Cainos/Pixel Art Platformer - Village Props/Prefab/PF Village Props - Wheat 04.prefab using Guid(e25962a23b0ae06459d988ce85f4476e) Importer(815301076,1909f56bfc062723c751e8b465ee728b) (PreviewImporter) -> (artifact id: 'f68b805e123dae0ebdfec8e47175f465') in 0.0148373 seconds
Number of updated asset objects reloaded before import = 0Number of asset objects unloaded after import = 8

========================================================================
Received Import Request.
  Time since last request: 0.000022 seconds.
  path: Assets/UnitystoreAssets/Cave Platformer Tileset/Individual PNG files/Tileset/trees-trunk-grey/trees-trunk-grey-22.png
  artifactKey: Guid(ae80d02ff4316d949b30b38a5fae9068) Importer(815301076,1909f56bfc062723c751e8b465ee728b)
Start importing Assets/UnitystoreAssets/Cave Platformer Tileset/Individual PNG files/Tileset/trees-trunk-grey/trees-trunk-grey-22.png using Guid(ae80d02ff4316d949b30b38a5fae9068) Importer(815301076,1909f56bfc062723c751e8b465ee728b) (PreviewImporter) -> (artifact id: 'd497293d0b6e39dee808951b4b91da92') in 0.0131242 seconds
Number of updated asset objects reloaded before import = 0Number of asset objects unloaded after import = 3

========================================================================
Received Import Request.
  Time since last request: 0.000021 seconds.
  path: Assets/Sprites/props1_1743.asset
  artifactKey: Guid(30c2fcd0f9428e34db287e782f0397dd) Importer(815301076,1909f56bfc062723c751e8b465ee728b)
Start importing Assets/Sprites/props1_1743.asset using Guid(30c2fcd0f9428e34db287e782f0397dd) Importer(815301076,1909f56bfc062723c751e8b465ee728b) (PreviewImporter) -> (artifact id: '2ff7e2372312661c519c6e9d7c6fe58c') in 0.0138878 seconds
Number of updated asset objects reloaded before import = 0Number of asset objects unloaded after import = 3

========================================================================
Received Import Request.
  Time since last request: 0.000023 seconds.
  path: Assets/UnitystoreAssets/Cave Platformer Tileset/Individual PNG files/Monster/scorpion-gold/scorpion-gold-14.png
  artifactKey: Guid(1780e5d004dd62b48a27c1f2a50987ba) Importer(815301076,1909f56bfc062723c751e8b465ee728b)
Start importing Assets/UnitystoreAssets/Cave Platformer Tileset/Individual PNG files/Monster/scorpion-gold/scorpion-gold-14.png using Guid(1780e5d004dd62b48a27c1f2a50987ba) Importer(815301076,1909f56bfc062723c751e8b465ee728b) (PreviewImporter) -> (artifact id: '9f7ee0c0f780a7aea2640efdd2ba8887') in 0.0113824 seconds
Number of updated asset objects reloaded before import = 0Number of asset objects unloaded after import = 3

========================================================================
Received Import Request.
  Time since last request: 0.000029 seconds.
  path: Assets/UnitystoreAssets/Cave Platformer Tileset/Individual PNG files/Tileset/trees-trunk-darkbrown/trees-trunk-darkbrown-64.png
  artifactKey: Guid(825c23d2bc4ca2649b6d6f89043044f3) Importer(815301076,1909f56bfc062723c751e8b465ee728b)
Start importing Assets/UnitystoreAssets/Cave Platformer Tileset/Individual PNG files/Tileset/trees-trunk-darkbrown/trees-trunk-darkbrown-64.png using Guid(825c23d2bc4ca2649b6d6f89043044f3) Importer(815301076,1909f56bfc062723c751e8b465ee728b) (PreviewImporter) -> (artifact id: '614501a9972bb880b588847e6050095b') in 0.0121655 seconds
Number of updated asset objects reloaded before import = 0Number of asset objects unloaded after import = 3

========================================================================
Received Import Request.
  Time since last request: 0.000022 seconds.
  path: Assets/Sprites/props1_177.asset
  artifactKey: Guid(c44eefea217790e46896507caba1cf99) Importer(815301076,1909f56bfc062723c751e8b465ee728b)
Start importing Assets/Sprites/props1_177.asset using Guid(c44eefea217790e46896507caba1cf99) Importer(815301076,1909f56bfc062723c751e8b465ee728b) (PreviewImporter) -> (artifact id: 'f7a99b2bb54c64375663925cff387a64') in 0.0149377 seconds
Number of updated asset objects reloaded before import = 0Number of asset objects unloaded after import = 3

========================================================================
Received Import Request.
  Time since last request: 0.000023 seconds.
  path: Assets/Sprites/props1_1204.asset
  artifactKey: Guid(b9df9e32b2690924ba061572a245b844) Importer(815301076,1909f56bfc062723c751e8b465ee728b)
Start importing Assets/Sprites/props1_1204.asset using Guid(b9df9e32b2690924ba061572a245b844) Importer(815301076,1909f56bfc062723c751e8b465ee728b) (PreviewImporter) -> (artifact id: '1a8d28949a725781b7941c457f98a8ae') in 0.0139605 seconds
Number of updated asset objects reloaded before import = 0Number of asset objects unloaded after import = 3

========================================================================
Received Import Request.
  Time since last request: 0.000022 seconds.
  path: Assets/Sprites/props1_1058.asset
  artifactKey: Guid(880ce65a4f8aee548b7f080bb8ddadcd) Importer(815301076,1909f56bfc062723c751e8b465ee728b)
Start importing Assets/Sprites/props1_1058.asset using Guid(880ce65a4f8aee548b7f080bb8ddadcd) Importer(815301076,1909f56bfc062723c751e8b465ee728b) (PreviewImporter) -> (artifact id: 'ff8a1ba8f218bdb2977e461f5d6258c0') in 0.0140314 seconds
Number of updated asset objects reloaded before import = 0Number of asset objects unloaded after import = 3

========================================================================
Received Import Request.
  Time since last request: 0.000022 seconds.
  path: Assets/UnitystoreAssets/Asset FTTGR/Palettes/Blocks/MudGround37.asset
  artifactKey: Guid(a33c4cd25015e204b80f4600c743a456) Importer(815301076,1909f56bfc062723c751e8b465ee728b)
Start importing Assets/UnitystoreAssets/Asset FTTGR/Palettes/Blocks/MudGround37.asset using Guid(a33c4cd25015e204b80f4600c743a456) Importer(815301076,1909f56bfc062723c751e8b465ee728b) (PreviewImporter) -> (artifact id: '7364aabc3bf51be60c0edd12a0f97158') in 0.0097676 seconds
Number of updated asset objects reloaded before import = 0Number of asset objects unloaded after import = 3

========================================================================
Received Import Request.
  Time since last request: 0.000022 seconds.
  path: Assets/Sprites/props1_1702.asset
  artifactKey: Guid(212ae3e813d2eef4bb11787cbdcc4c36) Importer(815301076,1909f56bfc062723c751e8b465ee728b)
Start importing Assets/Sprites/props1_1702.asset using Guid(212ae3e813d2eef4bb11787cbdcc4c36) Importer(815301076,1909f56bfc062723c751e8b465ee728b) (PreviewImporter) -> (artifact id: '7b8505ebec26ef6452cff57567bd14ec') in 0.0155833 seconds
Number of updated asset objects reloaded before import = 0Number of asset objects unloaded after import = 3

========================================================================
Received Import Request.
  Time since last request: 0.000055 seconds.
  path: Assets/UnitystoreAssets/Cave Platformer Tileset/Individual PNG files/Monster/scorpion-red/scorpion-red-1.png
  artifactKey: Guid(234e6fc345fc0d342b193d596f45d470) Importer(815301076,1909f56bfc062723c751e8b465ee728b)
Start importing Assets/UnitystoreAssets/Cave Platformer Tileset/Individual PNG files/Monster/scorpion-red/scorpion-red-1.png using Guid(234e6fc345fc0d342b193d596f45d470) Importer(815301076,1909f56bfc062723c751e8b465ee728b) (PreviewImporter) -> (artifact id: '4d3dead074095919c2e2002d574392d8') in 0.015929 seconds
Number of updated asset objects reloaded before import = 0Number of asset objects unloaded after import = 3

========================================================================
Received Import Request.
  Time since last request: 0.000062 seconds.
  path: Assets/Sprites/props1_2224.asset
  artifactKey: Guid(9e67a5517559c8a418168e19159f6b42) Importer(815301076,1909f56bfc062723c751e8b465ee728b)
Start importing Assets/Sprites/props1_2224.asset using Guid(9e67a5517559c8a418168e19159f6b42) Importer(815301076,1909f56bfc062723c751e8b465ee728b) (PreviewImporter) -> (artifact id: '6132ffd3e880620d734fcc5c41ebfcdb') in 0.0190192 seconds
Number of updated asset objects reloaded before import = 0Number of asset objects unloaded after import = 3

========================================================================
Received Import Request.
  Time since last request: 0.000024 seconds.
  path: Assets/UnitystoreAssets/2D Pixel Art Platformer Biome - American Forest/Tilemap/TileFence2.asset
  artifactKey: Guid(ad0f3a99a6731994a968f3111637261d) Importer(815301076,1909f56bfc062723c751e8b465ee728b)
Start importing Assets/UnitystoreAssets/2D Pixel Art Platformer Biome - American Forest/Tilemap/TileFence2.asset using Guid(ad0f3a99a6731994a968f3111637261d) Importer(815301076,1909f56bfc062723c751e8b465ee728b) (PreviewImporter) -> (artifact id: 'aa96107df6c0d0f00f06620fc37b143f') in 0.0147426 seconds
Number of updated asset objects reloaded before import = 0Number of asset objects unloaded after import = 92

========================================================================
Received Import Request.
  Time since last request: 0.000032 seconds.
  path: Assets/Sprites/props1_832.asset
  artifactKey: Guid(59be4cdf71f4a3b40967c8c72c5e9824) Importer(815301076,1909f56bfc062723c751e8b465ee728b)
Start importing Assets/Sprites/props1_832.asset using Guid(59be4cdf71f4a3b40967c8c72c5e9824) Importer(815301076,1909f56bfc062723c751e8b465ee728b) (PreviewImporter) -> (artifact id: '0b352e004091773a8a54828aacda361c') in 0.016594 seconds
Number of updated asset objects reloaded before import = 0Number of asset objects unloaded after import = 3

========================================================================
Received Import Request.
  Time since last request: 0.000034 seconds.
  path: Assets/Sprites/props1_1081.asset
  artifactKey: Guid(0e383a00cbf9b9c4aa60083408b1d8e8) Importer(815301076,1909f56bfc062723c751e8b465ee728b)
Start importing Assets/Sprites/props1_1081.asset using Guid(0e383a00cbf9b9c4aa60083408b1d8e8) Importer(815301076,1909f56bfc062723c751e8b465ee728b) (PreviewImporter) -> (artifact id: '1e51978903a22e08c20c49fc20c7c7d9') in 0.009471 seconds
Number of updated asset objects reloaded before import = 0Number of asset objects unloaded after import = 3

========================================================================
Received Import Request.
  Time since last request: 0.000033 seconds.
  path: Assets/UnitystoreAssets/2D Pixel Art Platformer Biome - Plains/Tilemap/TileGround13.asset
  artifactKey: Guid(d17a000266bcc3443bf05504c85599a1) Importer(815301076,1909f56bfc062723c751e8b465ee728b)
Start importing Assets/UnitystoreAssets/2D Pixel Art Platformer Biome - Plains/Tilemap/TileGround13.asset using Guid(d17a000266bcc3443bf05504c85599a1) Importer(815301076,1909f56bfc062723c751e8b465ee728b) (PreviewImporter) -> (artifact id: '3e8372ab6db14b08930bd2924dc2b27e') in 0.0147228 seconds
Number of updated asset objects reloaded before import = 0Number of asset objects unloaded after import = 3

========================================================================
Received Import Request.
  Time since last request: 0.000026 seconds.
  path: Assets/UnitystoreAssets/Cave Platformer Tileset/Individual PNG files/Tileset/trees-trunk-lightbrown/trees-trunk-lightbrown-36.png
  artifactKey: Guid(64bee46ad2bcf9b4aafba50c9f43a3d5) Importer(815301076,1909f56bfc062723c751e8b465ee728b)
Start importing Assets/UnitystoreAssets/Cave Platformer Tileset/Individual PNG files/Tileset/trees-trunk-lightbrown/trees-trunk-lightbrown-36.png using Guid(64bee46ad2bcf9b4aafba50c9f43a3d5) Importer(815301076,1909f56bfc062723c751e8b465ee728b) (PreviewImporter) -> (artifact id: '0aab35332134ec658bd586648b72c3ef') in 0.0162361 seconds
Number of updated asset objects reloaded before import = 0Number of asset objects unloaded after import = 3

========================================================================
Received Import Request.
  Time since last request: 0.000036 seconds.
  path: Assets/Sprites/props1_1494.asset
  artifactKey: Guid(ba0b5c17191b1d344b27102b1869c46d) Importer(815301076,1909f56bfc062723c751e8b465ee728b)
Start importing Assets/Sprites/props1_1494.asset using Guid(ba0b5c17191b1d344b27102b1869c46d) Importer(815301076,1909f56bfc062723c751e8b465ee728b) (PreviewImporter) -> (artifact id: '963de3c6446f3345d20d9854b69224fd') in 0.0197014 seconds
Number of updated asset objects reloaded before import = 0Number of asset objects unloaded after import = 3

========================================================================
Received Import Request.
  Time since last request: 0.000044 seconds.
  path: Assets/Sprites/props1_1817.asset
  artifactKey: Guid(370b6278f5c44cf47b521ad7b49d8486) Importer(815301076,1909f56bfc062723c751e8b465ee728b)
Start importing Assets/Sprites/props1_1817.asset using Guid(370b6278f5c44cf47b521ad7b49d8486) Importer(815301076,1909f56bfc062723c751e8b465ee728b) (PreviewImporter) -> (artifact id: '806b8c44a1e14821d6ca99591114aa88') in 0.018765 seconds
Number of updated asset objects reloaded before import = 0Number of asset objects unloaded after import = 3

========================================================================
Received Import Request.
  Time since last request: 0.000025 seconds.
  path: Assets/UnitystoreAssets/Asset FTTGR/Palettes/Blocks/GrassGround32.asset
  artifactKey: Guid(f8267374cf9a92c40bdbc477926ed8f9) Importer(815301076,1909f56bfc062723c751e8b465ee728b)
Start importing Assets/UnitystoreAssets/Asset FTTGR/Palettes/Blocks/GrassGround32.asset using Guid(f8267374cf9a92c40bdbc477926ed8f9) Importer(815301076,1909f56bfc062723c751e8b465ee728b) (PreviewImporter) -> (artifact id: '1f91b4bd529d83ccca555559d7536656') in 0.0119498 seconds
Number of updated asset objects reloaded before import = 0Number of asset objects unloaded after import = 3

========================================================================
Received Import Request.
  Time since last request: 0.000026 seconds.
  path: Assets/Sprites/props1_387.asset
  artifactKey: Guid(b699f62248a14e64192fba3b3655e90b) Importer(815301076,1909f56bfc062723c751e8b465ee728b)
Start importing Assets/Sprites/props1_387.asset using Guid(b699f62248a14e64192fba3b3655e90b) Importer(815301076,1909f56bfc062723c751e8b465ee728b) (PreviewImporter) -> (artifact id: '8c1cb573ed5cf8746b5942f67c8e0222') in 0.0178421 seconds
Number of updated asset objects reloaded before import = 0Number of asset objects unloaded after import = 3

========================================================================
Received Import Request.
  Time since last request: 0.000034 seconds.
  path: Assets/UnitystoreAssets/Asset FTTGR/Palettes/Decorations/GroundInBackground38.asset
  artifactKey: Guid(ba5e0518188cec548a9617596bae356e) Importer(815301076,1909f56bfc062723c751e8b465ee728b)
Start importing Assets/UnitystoreAssets/Asset FTTGR/Palettes/Decorations/GroundInBackground38.asset using Guid(ba5e0518188cec548a9617596bae356e) Importer(815301076,1909f56bfc062723c751e8b465ee728b) (PreviewImporter) -> (artifact id: '98310cc178aa635bf459bffcaedb9b82') in 0.011862 seconds
Number of updated asset objects reloaded before import = 0Number of asset objects unloaded after import = 3

========================================================================
Received Import Request.
  Time since last request: 0.000051 seconds.
  path: Assets/Sprites/mainlev_build_631.asset
  artifactKey: Guid(6a502522a4a148049b6dd263655aa21a) Importer(815301076,1909f56bfc062723c751e8b465ee728b)
Start importing Assets/Sprites/mainlev_build_631.asset using Guid(6a502522a4a148049b6dd263655aa21a) Importer(815301076,1909f56bfc062723c751e8b465ee728b) (PreviewImporter) -> (artifact id: '3ea30438aeb0c274cf62dc3cfd1e27d9') in 0.0141263 seconds
Number of updated asset objects reloaded before import = 0Number of asset objects unloaded after import = 3

========================================================================
Received Import Request.
  Time since last request: 0.000021 seconds.
  path: Assets/UnitystoreAssets/Cave Platformer Tileset/Individual PNG files/Tileset/trees-trunk-white/trees-trunk-white-55.png
  artifactKey: Guid(e92797f758b02ff4e89fd4bef1f4e5f0) Importer(815301076,1909f56bfc062723c751e8b465ee728b)
Start importing Assets/UnitystoreAssets/Cave Platformer Tileset/Individual PNG files/Tileset/trees-trunk-white/trees-trunk-white-55.png using Guid(e92797f758b02ff4e89fd4bef1f4e5f0) Importer(815301076,1909f56bfc062723c751e8b465ee728b) (PreviewImporter) -> (artifact id: 'e1ab52ba8359fc394fe700cdb931a9ad') in 0.0130243 seconds
Number of updated asset objects reloaded before import = 0Number of asset objects unloaded after import = 3

========================================================================
Received Import Request.
  Time since last request: 0.000023 seconds.
  path: Assets/Sprites/mainlev_build_159.asset
  artifactKey: Guid(4664d87cb8b53e343a8c9cd3a42afc58) Importer(815301076,1909f56bfc062723c751e8b465ee728b)
Start importing Assets/Sprites/mainlev_build_159.asset using Guid(4664d87cb8b53e343a8c9cd3a42afc58) Importer(815301076,1909f56bfc062723c751e8b465ee728b) (PreviewImporter) -> (artifact id: '4b702d9cf3724048607e9b259eaf96a4') in 0.0121825 seconds
Number of updated asset objects reloaded before import = 0Number of asset objects unloaded after import = 3

========================================================================
Received Import Request.
  Time since last request: 0.000031 seconds.
  path: Assets/Sprites/mainlev_build_507.asset
  artifactKey: Guid(f0a8fe3a9584d6b4cb6509f88f3b3874) Importer(815301076,1909f56bfc062723c751e8b465ee728b)
Start importing Assets/Sprites/mainlev_build_507.asset using Guid(f0a8fe3a9584d6b4cb6509f88f3b3874) Importer(815301076,1909f56bfc062723c751e8b465ee728b) (PreviewImporter) -> (artifact id: '6ca7a47d6f2ac2b2bf435566a6b74721') in 0.0120753 seconds
Number of updated asset objects reloaded before import = 0Number of asset objects unloaded after import = 3

========================================================================
Received Import Request.
  Time since last request: 0.000021 seconds.
  path: Assets/Sprites/mainlev_build_484.asset
  artifactKey: Guid(e14239495b7a1d3459022a440e744986) Importer(815301076,1909f56bfc062723c751e8b465ee728b)
Start importing Assets/Sprites/mainlev_build_484.asset using Guid(e14239495b7a1d3459022a440e744986) Importer(815301076,1909f56bfc062723c751e8b465ee728b) (PreviewImporter) -> (artifact id: 'b3ccb01b865018f9b747d6abb4a29e92') in 0.0131155 seconds
Number of updated asset objects reloaded before import = 0Number of asset objects unloaded after import = 3

========================================================================
Received Import Request.
  Time since last request: 0.000040 seconds.
  path: Assets/Sprites/props1_1390.asset
  artifactKey: Guid(da9d2cdd6fb425a4286d3f75566923b9) Importer(815301076,1909f56bfc062723c751e8b465ee728b)
Start importing Assets/Sprites/props1_1390.asset using Guid(da9d2cdd6fb425a4286d3f75566923b9) Importer(815301076,1909f56bfc062723c751e8b465ee728b) (PreviewImporter) -> (artifact id: '181726468ba3a41cc071498ae41a981e') in 0.0171329 seconds
Number of updated asset objects reloaded before import = 0Number of asset objects unloaded after import = 3

========================================================================
Received Import Request.
  Time since last request: 0.000026 seconds.
  path: Assets/UnitystoreAssets/Cave Platformer Tileset/Individual PNG files/Tileset/trees-trunk-white/trees-trunk-white-60.png
  artifactKey: Guid(09b59bd192c4ebe45b10b184c1079972) Importer(815301076,1909f56bfc062723c751e8b465ee728b)
Start importing Assets/UnitystoreAssets/Cave Platformer Tileset/Individual PNG files/Tileset/trees-trunk-white/trees-trunk-white-60.png using Guid(09b59bd192c4ebe45b10b184c1079972) Importer(815301076,1909f56bfc062723c751e8b465ee728b) (PreviewImporter) -> (artifact id: 'deda646fc3dc7b713bd631c9b6f790a5') in 0.0202969 seconds
Number of updated asset objects reloaded before import = 0Number of asset objects unloaded after import = 3

========================================================================
Received Import Request.
  Time since last request: 0.000031 seconds.
  path: Assets/Sprites/props1_1115.asset
  artifactKey: Guid(03cc38963de94394f9498c50abdd1fb2) Importer(815301076,1909f56bfc062723c751e8b465ee728b)
Start importing Assets/Sprites/props1_1115.asset using Guid(03cc38963de94394f9498c50abdd1fb2) Importer(815301076,1909f56bfc062723c751e8b465ee728b) (PreviewImporter) -> (artifact id: '5d61f04caf7752a2e5438af432ceaf6a') in 0.0150857 seconds
Number of updated asset objects reloaded before import = 0Number of asset objects unloaded after import = 3

========================================================================
Received Import Request.
  Time since last request: 0.000025 seconds.
  path: Assets/UnitystoreAssets/Cave Platformer Tileset/Individual PNG files/Tileset/objects_misc_animated/object_misc_animated_33.png
  artifactKey: Guid(8f32732572e1fbe49898ffb9808e2939) Importer(815301076,1909f56bfc062723c751e8b465ee728b)
Start importing Assets/UnitystoreAssets/Cave Platformer Tileset/Individual PNG files/Tileset/objects_misc_animated/object_misc_animated_33.png using Guid(8f32732572e1fbe49898ffb9808e2939) Importer(815301076,1909f56bfc062723c751e8b465ee728b) (PreviewImporter) -> (artifact id: '8c47fdd9a4b300865930c1ae088bcb87') in 0.013397 seconds
Number of updated asset objects reloaded before import = 0Number of asset objects unloaded after import = 3

========================================================================
Received Import Request.
  Time since last request: 0.000024 seconds.
  path: Assets/Sprites/mainlev_build_821.asset
  artifactKey: Guid(71c2b3eb64776fc41a5dbdcb172a51c3) Importer(815301076,1909f56bfc062723c751e8b465ee728b)
Start importing Assets/Sprites/mainlev_build_821.asset using Guid(71c2b3eb64776fc41a5dbdcb172a51c3) Importer(815301076,1909f56bfc062723c751e8b465ee728b) (PreviewImporter) -> (artifact id: '1308f4cee366f2c8f80b281c8a009e7a') in 0.014107 seconds
Number of updated asset objects reloaded before import = 0Number of asset objects unloaded after import = 3

========================================================================
Received Import Request.
  Time since last request: 0.000032 seconds.
  path: Assets/Sprites/props1_2055.asset
  artifactKey: Guid(6b416748b48c78848bef254209c97a1b) Importer(815301076,1909f56bfc062723c751e8b465ee728b)
Start importing Assets/Sprites/props1_2055.asset using Guid(6b416748b48c78848bef254209c97a1b) Importer(815301076,1909f56bfc062723c751e8b465ee728b) (PreviewImporter) -> (artifact id: '7a04cf239deb2062614f8f39edc73c56') in 0.0164933 seconds
Number of updated asset objects reloaded before import = 0Number of asset objects unloaded after import = 3

========================================================================
Received Import Request.
  Time since last request: 0.000023 seconds.
  path: Assets/TextMesh Pro/Shaders/TMP_SDF-Surface-Mobile.shader
  artifactKey: Guid(85187c2149c549c5b33f0cdb02836b17) Importer(815301076,1909f56bfc062723c751e8b465ee728b)
Start importing Assets/TextMesh Pro/Shaders/TMP_SDF-Surface-Mobile.shader using Guid(85187c2149c549c5b33f0cdb02836b17) Importer(815301076,1909f56bfc062723c751e8b465ee728b) (PreviewImporter) -> (artifact id: 'a0fb09c2994367d5f0c77aeebce16d7c') in 0.0011193 seconds
Number of updated asset objects reloaded before import = 0Number of asset objects unloaded after import = 0

========================================================================
Received Import Request.
  Time since last request: 0.000023 seconds.
  path: Assets/UnitystoreAssets/Asset FTTGR/Palettes/Blocks/GroundWinter53.asset
  artifactKey: Guid(de3465f7586ebbd45a750ef638a71e54) Importer(815301076,1909f56bfc062723c751e8b465ee728b)
Start importing Assets/UnitystoreAssets/Asset FTTGR/Palettes/Blocks/GroundWinter53.asset using Guid(de3465f7586ebbd45a750ef638a71e54) Importer(815301076,1909f56bfc062723c751e8b465ee728b) (PreviewImporter) -> (artifact id: 'be7de490d508c978914c3e6a6bf5c258') in 0.0103322 seconds
Number of updated asset objects reloaded before import = 0Number of asset objects unloaded after import = 3

========================================================================
Received Import Request.
  Time since last request: 0.000025 seconds.
  path: Assets/UnitystoreAssets/Asset FTTGR/Palettes/Blocks/Bricks25.asset
  artifactKey: Guid(8e87c29fcca35e74d876fcdcb34d1203) Importer(815301076,1909f56bfc062723c751e8b465ee728b)
Start importing Assets/UnitystoreAssets/Asset FTTGR/Palettes/Blocks/Bricks25.asset using Guid(8e87c29fcca35e74d876fcdcb34d1203) Importer(815301076,1909f56bfc062723c751e8b465ee728b) (PreviewImporter) -> (artifact id: '77b8a6c9f628c9f202306b479cf5fe3d') in 0.0097295 seconds
Number of updated asset objects reloaded before import = 0Number of asset objects unloaded after import = 3

========================================================================
Received Import Request.
  Time since last request: 0.000033 seconds.
  path: Assets/Sprites/props1_2007.asset
  artifactKey: Guid(8b60ccce13f69c54dbf562d51b5df621) Importer(815301076,1909f56bfc062723c751e8b465ee728b)
Start importing Assets/Sprites/props1_2007.asset using Guid(8b60ccce13f69c54dbf562d51b5df621) Importer(815301076,1909f56bfc062723c751e8b465ee728b) (PreviewImporter) -> (artifact id: '2652f14dfec44bfffc03233bf3d79a56') in 0.0143877 seconds
Number of updated asset objects reloaded before import = 0Number of asset objects unloaded after import = 3

========================================================================
Received Import Request.
  Time since last request: 0.000023 seconds.
  path: Assets/UnitystoreAssets/Asset FTTGR/Palettes/Decorations/GroundInBackground21.asset
  artifactKey: Guid(459a4e7c45e1e6047b7907c5291e7f6a) Importer(815301076,1909f56bfc062723c751e8b465ee728b)
Start importing Assets/UnitystoreAssets/Asset FTTGR/Palettes/Decorations/GroundInBackground21.asset using Guid(459a4e7c45e1e6047b7907c5291e7f6a) Importer(815301076,1909f56bfc062723c751e8b465ee728b) (PreviewImporter) -> (artifact id: '3497bacbe8b67d7c6f516feb1d4b777d') in 0.0101981 seconds
Number of updated asset objects reloaded before import = 0Number of asset objects unloaded after import = 3

========================================================================
Received Import Request.
  Time since last request: 0.000021 seconds.
  path: Assets/UnitystoreAssets/Cainos/Pixel Art Platformer - Village Props/Animation/Chest Silver/AC Chest Silver.controller
  artifactKey: Guid(3d878af6b89f42343958a815305a4e66) Importer(815301076,1909f56bfc062723c751e8b465ee728b)
Start importing Assets/UnitystoreAssets/Cainos/Pixel Art Platformer - Village Props/Animation/Chest Silver/AC Chest Silver.controller using Guid(3d878af6b89f42343958a815305a4e66) Importer(815301076,1909f56bfc062723c751e8b465ee728b) (PreviewImporter) -> (artifact id: '13d568c8e0639e74a8026f85afb41b03') in 0.0024686 seconds
Number of updated asset objects reloaded before import = 0Number of asset objects unloaded after import = 14

========================================================================
Received Import Request.
  Time since last request: 0.000025 seconds.
  path: Assets/UnitystoreAssets/Cave Platformer Tileset/Individual PNG files/Tileset/bg_cave_blueish_16x32/bg_cave_blueish_16x32_tile_02.png
  artifactKey: Guid(7c83c256cb935a94bab9aca4be991b39) Importer(815301076,1909f56bfc062723c751e8b465ee728b)
Start importing Assets/UnitystoreAssets/Cave Platformer Tileset/Individual PNG files/Tileset/bg_cave_blueish_16x32/bg_cave_blueish_16x32_tile_02.png using Guid(7c83c256cb935a94bab9aca4be991b39) Importer(815301076,1909f56bfc062723c751e8b465ee728b) (PreviewImporter) -> (artifact id: '6f4e4e173df2d864294c0ea80e2f1467') in 0.0117275 seconds
Number of updated asset objects reloaded before import = 0Number of asset objects unloaded after import = 3

========================================================================
Received Import Request.
  Time since last request: 0.000029 seconds.
  path: Assets/Sprites/mainlev_build_143.asset
  artifactKey: Guid(4fad9d79250108941a4943d05f7e5ff8) Importer(815301076,1909f56bfc062723c751e8b465ee728b)
Start importing Assets/Sprites/mainlev_build_143.asset using Guid(4fad9d79250108941a4943d05f7e5ff8) Importer(815301076,1909f56bfc062723c751e8b465ee728b) (PreviewImporter) -> (artifact id: 'd49b0b264c6d4f7bc911ce66850a96af') in 0.0120552 seconds
Number of updated asset objects reloaded before import = 0Number of asset objects unloaded after import = 3

========================================================================
Received Import Request.
  Time since last request: 0.000021 seconds.
  path: Assets/Sprites/props1_1234.asset
  artifactKey: Guid(2964b99b3f4d35d4cba86a00e47cc738) Importer(815301076,1909f56bfc062723c751e8b465ee728b)
Start importing Assets/Sprites/props1_1234.asset using Guid(2964b99b3f4d35d4cba86a00e47cc738) Importer(815301076,1909f56bfc062723c751e8b465ee728b) (PreviewImporter) -> (artifact id: '8ea5766b1d2a78e0881d82d5d999b53d') in 0.013645 seconds
Number of updated asset objects reloaded before import = 0Number of asset objects unloaded after import = 3

========================================================================
Received Import Request.
  Time since last request: 0.000022 seconds.
  path: Assets/Sprites/props1_41.asset
  artifactKey: Guid(39fd487b8dab4ac46b3230f5ecb4db7b) Importer(815301076,1909f56bfc062723c751e8b465ee728b)
Start importing Assets/Sprites/props1_41.asset using Guid(39fd487b8dab4ac46b3230f5ecb4db7b) Importer(815301076,1909f56bfc062723c751e8b465ee728b) (PreviewImporter) -> (artifact id: 'd2a1054da94baf254ec138692ac1b4ce') in 0.013332 seconds
Number of updated asset objects reloaded before import = 0Number of asset objects unloaded after import = 3

========================================================================
Received Import Request.
  Time since last request: 0.000022 seconds.
  path: Assets/UnitystoreAssets/2D Pixel Art Platformer Biome - Plains/Tilemap/TilePlant8.asset
  artifactKey: Guid(ce542d9cdb0ec834bbd94e5c95d6d1c0) Importer(815301076,1909f56bfc062723c751e8b465ee728b)
Start importing Assets/UnitystoreAssets/2D Pixel Art Platformer Biome - Plains/Tilemap/TilePlant8.asset using Guid(ce542d9cdb0ec834bbd94e5c95d6d1c0) Importer(815301076,1909f56bfc062723c751e8b465ee728b) (PreviewImporter) -> (artifact id: '842278c4cacac7e5aeba9d840995c44f') in 0.0110611 seconds
Number of updated asset objects reloaded before import = 0Number of asset objects unloaded after import = 3

========================================================================
Received Import Request.
  Time since last request: 0.000021 seconds.
  path: Assets/UnitystoreAssets/Cave Platformer Tileset/Individual PNG files/Tileset/trees-trunk-darkbrown/trees-trunk-darkbrown-62.png
  artifactKey: Guid(7e19d94f536a853449082a6fb5a01b89) Importer(815301076,1909f56bfc062723c751e8b465ee728b)
Start importing Assets/UnitystoreAssets/Cave Platformer Tileset/Individual PNG files/Tileset/trees-trunk-darkbrown/trees-trunk-darkbrown-62.png using Guid(7e19d94f536a853449082a6fb5a01b89) Importer(815301076,1909f56bfc062723c751e8b465ee728b) (PreviewImporter) -> (artifact id: 'e6b43f1453e76c3d01ee55f39024fb97') in 0.0128243 seconds
Number of updated asset objects reloaded before import = 0Number of asset objects unloaded after import = 3

========================================================================
Received Import Request.
  Time since last request: 0.000021 seconds.
  path: Assets/UnitystoreAssets/Asset FTTGR/Palettes/Blocks/Bilding1.asset
  artifactKey: Guid(ca8cca82892b9204abc2ab14631350d1) Importer(815301076,1909f56bfc062723c751e8b465ee728b)
Start importing Assets/UnitystoreAssets/Asset FTTGR/Palettes/Blocks/Bilding1.asset using Guid(ca8cca82892b9204abc2ab14631350d1) Importer(815301076,1909f56bfc062723c751e8b465ee728b) (PreviewImporter) -> (artifact id: '514d8e46aaa647505fe6f68036d25c9a') in 0.0103906 seconds
Number of updated asset objects reloaded before import = 0Number of asset objects unloaded after import = 3

========================================================================
Received Import Request.
  Time since last request: 0.000024 seconds.
  path: Assets/UnitystoreAssets/Cave Platformer Tileset/Individual PNG files/Monster/scorpion-violet/scorpion-violet-2.png
  artifactKey: Guid(c09f210a8abe1594489fbfdfdadc609a) Importer(815301076,1909f56bfc062723c751e8b465ee728b)
Start importing Assets/UnitystoreAssets/Cave Platformer Tileset/Individual PNG files/Monster/scorpion-violet/scorpion-violet-2.png using Guid(c09f210a8abe1594489fbfdfdadc609a) Importer(815301076,1909f56bfc062723c751e8b465ee728b) (PreviewImporter) -> (artifact id: 'fcc8b81af3fb3836c855d8978079bca1') in 0.0121288 seconds
Number of updated asset objects reloaded before import = 0Number of asset objects unloaded after import = 3

========================================================================
Received Import Request.
  Time since last request: 0.000029 seconds.
  path: Assets/UnitystoreAssets/Cave Platformer Tileset/Individual PNG files/Monster/scorpion-black/scorpion-black-12.png
  artifactKey: Guid(1834d6ad65da7df40838afe87d0a0010) Importer(815301076,1909f56bfc062723c751e8b465ee728b)
Start importing Assets/UnitystoreAssets/Cave Platformer Tileset/Individual PNG files/Monster/scorpion-black/scorpion-black-12.png using Guid(1834d6ad65da7df40838afe87d0a0010) Importer(815301076,1909f56bfc062723c751e8b465ee728b) (PreviewImporter) -> (artifact id: '8bb085b1cb93ed7feb45220b4facc77f') in 0.0119824 seconds
Number of updated asset objects reloaded before import = 0Number of asset objects unloaded after import = 3

========================================================================
Received Import Request.
  Time since last request: 0.000021 seconds.
  path: Assets/UnitystoreAssets/Cainos/Pixel Art Platformer - Village Props/Animation/Chest Silver/AM Chest Silver - Closed.anim
  artifactKey: Guid(99a338799a7fe7945b081848cda0321f) Importer(815301076,1909f56bfc062723c751e8b465ee728b)
Start importing Assets/UnitystoreAssets/Cainos/Pixel Art Platformer - Village Props/Animation/Chest Silver/AM Chest Silver - Closed.anim using Guid(99a338799a7fe7945b081848cda0321f) Importer(815301076,1909f56bfc062723c751e8b465ee728b) (PreviewImporter) -> (artifact id: '100c860989af124dcbd8f7a1f7f5480c') in 0.000893 seconds
Number of updated asset objects reloaded before import = 0Number of asset objects unloaded after import = 1

========================================================================
Received Import Request.
  Time since last request: 0.000025 seconds.
  path: Assets/Sprites/mainlev_build_306.asset
  artifactKey: Guid(108ea6078b31b7a47904722f3a911d76) Importer(815301076,1909f56bfc062723c751e8b465ee728b)
Start importing Assets/Sprites/mainlev_build_306.asset using Guid(108ea6078b31b7a47904722f3a911d76) Importer(815301076,1909f56bfc062723c751e8b465ee728b) (PreviewImporter) -> (artifact id: '0d1732a1440d3e72ded304eb7aa612a0') in 0.0125782 seconds
Number of updated asset objects reloaded before import = 0Number of asset objects unloaded after import = 3

========================================================================
Received Import Request.
  Time since last request: 0.000023 seconds.
  path: Assets/Sprites/props1_1528.asset
  artifactKey: Guid(2c9717c0500645e4e9cda2dbdc6b0df3) Importer(815301076,1909f56bfc062723c751e8b465ee728b)
Start importing Assets/Sprites/props1_1528.asset using Guid(2c9717c0500645e4e9cda2dbdc6b0df3) Importer(815301076,1909f56bfc062723c751e8b465ee728b) (PreviewImporter) -> (artifact id: '6d937f8aaa2e32fd1ce6c25782d8ee89') in 0.0134025 seconds
Number of updated asset objects reloaded before import = 0Number of asset objects unloaded after import = 3

========================================================================
Received Import Request.
  Time since last request: 0.000021 seconds.
  path: Assets/Sprites/mainlev_build_154.asset
  artifactKey: Guid(e4b3b9ae82ec18a48a96484dff5d800c) Importer(815301076,1909f56bfc062723c751e8b465ee728b)
Start importing Assets/Sprites/mainlev_build_154.asset using Guid(e4b3b9ae82ec18a48a96484dff5d800c) Importer(815301076,1909f56bfc062723c751e8b465ee728b) (PreviewImporter) -> (artifact id: '4c56bc4d4a4e1c60cdd9b2ec42f6c58f') in 0.013412 seconds
Number of updated asset objects reloaded before import = 0Number of asset objects unloaded after import = 3

========================================================================
Received Import Request.
  Time since last request: 0.000021 seconds.
  path: Assets/Sprites/mainlev_build_896.asset
  artifactKey: Guid(15cbcb6b378dde94ebc2ed646e1c60e0) Importer(815301076,1909f56bfc062723c751e8b465ee728b)
Start importing Assets/Sprites/mainlev_build_896.asset using Guid(15cbcb6b378dde94ebc2ed646e1c60e0) Importer(815301076,1909f56bfc062723c751e8b465ee728b) (PreviewImporter) -> (artifact id: '4f0c88f9c7587ab70f7b6acaf786a122') in 0.0123768 seconds
Number of updated asset objects reloaded before import = 0Number of asset objects unloaded after import = 3

========================================================================
Received Import Request.
  Time since last request: 0.000022 seconds.
  path: Assets/Sprites/mainlev_build_561.asset
  artifactKey: Guid(117b5d4459305f3479c4e950d6a16eb5) Importer(815301076,1909f56bfc062723c751e8b465ee728b)
Start importing Assets/Sprites/mainlev_build_561.asset using Guid(117b5d4459305f3479c4e950d6a16eb5) Importer(815301076,1909f56bfc062723c751e8b465ee728b) (PreviewImporter) -> (artifact id: 'c65e534ffc3e6a4f723ba7272cde1062') in 0.01189 seconds
Number of updated asset objects reloaded before import = 0Number of asset objects unloaded after import = 3

========================================================================
Received Import Request.
  Time since last request: 0.000024 seconds.
  path: Assets/Sprites/mainlev_build_768.asset
  artifactKey: Guid(167d7f9dad249c445b2c36797bb3beb1) Importer(815301076,1909f56bfc062723c751e8b465ee728b)
Start importing Assets/Sprites/mainlev_build_768.asset using Guid(167d7f9dad249c445b2c36797bb3beb1) Importer(815301076,1909f56bfc062723c751e8b465ee728b) (PreviewImporter) -> (artifact id: 'c6029d6a5b0ff9a1b967d5ea0518b64f') in 0.0120881 seconds
Number of updated asset objects reloaded before import = 0Number of asset objects unloaded after import = 3

========================================================================
Received Import Request.
  Time since last request: 0.000031 seconds.
  path: Assets/UnitystoreAssets/Cave Platformer Tileset/Individual PNG files/Monster/scorpion-red/scorpion-red-9.png
  artifactKey: Guid(9f8e1dc224457a248b284e11d5620985) Importer(815301076,1909f56bfc062723c751e8b465ee728b)
Start importing Assets/UnitystoreAssets/Cave Platformer Tileset/Individual PNG files/Monster/scorpion-red/scorpion-red-9.png using Guid(9f8e1dc224457a248b284e11d5620985) Importer(815301076,1909f56bfc062723c751e8b465ee728b) (PreviewImporter) -> (artifact id: 'be9a818f07ebcc291d258600fabc066b') in 0.0121395 seconds
Number of updated asset objects reloaded before import = 0Number of asset objects unloaded after import = 3

========================================================================
Received Import Request.
  Time since last request: 0.000019 seconds.
  path: Assets/Sprites/mainlev_build_749.asset
  artifactKey: Guid(46193a1f41863c04d9ef7b5017611f66) Importer(815301076,1909f56bfc062723c751e8b465ee728b)
Start importing Assets/Sprites/mainlev_build_749.asset using Guid(46193a1f41863c04d9ef7b5017611f66) Importer(815301076,1909f56bfc062723c751e8b465ee728b) (PreviewImporter) -> (artifact id: '2f8712d00a5676b4349956b395850f32') in 0.0121178 seconds
Number of updated asset objects reloaded before import = 0Number of asset objects unloaded after import = 3

========================================================================
Received Import Request.
  Time since last request: 0.000021 seconds.
  path: Assets/Sprites/props1_783.asset
  artifactKey: Guid(bdcc55110d36f61429125ba59eb66d32) Importer(815301076,1909f56bfc062723c751e8b465ee728b)
Start importing Assets/Sprites/props1_783.asset using Guid(bdcc55110d36f61429125ba59eb66d32) Importer(815301076,1909f56bfc062723c751e8b465ee728b) (PreviewImporter) -> (artifact id: 'b6acbc371c6b6b3a6538ceeb18be3d21') in 0.0148989 seconds
Number of updated asset objects reloaded before import = 0Number of asset objects unloaded after import = 3

========================================================================
Received Import Request.
  Time since last request: 0.000023 seconds.
  path: Assets/Sprites/props1_278.asset
  artifactKey: Guid(5eea86f0f2a2aae4a8aa76424261f45d) Importer(815301076,1909f56bfc062723c751e8b465ee728b)
Start importing Assets/Sprites/props1_278.asset using Guid(5eea86f0f2a2aae4a8aa76424261f45d) Importer(815301076,1909f56bfc062723c751e8b465ee728b) (PreviewImporter) -> (artifact id: 'f3c1891ff2953f1ac52b3ac3c57ec676') in 0.0133452 seconds
Number of updated asset objects reloaded before import = 0Number of asset objects unloaded after import = 3

========================================================================
Received Import Request.
  Time since last request: 0.000022 seconds.
  path: Assets/UnitystoreAssets/Asset FTTGR/Palettes/Blocks/GrassGround34.asset
  artifactKey: Guid(10fce89fe3f0e7d47a4f27055bf29b25) Importer(815301076,1909f56bfc062723c751e8b465ee728b)
Start importing Assets/UnitystoreAssets/Asset FTTGR/Palettes/Blocks/GrassGround34.asset using Guid(10fce89fe3f0e7d47a4f27055bf29b25) Importer(815301076,1909f56bfc062723c751e8b465ee728b) (PreviewImporter) -> (artifact id: '07f1a231ba01897ad849f8415bdba1e7') in 0.0096854 seconds
Number of updated asset objects reloaded before import = 0Number of asset objects unloaded after import = 3

========================================================================
Received Import Request.
  Time since last request: 0.000024 seconds.
  path: Assets/Sprites/props1_299.asset
  artifactKey: Guid(e7105b0ca9c82d7409a48be70246fc05) Importer(815301076,1909f56bfc062723c751e8b465ee728b)
Start importing Assets/Sprites/props1_299.asset using Guid(e7105b0ca9c82d7409a48be70246fc05) Importer(815301076,1909f56bfc062723c751e8b465ee728b) (PreviewImporter) -> (artifact id: 'b68e565edbc680ff52b4b18eacfaa16e') in 0.0086571 seconds
Number of updated asset objects reloaded before import = 0Number of asset objects unloaded after import = 3

========================================================================
Received Import Request.
  Time since last request: 0.000021 seconds.
  path: Assets/UnitystoreAssets/Cave Platformer Tileset/Individual PNG files/Tileset/bg_cave_greenish_32x32
  artifactKey: Guid(3cabb597615a71c4f9bb33921ca0d06a) Importer(815301076,1909f56bfc062723c751e8b465ee728b)
Start importing Assets/UnitystoreAssets/Cave Platformer Tileset/Individual PNG files/Tileset/bg_cave_greenish_32x32 using Guid(3cabb597615a71c4f9bb33921ca0d06a) Importer(815301076,1909f56bfc062723c751e8b465ee728b) (PreviewImporter) -> (artifact id: '781439ebe6c1c70c63fb2e81168dc798') in 0.0004889 seconds
Number of updated asset objects reloaded before import = 0Number of asset objects unloaded after import = 0

========================================================================
Received Import Request.
  Time since last request: 0.000024 seconds.
  path: Assets/Sprites/props1_914.asset
  artifactKey: Guid(572ff8b27e81e2b43a925608566a1401) Importer(815301076,1909f56bfc062723c751e8b465ee728b)
Start importing Assets/Sprites/props1_914.asset using Guid(572ff8b27e81e2b43a925608566a1401) Importer(815301076,1909f56bfc062723c751e8b465ee728b) (PreviewImporter) -> (artifact id: '88f76ca4ae0973008d2eedbc6d976e95') in 0.0133572 seconds
Number of updated asset objects reloaded before import = 0Number of asset objects unloaded after import = 3

========================================================================
Received Import Request.
  Time since last request: 0.000029 seconds.
  path: Assets/Sprites/mainlev_build_596.asset
  artifactKey: Guid(c9ead2816cce5d84d89ae8d24b539229) Importer(815301076,1909f56bfc062723c751e8b465ee728b)
Start importing Assets/Sprites/mainlev_build_596.asset using Guid(c9ead2816cce5d84d89ae8d24b539229) Importer(815301076,1909f56bfc062723c751e8b465ee728b) (PreviewImporter) -> (artifact id: '15e9aba35accd8843b738daaa3c993ad') in 0.0121449 seconds
Number of updated asset objects reloaded before import = 0Number of asset objects unloaded after import = 3

========================================================================
Received Import Request.
  Time since last request: 0.000021 seconds.
  path: Assets/Sprites/props1_1717.asset
  artifactKey: Guid(9ac0c957509406e46af4e19b8382400e) Importer(815301076,1909f56bfc062723c751e8b465ee728b)
Start importing Assets/Sprites/props1_1717.asset using Guid(9ac0c957509406e46af4e19b8382400e) Importer(815301076,1909f56bfc062723c751e8b465ee728b) (PreviewImporter) -> (artifact id: 'fb209c69e962a49afa2dadb9c82c37d3') in 0.014905 seconds
Number of updated asset objects reloaded before import = 0Number of asset objects unloaded after import = 3

========================================================================
Received Import Request.
  Time since last request: 0.000023 seconds.
  path: Assets/Sprites/props1_132.asset
  artifactKey: Guid(4ad2b89f844262c4e9f414c32844e124) Importer(815301076,1909f56bfc062723c751e8b465ee728b)
Start importing Assets/Sprites/props1_132.asset using Guid(4ad2b89f844262c4e9f414c32844e124) Importer(815301076,1909f56bfc062723c751e8b465ee728b) (PreviewImporter) -> (artifact id: '67e10e01971ad7407406d2dc590f6dd8') in 0.0139105 seconds
Number of updated asset objects reloaded before import = 0Number of asset objects unloaded after import = 3

========================================================================
Received Import Request.
  Time since last request: 0.000022 seconds.
  path: Assets/Sprites/props1_17.asset
  artifactKey: Guid(801906423084b1548bf6d3c93bdb2a00) Importer(815301076,1909f56bfc062723c751e8b465ee728b)
Start importing Assets/Sprites/props1_17.asset using Guid(801906423084b1548bf6d3c93bdb2a00) Importer(815301076,1909f56bfc062723c751e8b465ee728b) (PreviewImporter) -> (artifact id: '717e1895e31575dcb0e0dee1e0ca507a') in 0.0135019 seconds
Number of updated asset objects reloaded before import = 0Number of asset objects unloaded after import = 3

========================================================================
Received Import Request.
  Time since last request: 0.000023 seconds.
  path: Assets/UnitystoreAssets/Cave Platformer Tileset/Individual PNG files/Tileset/trees-trunk-dark/trees-trunk-dark-51.png
  artifactKey: Guid(180fd8ed36e210745927c46b18f3a8d7) Importer(815301076,1909f56bfc062723c751e8b465ee728b)
Start importing Assets/UnitystoreAssets/Cave Platformer Tileset/Individual PNG files/Tileset/trees-trunk-dark/trees-trunk-dark-51.png using Guid(180fd8ed36e210745927c46b18f3a8d7) Importer(815301076,1909f56bfc062723c751e8b465ee728b) (PreviewImporter) -> (artifact id: '3a315a97e17ffa90ba8d0209873d013b') in 0.0123596 seconds
Number of updated asset objects reloaded before import = 0Number of asset objects unloaded after import = 3

========================================================================
Received Import Request.
  Time since last request: 0.000022 seconds.
  path: Assets/UnitystoreAssets/Cainos/Pixel Art Platformer - Village Props/Prefab/PF Village Props - Stairs X32.prefab
  artifactKey: Guid(16a652d6d18817e4e8c0a8a7fd59d143) Importer(815301076,1909f56bfc062723c751e8b465ee728b)
Start importing Assets/UnitystoreAssets/Cainos/Pixel Art Platformer - Village Props/Prefab/PF Village Props - Stairs X32.prefab using Guid(16a652d6d18817e4e8c0a8a7fd59d143) Importer(815301076,1909f56bfc062723c751e8b465ee728b) (PreviewImporter) -> (artifact id: '3526ad2e677b81273a72412d29784ed8') in 0.0147075 seconds
Number of updated asset objects reloaded before import = 0Number of asset objects unloaded after import = 11

========================================================================
Received Import Request.
  Time since last request: 0.000023 seconds.
  path: Assets/UnitystoreAssets/2D Pixel Art Platformer Biome - American Forest/Tilemap/TileGround7.asset
  artifactKey: Guid(7a893bf30e8b23047a78c094f422fec4) Importer(815301076,1909f56bfc062723c751e8b465ee728b)
Start importing Assets/UnitystoreAssets/2D Pixel Art Platformer Biome - American Forest/Tilemap/TileGround7.asset using Guid(7a893bf30e8b23047a78c094f422fec4) Importer(815301076,1909f56bfc062723c751e8b465ee728b) (PreviewImporter) -> (artifact id: 'b95ea070165c5c0e87e773c29c800b22') in 0.0117755 seconds
Number of updated asset objects reloaded before import = 0Number of asset objects unloaded after import = 92

========================================================================
Received Import Request.
  Time since last request: 0.000030 seconds.
  path: Assets/UnitystoreAssets/Asset FTTGR/Palettes/Blocks/GroundWinter48.asset
  artifactKey: Guid(142e2fc5abd22b04a81f51c77a597ede) Importer(815301076,1909f56bfc062723c751e8b465ee728b)
Start importing Assets/UnitystoreAssets/Asset FTTGR/Palettes/Blocks/GroundWinter48.asset using Guid(142e2fc5abd22b04a81f51c77a597ede) Importer(815301076,1909f56bfc062723c751e8b465ee728b) (PreviewImporter) -> (artifact id: '7e1f5f2fdd5ebfcb872e10fa453ce699') in 0.0105258 seconds
Number of updated asset objects reloaded before import = 0Number of asset objects unloaded after import = 3

========================================================================
Received Import Request.
  Time since last request: 0.000021 seconds.
  path: Assets/Sprites/props1_331.asset
  artifactKey: Guid(178b6a71de1a8bd4592d97903f332241) Importer(815301076,1909f56bfc062723c751e8b465ee728b)
Start importing Assets/Sprites/props1_331.asset using Guid(178b6a71de1a8bd4592d97903f332241) Importer(815301076,1909f56bfc062723c751e8b465ee728b) (PreviewImporter) -> (artifact id: 'c03b9a308889fd1b8b930a29a6b78639') in 0.0135467 seconds
Number of updated asset objects reloaded before import = 0Number of asset objects unloaded after import = 3

========================================================================
Received Import Request.
  Time since last request: 0.000022 seconds.
  path: Assets/UnitystoreAssets/Cainos/Pixel Art Platformer - Village Props/Tileset Palette/TP Ground/TX Tileset Ground_133.asset
  artifactKey: Guid(87f93412d493ce84f8e2008a58c88eb2) Importer(815301076,1909f56bfc062723c751e8b465ee728b)
Start importing Assets/UnitystoreAssets/Cainos/Pixel Art Platformer - Village Props/Tileset Palette/TP Ground/TX Tileset Ground_133.asset using Guid(87f93412d493ce84f8e2008a58c88eb2) Importer(815301076,1909f56bfc062723c751e8b465ee728b) (PreviewImporter) -> (artifact id: 'f0c06215320da15fc877a8e6cf49fad8') in 0.0103799 seconds
Number of updated asset objects reloaded before import = 0Number of asset objects unloaded after import = 3

========================================================================
Received Import Request.
  Time since last request: 0.000021 seconds.
  path: Assets/Sprites/props1_74.asset
  artifactKey: Guid(0c8516404ae3cfe41810520d13efb232) Importer(815301076,1909f56bfc062723c751e8b465ee728b)
Start importing Assets/Sprites/props1_74.asset using Guid(0c8516404ae3cfe41810520d13efb232) Importer(815301076,1909f56bfc062723c751e8b465ee728b) (PreviewImporter) -> (artifact id: 'd89fe21d372fa5af5d2800d59ea0b0a6') in 0.0134725 seconds
Number of updated asset objects reloaded before import = 0Number of asset objects unloaded after import = 3

========================================================================
Received Import Request.
  Time since last request: 0.000021 seconds.
  path: Assets/UnitystoreAssets/Cave Platformer Tileset/Individual PNG files/Tileset/objects_misc_animated/object_misc_animated_26.png
  artifactKey: Guid(c9ca14c391c789e44854a725aebe5950) Importer(815301076,1909f56bfc062723c751e8b465ee728b)
Start importing Assets/UnitystoreAssets/Cave Platformer Tileset/Individual PNG files/Tileset/objects_misc_animated/object_misc_animated_26.png using Guid(c9ca14c391c789e44854a725aebe5950) Importer(815301076,1909f56bfc062723c751e8b465ee728b) (PreviewImporter) -> (artifact id: '641e19b33e471a41bd9044c7b9cca117') in 0.0124051 seconds
Number of updated asset objects reloaded before import = 0Number of asset objects unloaded after import = 3

========================================================================
Received Import Request.
  Time since last request: 0.000020 seconds.
  path: Assets/Sprites/mainlev_build_711.asset
  artifactKey: Guid(3039f8c4218d50a45bb2b8e161ce0b29) Importer(815301076,1909f56bfc062723c751e8b465ee728b)
Start importing Assets/Sprites/mainlev_build_711.asset using Guid(3039f8c4218d50a45bb2b8e161ce0b29) Importer(815301076,1909f56bfc062723c751e8b465ee728b) (PreviewImporter) -> (artifact id: '267056db9690ee31f471da62a40c2c20') in 0.0121257 seconds
Number of updated asset objects reloaded before import = 0Number of asset objects unloaded after import = 3

========================================================================
Received Import Request.
  Time since last request: 0.000021 seconds.
  path: Assets/Sprites/props1_73.asset
  artifactKey: Guid(d2fc7b41a29c9b1459442c3c9e2aba2e) Importer(815301076,1909f56bfc062723c751e8b465ee728b)
Start importing Assets/Sprites/props1_73.asset using Guid(d2fc7b41a29c9b1459442c3c9e2aba2e) Importer(815301076,1909f56bfc062723c751e8b465ee728b) (PreviewImporter) -> (artifact id: 'efa055d76e39adb13b4f37f3cf11040d') in 0.0149155 seconds
Number of updated asset objects reloaded before import = 0Number of asset objects unloaded after import = 3

========================================================================
Received Import Request.
  Time since last request: 0.000024 seconds.
  path: Assets/UnitystoreAssets/Cave Platformer Tileset/Individual PNG files/Tileset/objects_misc_animated/object_misc_animated_32.png
  artifactKey: Guid(6f466a90f88ab044e990fc6e8732378e) Importer(815301076,1909f56bfc062723c751e8b465ee728b)
Start importing Assets/UnitystoreAssets/Cave Platformer Tileset/Individual PNG files/Tileset/objects_misc_animated/object_misc_animated_32.png using Guid(6f466a90f88ab044e990fc6e8732378e) Importer(815301076,1909f56bfc062723c751e8b465ee728b) (PreviewImporter) -> (artifact id: 'cbd89f9e88fcc3e4af21a53e793bca47') in 0.01264 seconds
Number of updated asset objects reloaded before import = 0Number of asset objects unloaded after import = 3

========================================================================
Received Import Request.
  Time since last request: 0.000031 seconds.
  path: Assets/UnitystoreAssets/Cave Platformer Tileset/Individual PNG files/Tileset/trees-trunk-dark/trees-trunk-dark-56.png
  artifactKey: Guid(3ad7a7b3f847d26499ff4a7bda7a0c8d) Importer(815301076,1909f56bfc062723c751e8b465ee728b)
Start importing Assets/UnitystoreAssets/Cave Platformer Tileset/Individual PNG files/Tileset/trees-trunk-dark/trees-trunk-dark-56.png using Guid(3ad7a7b3f847d26499ff4a7bda7a0c8d) Importer(815301076,1909f56bfc062723c751e8b465ee728b) (PreviewImporter) -> (artifact id: 'a7599db48f0c9d87a62b418547b4903b') in 0.0123045 seconds
Number of updated asset objects reloaded before import = 0Number of asset objects unloaded after import = 3

========================================================================
Received Import Request.
  Time since last request: 0.000020 seconds.
  path: Assets/Sprites/mainlev_build_301.asset
  artifactKey: Guid(87a6b247b45ded941b9f23440665b7ee) Importer(815301076,1909f56bfc062723c751e8b465ee728b)
Start importing Assets/Sprites/mainlev_build_301.asset using Guid(87a6b247b45ded941b9f23440665b7ee) Importer(815301076,1909f56bfc062723c751e8b465ee728b) (PreviewImporter) -> (artifact id: '4b85a10de3896992134108c332771919') in 0.0119479 seconds
Number of updated asset objects reloaded before import = 0Number of asset objects unloaded after import = 3

========================================================================
Received Import Request.
  Time since last request: 0.000021 seconds.
  path: Assets/Sprites/mainlev_build_53.asset
  artifactKey: Guid(f95645c0b819df44b9d89742cf1a5c73) Importer(815301076,1909f56bfc062723c751e8b465ee728b)
Start importing Assets/Sprites/mainlev_build_53.asset using Guid(f95645c0b819df44b9d89742cf1a5c73) Importer(815301076,1909f56bfc062723c751e8b465ee728b) (PreviewImporter) -> (artifact id: '6efac619e5c225b32fa3db60ed335f9d') in 0.011862 seconds
Number of updated asset objects reloaded before import = 0Number of asset objects unloaded after import = 3

========================================================================
Received Import Request.
  Time since last request: 0.000021 seconds.
  path: Assets/Sprites/props1_1763.asset
  artifactKey: Guid(ea8e7c4e6c93c0640ae2e3ac01125bde) Importer(815301076,1909f56bfc062723c751e8b465ee728b)
Start importing Assets/Sprites/props1_1763.asset using Guid(ea8e7c4e6c93c0640ae2e3ac01125bde) Importer(815301076,1909f56bfc062723c751e8b465ee728b) (PreviewImporter) -> (artifact id: '49341193dfd45147ad55c1923cf456ef') in 0.0136597 seconds
Number of updated asset objects reloaded before import = 0Number of asset objects unloaded after import = 3

========================================================================
Received Import Request.
  Time since last request: 0.000023 seconds.
  path: Assets/Sprites/props1_1704.asset
  artifactKey: Guid(49a6b85386d9d364fbe6e8bc3ed8df3d) Importer(815301076,1909f56bfc062723c751e8b465ee728b)
Start importing Assets/Sprites/props1_1704.asset using Guid(49a6b85386d9d364fbe6e8bc3ed8df3d) Importer(815301076,1909f56bfc062723c751e8b465ee728b) (PreviewImporter) -> (artifact id: 'a145f139e26c3db9976e5cf83a860494') in 0.0158041 seconds
Number of updated asset objects reloaded before import = 0Number of asset objects unloaded after import = 3

========================================================================
Received Import Request.
  Time since last request: 0.000021 seconds.
  path: Assets/Sprites/props1_1787.asset
  artifactKey: Guid(f0af5d7357279934dbbb91b2acd099ea) Importer(815301076,1909f56bfc062723c751e8b465ee728b)
Start importing Assets/Sprites/props1_1787.asset using Guid(f0af5d7357279934dbbb91b2acd099ea) Importer(815301076,1909f56bfc062723c751e8b465ee728b) (PreviewImporter) -> (artifact id: '230ce2efcb1c51ae52cef0c1965dd362') in 0.0133287 seconds
Number of updated asset objects reloaded before import = 0Number of asset objects unloaded after import = 3

========================================================================
Received Import Request.
  Time since last request: 0.000025 seconds.
  path: Assets/Sprites/props1_1981.asset
  artifactKey: Guid(e4ffe2ce5536fda44902d5a78974b240) Importer(815301076,1909f56bfc062723c751e8b465ee728b)
Start importing Assets/Sprites/props1_1981.asset using Guid(e4ffe2ce5536fda44902d5a78974b240) Importer(815301076,1909f56bfc062723c751e8b465ee728b) (PreviewImporter) -> (artifact id: '6980ae66f4afe2c33d176cf68b594ede') in 0.0136439 seconds
Number of updated asset objects reloaded before import = 0Number of asset objects unloaded after import = 3

========================================================================
Received Import Request.
  Time since last request: 0.000031 seconds.
  path: Assets/Sprites/mainlev_build_480.asset
  artifactKey: Guid(59165c0ba611d4e44ba58b1d943067f0) Importer(815301076,1909f56bfc062723c751e8b465ee728b)
Start importing Assets/Sprites/mainlev_build_480.asset using Guid(59165c0ba611d4e44ba58b1d943067f0) Importer(815301076,1909f56bfc062723c751e8b465ee728b) (PreviewImporter) -> (artifact id: '4c7e215f3513dbec2b0a28521f086fc9') in 0.0122709 seconds
Number of updated asset objects reloaded before import = 0Number of asset objects unloaded after import = 3

========================================================================
Received Import Request.
  Time since last request: 0.000021 seconds.
  path: Assets/UnitystoreAssets/Cave Platformer Tileset/Individual PNG files/Tileset/trees-trunk-grey/trees-trunk-grey-46.png
  artifactKey: Guid(4f9fca9355190004293e35949a7422a0) Importer(815301076,1909f56bfc062723c751e8b465ee728b)
Start importing Assets/UnitystoreAssets/Cave Platformer Tileset/Individual PNG files/Tileset/trees-trunk-grey/trees-trunk-grey-46.png using Guid(4f9fca9355190004293e35949a7422a0) Importer(815301076,1909f56bfc062723c751e8b465ee728b) (PreviewImporter) -> (artifact id: '4e7862661e4579ebe3e9cb81bf6b3853') in 0.0128501 seconds
Number of updated asset objects reloaded before import = 0Number of asset objects unloaded after import = 3

========================================================================
Received Import Request.
  Time since last request: 0.000021 seconds.
  path: Assets/UnitystoreAssets/Cave Platformer Tileset/Individual PNG files/Tileset/bg_cave_greenish_16x16/bg_cave_greenish_16x16_tile_07.png
  artifactKey: Guid(426dfc40db1611d4186f40bfe86f7ca6) Importer(815301076,1909f56bfc062723c751e8b465ee728b)
Start importing Assets/UnitystoreAssets/Cave Platformer Tileset/Individual PNG files/Tileset/bg_cave_greenish_16x16/bg_cave_greenish_16x16_tile_07.png using Guid(426dfc40db1611d4186f40bfe86f7ca6) Importer(815301076,1909f56bfc062723c751e8b465ee728b) (PreviewImporter) -> (artifact id: 'd2c9d2b4d40932e9757548cd8bf44266') in 0.0125686 seconds
Number of updated asset objects reloaded before import = 0Number of asset objects unloaded after import = 3

========================================================================
Received Import Request.
  Time since last request: 0.000023 seconds.
  path: Assets/Sprites/mainlev_build_223.asset
  artifactKey: Guid(aadc43ed9e78ab64fac6c521da2d68ca) Importer(815301076,1909f56bfc062723c751e8b465ee728b)
Start importing Assets/Sprites/mainlev_build_223.asset using Guid(aadc43ed9e78ab64fac6c521da2d68ca) Importer(815301076,1909f56bfc062723c751e8b465ee728b) (PreviewImporter) -> (artifact id: '568829578c35fbd32d4fbbeb5a032370') in 0.0129835 seconds
Number of updated asset objects reloaded before import = 0Number of asset objects unloaded after import = 3

========================================================================
Received Import Request.
  Time since last request: 0.000021 seconds.
  path: Assets/UnitystoreAssets/Cainos/Pixel Art Platformer - Village Props/Tileset Palette/TP Ground/TX Tileset Ground_12.asset
  artifactKey: Guid(ad1654d7c7b4f0841ab6333b8ef09583) Importer(815301076,1909f56bfc062723c751e8b465ee728b)
Start importing Assets/UnitystoreAssets/Cainos/Pixel Art Platformer - Village Props/Tileset Palette/TP Ground/TX Tileset Ground_12.asset using Guid(ad1654d7c7b4f0841ab6333b8ef09583) Importer(815301076,1909f56bfc062723c751e8b465ee728b) (PreviewImporter) -> (artifact id: 'd6dddc8bc8a61b7f87c0a521e01791ac') in 0.0112792 seconds
Number of updated asset objects reloaded before import = 0Number of asset objects unloaded after import = 3

========================================================================
Received Import Request.
  Time since last request: 0.000021 seconds.
  path: Assets/UnitystoreAssets/Asset FTTGR/Palettes/Decorations/GroundInBackground46.asset
  artifactKey: Guid(d1085858076d6c9408841409ec7a0a04) Importer(815301076,1909f56bfc062723c751e8b465ee728b)
Start importing Assets/UnitystoreAssets/Asset FTTGR/Palettes/Decorations/GroundInBackground46.asset using Guid(d1085858076d6c9408841409ec7a0a04) Importer(815301076,1909f56bfc062723c751e8b465ee728b) (PreviewImporter) -> (artifact id: '71389a7f104a0a96e0638d34c5782aa9') in 0.0096844 seconds
Number of updated asset objects reloaded before import = 0Number of asset objects unloaded after import = 3

========================================================================
Received Import Request.
  Time since last request: 0.000021 seconds.
  path: Assets/Sprites/mainlev_build_97.asset
  artifactKey: Guid(95f901df0677d0a48bf346de15128e2b) Importer(815301076,1909f56bfc062723c751e8b465ee728b)
Start importing Assets/Sprites/mainlev_build_97.asset using Guid(95f901df0677d0a48bf346de15128e2b) Importer(815301076,1909f56bfc062723c751e8b465ee728b) (PreviewImporter) -> (artifact id: '8eaa63b54f9a29402a3d455a75d9c79f') in 0.0123314 seconds
Number of updated asset objects reloaded before import = 0Number of asset objects unloaded after import = 3

========================================================================
Received Import Request.
  Time since last request: 0.000023 seconds.
  path: Assets/Sprites/props1_885.asset
  artifactKey: Guid(aaa28944256e45641842f4a617444f60) Importer(815301076,1909f56bfc062723c751e8b465ee728b)
Start importing Assets/Sprites/props1_885.asset using Guid(aaa28944256e45641842f4a617444f60) Importer(815301076,1909f56bfc062723c751e8b465ee728b) (PreviewImporter) -> (artifact id: '4cc007254cc066eab07f966eed4c070c') in 0.0137723 seconds
Number of updated asset objects reloaded before import = 0Number of asset objects unloaded after import = 3

========================================================================
Received Import Request.
  Time since last request: 0.000029 seconds.
  path: Assets/Sprites/props1_453.asset
  artifactKey: Guid(c759e3ce1ba15354e9d5c562169f22f8) Importer(815301076,1909f56bfc062723c751e8b465ee728b)
Start importing Assets/Sprites/props1_453.asset using Guid(c759e3ce1ba15354e9d5c562169f22f8) Importer(815301076,1909f56bfc062723c751e8b465ee728b) (PreviewImporter) -> (artifact id: 'd7d5f38dcad9539e13fb5f05212bd312') in 0.0142661 seconds
Number of updated asset objects reloaded before import = 0Number of asset objects unloaded after import = 3

========================================================================
Received Import Request.
  Time since last request: 0.000023 seconds.
  path: Assets/Sprites/props1_1169.asset
  artifactKey: Guid(c1bbeaade8e6e604495fa42f3ec34e30) Importer(815301076,1909f56bfc062723c751e8b465ee728b)
Start importing Assets/Sprites/props1_1169.asset using Guid(c1bbeaade8e6e604495fa42f3ec34e30) Importer(815301076,1909f56bfc062723c751e8b465ee728b) (PreviewImporter) -> (artifact id: '1d1cdbddccbeb9ec7f1162d97745ba9c') in 0.0188703 seconds
Number of updated asset objects reloaded before import = 0Number of asset objects unloaded after import = 3

========================================================================
Received Import Request.
  Time since last request: 0.000021 seconds.
  path: Assets/Sprites/props1_1317.asset
  artifactKey: Guid(976352074829f0a40a7f29522f40e070) Importer(815301076,1909f56bfc062723c751e8b465ee728b)
Start importing Assets/Sprites/props1_1317.asset using Guid(976352074829f0a40a7f29522f40e070) Importer(815301076,1909f56bfc062723c751e8b465ee728b) (PreviewImporter) -> (artifact id: 'bbadb097bfc9851a78ea2b01167cf206') in 0.0137978 seconds
Number of updated asset objects reloaded before import = 0Number of asset objects unloaded after import = 3

========================================================================
Received Import Request.
  Time since last request: 0.000022 seconds.
  path: Assets/Sprites/props1_868.asset
  artifactKey: Guid(e9789850d941d05478b750ce2975dd23) Importer(815301076,1909f56bfc062723c751e8b465ee728b)
Start importing Assets/Sprites/props1_868.asset using Guid(e9789850d941d05478b750ce2975dd23) Importer(815301076,1909f56bfc062723c751e8b465ee728b) (PreviewImporter) -> (artifact id: 'cf004422b2eebfbff8a44c5de79f64fa') in 0.0136312 seconds
Number of updated asset objects reloaded before import = 0Number of asset objects unloaded after import = 3

========================================================================
Received Import Request.
  Time since last request: 0.000025 seconds.
  path: Assets/UnitystoreAssets/Cainos/Pixel Art Platformer - Village Props/Tileset Palette/TP Ground/TX Tileset Ground_94.asset
  artifactKey: Guid(2f470b1bb80d3074b993a8605908c914) Importer(815301076,1909f56bfc062723c751e8b465ee728b)
Start importing Assets/UnitystoreAssets/Cainos/Pixel Art Platformer - Village Props/Tileset Palette/TP Ground/TX Tileset Ground_94.asset using Guid(2f470b1bb80d3074b993a8605908c914) Importer(815301076,1909f56bfc062723c751e8b465ee728b) (PreviewImporter) -> (artifact id: 'b92bdcdc8b3d292b01f64b0354d15dd7') in 0.0051142 seconds
Number of updated asset objects reloaded before import = 0Number of asset objects unloaded after import = 3

========================================================================
Received Import Request.
  Time since last request: 0.000021 seconds.
  path: Assets/Sprites/props1_2184.asset
  artifactKey: Guid(3e34ba4ad165ab0458e80c71f5b49ab0) Importer(815301076,1909f56bfc062723c751e8b465ee728b)
Start importing Assets/Sprites/props1_2184.asset using Guid(3e34ba4ad165ab0458e80c71f5b49ab0) Importer(815301076,1909f56bfc062723c751e8b465ee728b) (PreviewImporter) -> (artifact id: '619a54f2b3efce39bc2a3d7a4bd0fd57') in 0.0136125 seconds
Number of updated asset objects reloaded before import = 0Number of asset objects unloaded after import = 3

========================================================================
Received Import Request.
  Time since last request: 0.000023 seconds.
  path: Assets/UnitystoreAssets/Cave Platformer Tileset/Individual PNG files/Tileset/bg_cave_greenish_16x32/bg_cave_greenish_16x32_tile_01.png
  artifactKey: Guid(5ec3ba5fecfd4c8488e96d294b68c9f3) Importer(815301076,1909f56bfc062723c751e8b465ee728b)
Start importing Assets/UnitystoreAssets/Cave Platformer Tileset/Individual PNG files/Tileset/bg_cave_greenish_16x32/bg_cave_greenish_16x32_tile_01.png using Guid(5ec3ba5fecfd4c8488e96d294b68c9f3) Importer(815301076,1909f56bfc062723c751e8b465ee728b) (PreviewImporter) -> (artifact id: '3d4b1dd2da6c6d8543c968dde3b5b02c') in 0.016713 seconds
Number of updated asset objects reloaded before import = 0Number of asset objects unloaded after import = 3

========================================================================
Received Import Request.
  Time since last request: 0.000031 seconds.
  path: Assets/UnitystoreAssets/Asset FTTGR/Palettes/Blocks/Bricks6.asset
  artifactKey: Guid(49fece184af556b4f9f0fcf952a00fd4) Importer(815301076,1909f56bfc062723c751e8b465ee728b)
Start importing Assets/UnitystoreAssets/Asset FTTGR/Palettes/Blocks/Bricks6.asset using Guid(49fece184af556b4f9f0fcf952a00fd4) Importer(815301076,1909f56bfc062723c751e8b465ee728b) (PreviewImporter) -> (artifact id: 'fc6a9914390901f452ab2313fde5a5a8') in 0.0095983 seconds
Number of updated asset objects reloaded before import = 0Number of asset objects unloaded after import = 3

========================================================================
Received Import Request.
  Time since last request: 0.000021 seconds.
  path: Assets/Sprites/props1_1088.asset
  artifactKey: Guid(b83eedb663c3209419dd8bf0797b78a0) Importer(815301076,1909f56bfc062723c751e8b465ee728b)
Start importing Assets/Sprites/props1_1088.asset using Guid(b83eedb663c3209419dd8bf0797b78a0) Importer(815301076,1909f56bfc062723c751e8b465ee728b) (PreviewImporter) -> (artifact id: '1bd4c914df16834437b882783e74e305') in 0.018268 seconds
Number of updated asset objects reloaded before import = 0Number of asset objects unloaded after import = 3

========================================================================
Received Import Request.
  Time since last request: 0.000022 seconds.
  path: Assets/Sprites/mainlev_build_220.asset
  artifactKey: Guid(67d23a8bf13de8d4681f56b821f9f116) Importer(815301076,1909f56bfc062723c751e8b465ee728b)
Start importing Assets/Sprites/mainlev_build_220.asset using Guid(67d23a8bf13de8d4681f56b821f9f116) Importer(815301076,1909f56bfc062723c751e8b465ee728b) (PreviewImporter) -> (artifact id: 'acd079466d38976b09bab21f45b79851') in 0.0125748 seconds
Number of updated asset objects reloaded before import = 0Number of asset objects unloaded after import = 3

========================================================================
Received Import Request.
  Time since last request: 0.000022 seconds.
  path: Assets/Sprites/props1_1195.asset
  artifactKey: Guid(d7b70def9677b6a4d9d6251f471d6b8a) Importer(815301076,1909f56bfc062723c751e8b465ee728b)
Start importing Assets/Sprites/props1_1195.asset using Guid(d7b70def9677b6a4d9d6251f471d6b8a) Importer(815301076,1909f56bfc062723c751e8b465ee728b) (PreviewImporter) -> (artifact id: '0036503e6ab8865399a67501b55224b1') in 0.0146558 seconds
Number of updated asset objects reloaded before import = 0Number of asset objects unloaded after import = 3

========================================================================
Received Import Request.
  Time since last request: 0.000024 seconds.
  path: Assets/Sprites/mainlev_build_522.asset
  artifactKey: Guid(5e567b331d9faa84ab0e4a4ecb9f5165) Importer(815301076,1909f56bfc062723c751e8b465ee728b)
Start importing Assets/Sprites/mainlev_build_522.asset using Guid(5e567b331d9faa84ab0e4a4ecb9f5165) Importer(815301076,1909f56bfc062723c751e8b465ee728b) (PreviewImporter) -> (artifact id: '5d1ddf195c8d3730e240d7924feae873') in 0.0129017 seconds
Number of updated asset objects reloaded before import = 0Number of asset objects unloaded after import = 3

========================================================================
Received Import Request.
  Time since last request: 0.000045 seconds.
  path: Assets/Sprites/props1_1640.asset
  artifactKey: Guid(4ed6d0b822439ec47a8b55995ada78e0) Importer(815301076,1909f56bfc062723c751e8b465ee728b)
Start importing Assets/Sprites/props1_1640.asset using Guid(4ed6d0b822439ec47a8b55995ada78e0) Importer(815301076,1909f56bfc062723c751e8b465ee728b) (PreviewImporter) -> (artifact id: '75bd492d7fe10f059571812a34ad07c5') in 0.0146678 seconds
Number of updated asset objects reloaded before import = 0Number of asset objects unloaded after import = 3

========================================================================
Received Import Request.
  Time since last request: 0.000027 seconds.
  path: Assets/Sprites/props1_349.asset
  artifactKey: Guid(61a055d0d1a9c0f4d8ea06ad57b5a6bf) Importer(815301076,1909f56bfc062723c751e8b465ee728b)
Start importing Assets/Sprites/props1_349.asset using Guid(61a055d0d1a9c0f4d8ea06ad57b5a6bf) Importer(815301076,1909f56bfc062723c751e8b465ee728b) (PreviewImporter) -> (artifact id: '03285fae81c1a37f27c6c326f18bdb8c') in 0.0215118 seconds
Number of updated asset objects reloaded before import = 0Number of asset objects unloaded after import = 3

========================================================================
Received Import Request.
  Time since last request: 0.000032 seconds.
  path: Assets/Sprites/props1_37.asset
  artifactKey: Guid(42660c76871cd3e4ab35e17959c67895) Importer(815301076,1909f56bfc062723c751e8b465ee728b)
Start importing Assets/Sprites/props1_37.asset using Guid(42660c76871cd3e4ab35e17959c67895) Importer(815301076,1909f56bfc062723c751e8b465ee728b) (PreviewImporter) -> (artifact id: 'fc19548d5e08cda6366a9833e3b7c00b') in 0.0143402 seconds
Number of updated asset objects reloaded before import = 0Number of asset objects unloaded after import = 3

========================================================================
Received Import Request.
  Time since last request: 0.000022 seconds.
  path: Assets/UnitystoreAssets/Cave Platformer Tileset/Individual PNG files/Tileset/trees-trunk-darkbrown/trees-trunk-darkbrown-71.png
  artifactKey: Guid(1d27447af9c10944ca4934a5e2b354e1) Importer(815301076,1909f56bfc062723c751e8b465ee728b)
Start importing Assets/UnitystoreAssets/Cave Platformer Tileset/Individual PNG files/Tileset/trees-trunk-darkbrown/trees-trunk-darkbrown-71.png using Guid(1d27447af9c10944ca4934a5e2b354e1) Importer(815301076,1909f56bfc062723c751e8b465ee728b) (PreviewImporter) -> (artifact id: '6b74915c6e9b69f387f0266f9bb48132') in 0.0205417 seconds
Number of updated asset objects reloaded before import = 0Number of asset objects unloaded after import = 3

========================================================================
Received Import Request.
  Time since last request: 0.000025 seconds.
  path: Assets/Sprites/props1_79.asset
  artifactKey: Guid(033eb655f2559c74ea90476c5900b9b5) Importer(815301076,1909f56bfc062723c751e8b465ee728b)
Start importing Assets/Sprites/props1_79.asset using Guid(033eb655f2559c74ea90476c5900b9b5) Importer(815301076,1909f56bfc062723c751e8b465ee728b) (PreviewImporter) -> (artifact id: '3c8d8e2b219e9bfe2e6bcb0971f3f0c9') in 0.0145537 seconds
Number of updated asset objects reloaded before import = 0Number of asset objects unloaded after import = 3

========================================================================
Received Import Request.
  Time since last request: 0.000022 seconds.
  path: Assets/UnitystoreAssets/Cave Platformer Tileset/Individual PNG files/Tileset/parallax_cave_tops
  artifactKey: Guid(553666a41246d92499dc2ade2f519058) Importer(815301076,1909f56bfc062723c751e8b465ee728b)
Start importing Assets/UnitystoreAssets/Cave Platformer Tileset/Individual PNG files/Tileset/parallax_cave_tops using Guid(553666a41246d92499dc2ade2f519058) Importer(815301076,1909f56bfc062723c751e8b465ee728b) (PreviewImporter) -> (artifact id: 'f20767f5591997e687b4994688974ab9') in 0.0005146 seconds
Number of updated asset objects reloaded before import = 0Number of asset objects unloaded after import = 0

========================================================================
Received Import Request.
  Time since last request: 0.000031 seconds.
  path: Assets/Sprites/props1_1501.asset
  artifactKey: Guid(ad679311d252b1849915b388bafea90a) Importer(815301076,1909f56bfc062723c751e8b465ee728b)
Start importing Assets/Sprites/props1_1501.asset using Guid(ad679311d252b1849915b388bafea90a) Importer(815301076,1909f56bfc062723c751e8b465ee728b) (PreviewImporter) -> (artifact id: 'ed44cd95b11260f45d943915aeb9044e') in 0.0153981 seconds
Number of updated asset objects reloaded before import = 0Number of asset objects unloaded after import = 3

========================================================================
Received Import Request.
  Time since last request: 0.000022 seconds.
  path: Assets/Sprites/props1_1445.asset
  artifactKey: Guid(a6932758bc00c82438cc41208cc26cb1) Importer(815301076,1909f56bfc062723c751e8b465ee728b)
Start importing Assets/Sprites/props1_1445.asset using Guid(a6932758bc00c82438cc41208cc26cb1) Importer(815301076,1909f56bfc062723c751e8b465ee728b) (PreviewImporter) -> (artifact id: 'f951760a40fb6e6329d42dca557fbcd7') in 0.014495 seconds
Number of updated asset objects reloaded before import = 0Number of asset objects unloaded after import = 3

========================================================================
Received Import Request.
  Time since last request: 0.000024 seconds.
  path: Assets/Sprites/props1_827.asset
  artifactKey: Guid(924f6f32c1ff6a94eb97fac62a434dab) Importer(815301076,1909f56bfc062723c751e8b465ee728b)
Start importing Assets/Sprites/props1_827.asset using Guid(924f6f32c1ff6a94eb97fac62a434dab) Importer(815301076,1909f56bfc062723c751e8b465ee728b) (PreviewImporter) -> (artifact id: '8fa9556c515710bc564ce098e4778534') in 0.0153697 seconds
Number of updated asset objects reloaded before import = 0Number of asset objects unloaded after import = 3

========================================================================
Received Import Request.
  Time since last request: 0.000031 seconds.
  path: Assets/Sprites/mainlev_build_228.asset
  artifactKey: Guid(28e770cfe486054498e7b0ef6bf878f8) Importer(815301076,1909f56bfc062723c751e8b465ee728b)
Start importing Assets/Sprites/mainlev_build_228.asset using Guid(28e770cfe486054498e7b0ef6bf878f8) Importer(815301076,1909f56bfc062723c751e8b465ee728b) (PreviewImporter) -> (artifact id: 'f3b9ebdd0590b5ba20948fb3c560bf41') in 0.0119731 seconds
Number of updated asset objects reloaded before import = 0Number of asset objects unloaded after import = 3

========================================================================
Received Import Request.
  Time since last request: 0.000026 seconds.
  path: Assets/Sprites/mainlev_build_404.asset
  artifactKey: Guid(36f74b4a98c2a0445ad37c3766d7c36d) Importer(815301076,1909f56bfc062723c751e8b465ee728b)
Start importing Assets/Sprites/mainlev_build_404.asset using Guid(36f74b4a98c2a0445ad37c3766d7c36d) Importer(815301076,1909f56bfc062723c751e8b465ee728b) (PreviewImporter) -> (artifact id: 'ba26e8b204b7fd865ba316a4f5a06c6c') in 0.1040472 seconds
Number of updated asset objects reloaded before import = 0Number of asset objects unloaded after import = 3

========================================================================
Received Import Request.
  Time since last request: 0.000022 seconds.
  path: Assets/Sprites/props1_1731.asset
  artifactKey: Guid(abde59394bc908d4c9c75d737a847dae) Importer(815301076,1909f56bfc062723c751e8b465ee728b)
Start importing Assets/Sprites/props1_1731.asset using Guid(abde59394bc908d4c9c75d737a847dae) Importer(815301076,1909f56bfc062723c751e8b465ee728b) (PreviewImporter) -> (artifact id: '88efc5473fa6adac3a6f0f61b8e05d34') in 0.0153109 seconds
Number of updated asset objects reloaded before import = 0Number of asset objects unloaded after import = 3

========================================================================
Received Import Request.
  Time since last request: 0.000027 seconds.
  path: Assets/Sprites/props1_1111.asset
  artifactKey: Guid(c7805e2ad186a2d4db7a1478f5bbdbb7) Importer(815301076,1909f56bfc062723c751e8b465ee728b)
Start importing Assets/Sprites/props1_1111.asset using Guid(c7805e2ad186a2d4db7a1478f5bbdbb7) Importer(815301076,1909f56bfc062723c751e8b465ee728b) (PreviewImporter) -> (artifact id: '45758476bd500ef6236f23d4ade5695f') in 0.0150406 seconds
Number of updated asset objects reloaded before import = 0Number of asset objects unloaded after import = 3

========================================================================
Received Import Request.
  Time since last request: 0.000025 seconds.
  path: Assets/Sprites/props1_1720.asset
  artifactKey: Guid(b572889c1b73c0341870c721902a61fe) Importer(815301076,1909f56bfc062723c751e8b465ee728b)
Start importing Assets/Sprites/props1_1720.asset using Guid(b572889c1b73c0341870c721902a61fe) Importer(815301076,1909f56bfc062723c751e8b465ee728b) (PreviewImporter) -> (artifact id: 'a1226b102fd85cf71b8bbe263793ba81') in 0.0134355 seconds
Number of updated asset objects reloaded before import = 0Number of asset objects unloaded after import = 3

========================================================================
Received Import Request.
  Time since last request: 0.000033 seconds.
  path: Assets/Sprites/mainlev_build_893.asset
  artifactKey: Guid(b5fc29a8583210a42b2e8a90706af934) Importer(815301076,1909f56bfc062723c751e8b465ee728b)
Start importing Assets/Sprites/mainlev_build_893.asset using Guid(b5fc29a8583210a42b2e8a90706af934) Importer(815301076,1909f56bfc062723c751e8b465ee728b) (PreviewImporter) -> (artifact id: 'd929a3739a1f744ec630910d9e158afb') in 0.0127107 seconds
Number of updated asset objects reloaded before import = 0Number of asset objects unloaded after import = 3

========================================================================
Received Import Request.
  Time since last request: 0.000028 seconds.
  path: Assets/UnitystoreAssets/Cave Platformer Tileset/Individual PNG files/Tileset/trees-trunk-grey/trees-trunk-grey-56.png
  artifactKey: Guid(a6cd3336b7ba098489cf9faf594a924f) Importer(815301076,1909f56bfc062723c751e8b465ee728b)
Start importing Assets/UnitystoreAssets/Cave Platformer Tileset/Individual PNG files/Tileset/trees-trunk-grey/trees-trunk-grey-56.png using Guid(a6cd3336b7ba098489cf9faf594a924f) Importer(815301076,1909f56bfc062723c751e8b465ee728b) (PreviewImporter) -> (artifact id: 'f386e32ed390837f6824b7192bb4a90d') in 0.0132837 seconds
Number of updated asset objects reloaded before import = 0Number of asset objects unloaded after import = 3

========================================================================
Received Import Request.
  Time since last request: 0.000021 seconds.
  path: Assets/UnitystoreAssets/Asset FTTGR/Palettes/Blocks/GroundWinter46.asset
  artifactKey: Guid(dde8abe274d295f439bf7dc545cf254b) Importer(815301076,1909f56bfc062723c751e8b465ee728b)
Start importing Assets/UnitystoreAssets/Asset FTTGR/Palettes/Blocks/GroundWinter46.asset using Guid(dde8abe274d295f439bf7dc545cf254b) Importer(815301076,1909f56bfc062723c751e8b465ee728b) (PreviewImporter) -> (artifact id: '1872ae0a2b6f3fb9b8a5efe3cf193307') in 0.0099202 seconds
Number of updated asset objects reloaded before import = 0Number of asset objects unloaded after import = 3

========================================================================
Received Import Request.
  Time since last request: 0.000024 seconds.
  path: Assets/Sprites/props1_1403.asset
  artifactKey: Guid(a143f36dd4943304e93308cf43c2be62) Importer(815301076,1909f56bfc062723c751e8b465ee728b)
Start importing Assets/Sprites/props1_1403.asset using Guid(a143f36dd4943304e93308cf43c2be62) Importer(815301076,1909f56bfc062723c751e8b465ee728b) (PreviewImporter) -> (artifact id: '24094adf00b13c077be1764daceb0069') in 0.0151588 seconds
Number of updated asset objects reloaded before import = 0Number of asset objects unloaded after import = 3

========================================================================
Received Import Request.
  Time since last request: 0.000024 seconds.
  path: Assets/Sprites/props1_2006.asset
  artifactKey: Guid(d6628403291f4b942bceae33cfd2ac95) Importer(815301076,1909f56bfc062723c751e8b465ee728b)
Start importing Assets/Sprites/props1_2006.asset using Guid(d6628403291f4b942bceae33cfd2ac95) Importer(815301076,1909f56bfc062723c751e8b465ee728b) (PreviewImporter) -> (artifact id: '1b81a993bd71aa7283df0fef9079c2a1') in 0.010382 seconds
Number of updated asset objects reloaded before import = 0Number of asset objects unloaded after import = 3

